report_date,player,player_team,opponent,home_away,matchup,prop_type,line,over_odds,bookmaker,season_avg,recent_5_avg,median,std_dev,min,max,games_analyzed,times_over,times_under,times_push,over_rate_pct,is_back_to_back,days_rest,recent_mins_avg,season_mins_avg,minutes_factor,opp_defense_factor,opp_defense_rank,team_pace_factor,opp_pace_factor,combined_pace,vegas_game_total,blowout_risk,model_projection,base_projection,edge_pct,confidence_pct,recommended_pick,context_flags,adj_defense_pct,adj_location_pct,adj_b2b_pct,adj_pace_pct,adj_game_total_pct,adj_blowout_pct,adj_minutes_pct
12-06-2025,Mouhamed Gueye,ATL,WAS,AWAY,ATL @ WAS,assists,0.5,-110,betmgm,1.0,0.4,0.5,1.57,0.0,7.0,24,12,12,0,50.0,True,2,20.6,17.5,1.177,1.113,2,1.007,1.015,1.011,237.5,MEDIUM,1.5,1.4,204.7,25.0,OVER,üí• SMASH SPOT | ‚ö†Ô∏è B2B | ‚è∞ MINS UP,11.3,-2.5,-8.0,1.1,0.0,-2.0,10.0
12-06-2025,Bogdan Bogdanovic,LAC,MIN,AWAY,LAC @ MIN,assists,1.5,-191,draftkings,3.3,4.0,3.0,1.94,0.0,6.0,9,7,2,0,77.8,False,2,27.8,25.6,1.088,0.973,19,0.976,1.005,0.99,227.5,MEDIUM,3.3,3.3,120.4,50.0,OVER,‚è∞ MINS UP,-2.7,-2.5,0.0,-1.0,0.0,-2.0,8.8
12-06-2025,Terrence Shannon Jr.,MIN,LAC,HOME,LAC @ MIN,assists,0.5,-115,betmgm,0.8,0.6,1.0,1.34,0.0,5.0,13,7,6,0,53.8,False,2,12.6,14.2,0.89,1.021,9,1.005,0.976,0.99,227.5,MEDIUM,1.1,1.2,119.4,45.0,OVER,‚è∞ MINS DOWN,2.1,2.5,0.0,-1.0,0.0,-2.0,-10.0
12-06-2025,Jericho Sims,MIL,DET,AWAY,MIL @ DET,rebounds,7.5,120,fanduel,3.7,8.0,2.5,3.88,0.0,14.0,18,3,15,0,16.7,True,2,23.6,13.5,1.748,0.969,23,0.991,1.002,0.996,224.5,HIGH,1.5,1.7,-79.5,55.0,UNDER,‚ö†Ô∏è B2B | üí® BLOWOUT RISK | ‚è∞ MINS UP,-3.1,-2.5,-8.0,-0.4,0.0,-5.0,10.0
12-06-2025,Trey Murphy III,NOP,BKN,AWAY,NOP @ BKN,rebounds,3.5,-220,fanduel,6.6,7.8,7.0,3.06,2.0,15.0,21,18,3,0,85.7,False,2,36.0,35.7,1.009,1.004,12,1.009,0.976,0.992,226.5,HIGH,6.2,6.7,78.3,63.0,OVER,üí® BLOWOUT RISK,0.4,-2.5,0.0,-0.8,0.0,-5.0,0.9
12-06-2025,Jericho Sims,MIL,DET,AWAY,MIL @ DET,assists,1.5,115,betmgm,0.7,1.0,0.0,0.97,0.0,3.0,18,4,14,0,22.2,True,2,23.6,13.5,1.748,0.897,29,0.991,1.002,0.996,224.5,HIGH,0.3,0.4,-77.7,57.0,UNDER,üõ°Ô∏è TOUGH DEF | ‚ö†Ô∏è B2B | üí® BLOWOUT RISK | ‚è∞ MINS UP,-10.3,-2.5,-8.0,-0.4,0.0,-5.0,10.0
12-06-2025,Jericho Sims,MIL,DET,AWAY,MIL @ DET,pra,12.5,-114,betonlineag,7.1,14.6,5.0,7.32,0.0,30.0,18,2,16,0,11.1,True,2,23.6,13.5,1.748,0.955,22,0.991,1.002,0.996,224.5,HIGH,3.0,3.4,-75.8,62.0,UNDER,‚ö†Ô∏è B2B | üí® BLOWOUT RISK | ‚è∞ MINS UP,-4.5,-2.5,-8.0,-0.4,-0.1,-5.0,10.0
12-06-2025,Justin Champagnie,WAS,ATL,HOME,ATL @ WAS,points,9.5,-102,fanduel,4.1,7.2,4.0,4.34,0.0,13.0,19,3,16,0,15.8,False,2,17.2,12.0,1.433,1.012,10,1.015,1.007,1.011,237.5,MEDIUM,2.4,2.1,-74.6,66.0,UNDER,üìà HIGH TOTAL | ‚è∞ MINS UP,1.2,2.5,0.0,1.1,1.7,-2.0,10.0
12-06-2025,Jose Alvarado,NOP,BKN,AWAY,NOP @ BKN,assists,7.5,-118,fanduel,2.8,2.4,2.0,2.0,0.0,8.0,22,1,21,0,4.5,False,2,26.6,21.8,1.222,1.061,6,1.009,0.976,0.992,226.5,HIGH,2.0,1.9,-72.8,77.0,UNDER,üí® BLOWOUT RISK | ‚è∞ MINS UP,6.1,-2.5,0.0,-0.8,0.0,-5.0,10.0
12-06-2025,Jericho Sims,MIL,DET,AWAY,MIL @ DET,points,4.5,102,fanduel,2.7,5.6,2.0,3.54,0.0,15.0,18,3,15,0,16.7,True,2,23.6,13.5,1.748,0.977,22,0.991,1.002,0.996,224.5,HIGH,1.3,1.4,-71.6,55.0,UNDER,‚ö†Ô∏è B2B | üí® BLOWOUT RISK | ‚è∞ MINS UP,-2.3,-2.5,-8.0,-0.4,-0.1,-5.0,10.0
12-06-2025,Gary Harris,MIL,DET,AWAY,MIL @ DET,points,4.5,-104,fanduel,2.3,1.6,2.0,2.91,0.0,10.0,15,3,12,0,20.0,True,2,18.6,13.4,1.388,0.977,22,0.991,1.002,0.996,224.5,HIGH,1.3,1.4,-71.6,53.0,UNDER,‚ö†Ô∏è B2B | üí® BLOWOUT RISK | ‚è∞ MINS UP,-2.3,-2.5,-8.0,-0.4,-0.1,-5.0,10.0
12-06-2025,Gui Santos,GSW,CLE,AWAY,GSW @ CLE,rebounds,3.5,-102,fanduel,1.5,1.6,1.0,1.83,0.0,6.0,16,3,13,0,18.8,False,2,10.0,7.6,1.311,1.0,14,0.998,1.003,1.001,229.5,MEDIUM,1.1,1.0,-70.0,59.0,UNDER,‚è∞ MINS UP,-0.0,-2.5,0.0,0.1,0.0,-2.0,10.0
12-06-2025,DeMar DeRozan,SAC,MIA,AWAY,SAC @ MIA,rebounds,2.5,-178,fanduel,2.9,1.6,3.0,1.95,0.0,7.0,22,12,10,0,54.5,False,2,32.6,32.7,0.996,1.089,3,1.002,1.04,1.021,241.5,MEDIUM,4.2,4.0,69.3,67.0,OVER,üí• SMASH SPOT,8.9,-2.5,0.0,2.1,0.0,-2.0,-0.4
12-06-2025,Norman Powell,MIA,ORL,AWAY,MIA @ ORL,rebounds,2.5,-160,fanduel,3.7,3.2,3.0,2.17,1.0,9.0,18,10,8,0,55.6,True,2,31.0,30.8,1.007,0.974,22,1.04,1.003,1.021,241.5,LOW,4.2,4.7,68.9,55.0,OVER,‚ö†Ô∏è B2B,-2.6,-2.5,-8.0,2.1,0.0,0.0,0.7
12-06-2025,John Collins,LAC,MIN,AWAY,LAC @ MIN,assists,0.5,-105,betmgm,0.7,1.2,1.0,0.76,0.0,2.0,23,12,11,0,52.2,True,2,30.2,27.0,1.12,0.973,19,0.976,1.005,0.99,227.5,MEDIUM,0.8,0.9,67.7,36.0,OVER,‚ö†Ô∏è B2B | ‚è∞ MINS UP,-2.7,-2.5,-8.0,-1.0,0.0,-2.0,10.0
12-06-2025,Thomas Bryant,CLE,GSW,HOME,GSW @ CLE,pra,10.5,-110,betmgm,5.6,10.6,4.0,5.46,0.0,20.0,17,3,14,0,17.6,True,2,12.0,7.6,1.581,0.971,27,1.003,0.998,1.001,229.5,MEDIUM,3.5,3.5,-66.9,68.0,UNDER,üõ°Ô∏è TOUGH DEF | ‚ö†Ô∏è B2B | ‚è∞ MINS UP,-2.9,2.5,-8.0,0.1,0.6,-2.0,10.0
12-06-2025,Justin Champagnie,WAS,ATL,HOME,ATL @ WAS,pra,17.5,-118,betmgm,8.6,14.0,6.0,7.33,0.0,21.0,19,4,15,0,21.1,False,2,17.2,12.0,1.433,1.019,10,1.015,1.007,1.011,237.5,MEDIUM,5.9,5.1,-66.3,66.0,UNDER,üìà HIGH TOTAL | ‚è∞ MINS UP,1.9,2.5,0.0,1.1,1.7,-2.0,10.0
12-06-2025,Quinten Post,GSW,CLE,AWAY,GSW @ CLE,assists,2.5,140,fanduel,1.3,2.4,1.0,1.36,0.0,5.0,23,3,20,0,13.0,False,2,22.0,16.6,1.328,1.013,11,0.998,1.003,1.001,229.5,MEDIUM,0.9,0.8,-65.9,53.0,UNDER,‚è∞ MINS UP,1.3,-2.5,0.0,0.1,0.0,-2.0,10.0
12-06-2025,Gary Payton II,GSW,CLE,AWAY,GSW @ CLE,assists,2.5,132,fanduel,1.7,3.6,1.0,1.98,0.0,8.0,22,6,16,0,27.3,False,2,16.2,12.0,1.35,1.013,11,0.998,1.003,1.001,229.5,MEDIUM,0.9,0.8,-65.9,55.0,UNDER,‚è∞ MINS UP,1.3,-2.5,0.0,0.1,0.0,-2.0,10.0
12-06-2025,Trayce Jackson-Davis,GSW,CLE,AWAY,GSW @ CLE,rebounds,5.5,100,fanduel,3.1,4.0,1.0,3.71,0.0,12.0,13,4,9,0,30.8,False,2,11.0,11.7,0.941,1.0,14,0.998,1.003,1.001,229.5,MEDIUM,1.9,2.1,-65.7,49.0,UNDER,‚è∞ MINS DOWN,-0.0,-2.5,0.0,0.1,0.0,-2.0,-5.9
12-06-2025,Drew Eubanks,SAC,MIA,AWAY,SAC @ MIA,assists,0.5,125,betmgm,0.4,0.6,0.0,0.58,0.0,2.0,22,7,15,0,31.8,False,2,13.0,15.5,0.839,1.009,12,1.002,1.04,1.021,241.5,MEDIUM,0.2,0.2,-64.6,51.0,UNDER,‚è∞ MINS DOWN,0.9,-2.5,0.0,2.1,0.0,-2.0,-10.0
12-06-2025,Thomas Bryant,CLE,GSW,HOME,GSW @ CLE,points,5.5,-115,fanduel,3.4,7.0,4.0,3.68,0.0,14.0,17,3,14,0,17.6,True,2,12.0,7.6,1.581,0.958,27,1.003,0.998,1.001,229.5,MEDIUM,2.0,2.0,-64.3,67.0,UNDER,üõ°Ô∏è TOUGH DEF | ‚ö†Ô∏è B2B | ‚è∞ MINS UP,-4.2,2.5,-8.0,0.1,0.6,-2.0,10.0
12-06-2025,P.J. Washington,DAL,HOU,HOME,HOU @ DAL,assists,1.5,100,betmgm,2.3,2.2,2.0,1.63,0.0,5.0,19,10,9,0,52.6,False,2,34.2,31.6,1.083,0.949,25,1.001,0.985,0.993,220.5,MEDIUM,2.5,2.4,64.0,36.0,OVER,‚è∞ MINS UP,-5.1,2.5,0.0,-0.7,0.0,-2.0,8.3
12-06-2025,D'Angelo Russell,DAL,HOU,HOME,HOU @ DAL,assists,2.5,-140,betmgm,4.5,3.2,3.0,2.8,1.0,12.0,20,16,4,0,80.0,True,2,16.8,20.6,0.816,0.949,25,1.001,0.985,0.993,220.5,MEDIUM,4.1,5.2,63.0,67.0,OVER,‚ö†Ô∏è B2B | ‚è∞ MINS DOWN,-5.1,2.5,-8.0,-0.7,0.0,-2.0,-10.0
12-06-2025,Justin Champagnie,WAS,ATL,HOME,ATL @ WAS,assists,1.5,125,betmgm,0.8,1.0,0.0,1.08,0.0,4.0,19,4,15,0,21.1,False,2,17.2,12.0,1.433,1.009,12,1.015,1.007,1.011,237.5,MEDIUM,0.6,0.5,-62.4,57.0,UNDER,‚è∞ MINS UP,0.9,2.5,0.0,1.1,0.0,-2.0,10.0
12-06-2025,Gui Santos,GSW,CLE,AWAY,GSW @ CLE,points,5.5,-130,fanduel,2.6,4.0,3.0,2.45,0.0,9.0,16,1,15,0,6.2,False,2,10.0,7.6,1.311,1.001,12,0.998,1.003,1.001,229.5,MEDIUM,2.1,2.0,-61.5,66.0,UNDER,‚è∞ MINS UP,0.1,-2.5,0.0,0.1,0.6,-2.0,10.0
12-06-2025,Thomas Bryant,CLE,GSW,HOME,GSW @ CLE,assists,0.5,110,betmgm,0.2,0.6,0.0,0.56,0.0,2.0,17,3,14,0,17.6,True,2,12.0,7.6,1.581,0.965,21,1.003,0.998,1.001,229.5,MEDIUM,0.2,0.2,-60.7,59.0,UNDER,‚ö†Ô∏è B2B | ‚è∞ MINS UP,-3.5,2.5,-8.0,0.1,0.0,-2.0,10.0
12-06-2025,Clint Capela,HOU,DAL,AWAY,HOU @ DAL,points,9.5,100,draftkings,3.6,4.4,4.0,2.06,0.0,8.0,19,0,19,0,0.0,True,2,13.6,10.9,1.242,0.991,16,0.985,1.001,0.993,220.5,MEDIUM,3.8,4.0,-60.2,76.0,UNDER,‚ö†Ô∏è B2B | ‚è∞ MINS UP,-0.9,-2.5,-8.0,-0.7,-0.6,-2.0,10.0
12-06-2025,Thomas Bryant,CLE,GSW,HOME,GSW @ CLE,rebounds,3.5,-122,fanduel,1.9,3.0,2.0,2.01,0.0,7.0,17,2,15,0,11.8,True,2,12.0,7.6,1.581,1.002,13,1.003,0.998,1.001,229.5,MEDIUM,1.4,1.4,-59.2,58.0,UNDER,‚ö†Ô∏è B2B | ‚è∞ MINS UP,0.2,2.5,-8.0,0.1,0.0,-2.0,10.0
12-06-2025,Trayce Jackson-Davis,GSW,CLE,AWAY,GSW @ CLE,pra,14.5,109,betonlineag,8.2,8.0,4.0,6.71,0.0,20.0,13,2,11,0,15.4,False,2,11.0,11.7,0.941,1.003,12,0.998,1.003,1.001,229.5,MEDIUM,6.4,7.0,-56.2,63.0,UNDER,‚è∞ MINS DOWN,0.3,-2.5,0.0,0.1,0.6,-2.0,-5.9
12-06-2025,Clint Capela,HOU,DAL,AWAY,HOU @ DAL,pra,18.5,-120,betmgm,8.7,11.4,8.0,5.04,0.0,20.0,19,1,18,0,5.3,True,2,13.6,10.9,1.242,1.012,16,0.985,1.001,0.993,220.5,MEDIUM,8.1,8.4,-56.1,59.0,UNDER,‚ö†Ô∏è B2B | ‚è∞ MINS UP,1.2,-2.5,-8.0,-0.7,-0.6,-2.0,10.0
12-06-2025,Aaron Holiday,HOU,DAL,AWAY,HOU @ DAL,assists,2.5,120,betmgm,1.3,2.0,1.0,0.96,0.0,3.0,15,1,14,0,6.7,True,2,25.6,16.4,1.561,0.961,22,0.985,1.001,0.993,220.5,MEDIUM,1.1,1.2,-55.7,61.0,UNDER,‚ö†Ô∏è B2B | ‚è∞ MINS UP,-3.9,-2.5,-8.0,-0.7,0.0,-2.0,10.0
12-06-2025,Kel'el Ware,MIA,ORL,AWAY,MIA @ ORL,assists,1.5,200,fanduel,0.6,0.6,0.0,0.78,0.0,3.0,23,2,21,0,8.7,True,2,22.2,24.5,0.907,0.917,28,1.04,1.003,1.021,241.5,LOW,0.7,0.9,-54.3,70.0,UNDER,üõ°Ô∏è TOUGH DEF | ‚ö†Ô∏è B2B | ‚è∞ MINS DOWN,-8.3,-2.5,-8.0,2.1,0.0,0.0,-9.3
12-06-2025,Clint Capela,HOU,DAL,AWAY,HOU @ DAL,rebounds,9.5,-110,draftkings,4.7,6.2,4.0,3.38,0.0,12.0,19,3,16,0,15.8,True,2,13.6,10.9,1.242,1.108,2,0.985,1.001,0.993,220.5,MEDIUM,4.4,4.1,-54.1,72.0,UNDER,üí• SMASH SPOT | ‚ö†Ô∏è B2B | ‚è∞ MINS UP,10.8,-2.5,-8.0,-0.7,0.0,-2.0,10.0
12-06-2025,Kevin Durant,HOU,DAL,AWAY,HOU @ DAL,assists,4.5,-130,fanduel,3.9,5.4,3.5,2.26,1.0,8.0,18,7,11,0,38.9,True,2,33.8,35.6,0.951,0.961,22,0.985,1.001,0.993,220.5,MEDIUM,2.1,2.6,-53.9,60.0,UNDER,‚ö†Ô∏è B2B,-3.9,-2.5,-8.0,-0.7,0.0,-2.0,-4.9
12-06-2025,Justin Champagnie,WAS,ATL,HOME,ATL @ WAS,rebounds,6.5,-128,fanduel,3.7,5.8,3.0,3.09,0.0,11.0,19,4,15,0,21.1,False,2,17.2,12.0,1.433,1.044,7,1.015,1.007,1.011,237.5,MEDIUM,3.0,2.6,-53.3,64.0,UNDER,‚è∞ MINS UP,4.4,2.5,0.0,1.1,0.0,-2.0,10.0
12-06-2025,Terrence Shannon Jr.,MIN,LAC,HOME,LAC @ MIN,rebounds,1.5,117,betonlineag,1.6,0.6,1.0,1.56,0.0,5.0,13,5,8,0,38.5,False,2,12.6,14.2,0.89,0.988,18,1.005,0.976,0.99,227.5,MEDIUM,2.3,2.6,53.3,45.0,OVER,‚è∞ MINS DOWN,-1.2,2.5,0.0,-1.0,0.0,-2.0,-10.0
12-06-2025,Gary Payton II,GSW,CLE,AWAY,GSW @ CLE,points,6.5,-120,fanduel,4.1,8.2,3.5,4.84,0.0,19.0,22,4,18,0,18.2,False,2,16.2,12.0,1.35,1.001,12,0.998,1.003,1.001,229.5,MEDIUM,3.1,2.9,-52.8,60.0,UNDER,‚è∞ MINS UP,0.1,-2.5,0.0,0.1,0.6,-2.0,10.0
12-06-2025,Josh Okogie,HOU,DAL,AWAY,HOU @ DAL,rebounds,3.5,-113,fanduel,2.8,3.8,3.0,1.83,0.0,6.0,20,6,14,0,30.0,True,2,19.2,20.8,0.921,1.108,2,0.985,1.001,0.993,220.5,MEDIUM,1.7,1.9,-51.7,66.0,UNDER,üí• SMASH SPOT | ‚ö†Ô∏è B2B | ‚è∞ MINS DOWN,10.8,-2.5,-8.0,-0.7,0.0,-2.0,-7.9
12-06-2025,Kyshawn George,WAS,ATL,HOME,ATL @ WAS,rebounds,5.5,102,fanduel,5.9,5.8,6.0,3.09,2.0,12.0,19,10,9,0,52.6,False,2,31.0,31.2,0.995,1.044,7,1.015,1.007,1.011,237.5,MEDIUM,8.3,7.9,51.6,62.0,OVER,,4.4,2.5,0.0,1.1,0.0,-2.0,-0.5
12-06-2025,Dru Smith,MIA,ORL,AWAY,MIA @ ORL,rebounds,3.5,-118,betmgm,2.7,3.2,3.0,1.99,0.0,7.0,23,8,15,0,34.8,True,2,17.2,17.1,1.004,0.974,22,1.04,1.003,1.021,241.5,LOW,1.7,1.9,-51.4,54.0,UNDER,‚ö†Ô∏è B2B,-2.6,-2.5,-8.0,2.1,0.0,0.0,0.4
12-06-2025,Simone Fontecchio,MIA,ORL,AWAY,MIA @ ORL,assists,2.5,135,betmgm,1.6,2.6,2.0,1.29,0.0,5.0,22,4,18,0,18.2,True,2,17.2,19.0,0.907,0.917,28,1.04,1.003,1.021,241.5,LOW,1.2,1.6,-51.2,65.0,UNDER,üõ°Ô∏è TOUGH DEF | ‚ö†Ô∏è B2B | ‚è∞ MINS DOWN,-8.3,-2.5,-8.0,2.1,0.0,0.0,-9.3
12-06-2025,Gary Payton II,GSW,CLE,AWAY,GSW @ CLE,pra,12.5,-107,draftkings,9.0,16.4,7.0,8.48,0.0,33.0,22,5,17,0,22.7,False,2,16.2,12.0,1.35,1.003,12,0.998,1.003,1.001,229.5,MEDIUM,6.2,5.8,-50.7,56.0,UNDER,‚è∞ MINS UP,0.3,-2.5,0.0,0.1,0.6,-2.0,10.0
12-06-2025,Aaron Holiday,HOU,DAL,AWAY,HOU @ DAL,points,10.5,102,fanduel,8.4,10.4,10.0,6.45,0.0,22.0,15,4,11,0,26.7,True,2,25.6,16.4,1.561,0.991,16,0.985,1.001,0.993,220.5,MEDIUM,5.3,5.6,-49.6,56.0,UNDER,‚ö†Ô∏è B2B | ‚è∞ MINS UP,-0.9,-2.5,-8.0,-0.7,-0.6,-2.0,10.0
12-06-2025,Maxime Raynaud,SAC,MIA,AWAY,SAC @ MIA,assists,1.5,125,betmgm,0.9,1.2,0.5,1.1,0.0,3.0,14,3,11,0,21.4,False,2,20.0,15.9,1.261,1.009,12,1.002,1.04,1.021,241.5,MEDIUM,0.8,0.7,-49.5,56.0,UNDER,‚è∞ MINS UP,0.9,-2.5,0.0,2.1,0.0,-2.0,10.0
12-06-2025,Aaron Holiday,HOU,DAL,AWAY,HOU @ DAL,pra,14.5,-125,betmgm,10.6,14.2,11.0,7.06,1.0,25.0,15,3,12,0,20.0,True,2,25.6,16.4,1.561,1.012,16,0.985,1.001,0.993,220.5,MEDIUM,7.3,7.6,-49.3,63.0,UNDER,‚ö†Ô∏è B2B | ‚è∞ MINS UP,1.2,-2.5,-8.0,-0.7,-0.6,-2.0,10.0
12-06-2025,Bobby Portis,MIL,DET,AWAY,MIL @ DET,assists,1.5,110,betmgm,1.3,1.6,1.0,1.3,0.0,5.0,24,10,14,0,41.7,True,2,21.8,21.8,1.0,0.897,29,0.991,1.002,0.996,224.5,HIGH,0.8,1.0,-49.2,45.0,UNDER,üõ°Ô∏è TOUGH DEF | ‚ö†Ô∏è B2B | üí® BLOWOUT RISK,-10.3,-2.5,-8.0,-0.4,0.0,-5.0,0.0
12-06-2025,Kyle Kuzma,MIL,DET,AWAY,MIL @ DET,assists,2.5,102,betonlineag,2.3,3.2,2.0,1.91,0.0,6.0,23,10,13,0,43.5,True,2,24.0,25.9,0.928,0.897,29,0.991,1.002,0.996,224.5,HIGH,1.3,1.8,-49.1,31.0,UNDER,üõ°Ô∏è TOUGH DEF | ‚ö†Ô∏è B2B | üí® BLOWOUT RISK | ‚è∞ MINS DOWN,-10.3,-2.5,-8.0,-0.4,0.0,-5.0,-7.2
12-06-2025,Quinten Post,GSW,CLE,AWAY,GSW @ CLE,points,9.5,-108,fanduel,6.7,8.4,6.0,5.63,0.0,19.0,23,7,16,0,30.4,False,2,22.0,16.6,1.328,1.001,12,0.998,1.003,1.001,229.5,MEDIUM,4.9,4.6,-48.7,52.0,UNDER,‚è∞ MINS UP,0.1,-2.5,0.0,0.1,0.6,-2.0,10.0
12-06-2025,Trayce Jackson-Davis,GSW,CLE,AWAY,GSW @ CLE,points,6.5,-113,fanduel,4.1,3.4,4.0,2.99,0.0,9.0,13,3,10,0,23.1,False,2,11.0,11.7,0.941,1.001,12,0.998,1.003,1.001,229.5,MEDIUM,3.4,3.7,-48.5,62.0,UNDER,‚è∞ MINS DOWN,0.1,-2.5,0.0,0.1,0.6,-2.0,-5.9
12-06-2025,Ryan Nembhard,DAL,HOU,HOME,HOU @ DAL,pra,15.5,-200,bovada,14.9,25.2,12.0,12.95,0.0,41.0,11,4,7,0,36.4,True,2,27.4,18.2,1.507,0.945,26,1.001,0.985,0.993,220.5,MEDIUM,8.2,8.6,-47.4,52.0,UNDER,üõ°Ô∏è TOUGH DEF | ‚ö†Ô∏è B2B | ‚è∞ MINS UP,-5.5,2.5,-8.0,-0.7,-0.6,-2.0,10.0
12-06-2025,Moses Moody,GSW,CLE,AWAY,GSW @ CLE,assists,2.5,137,draftkings,1.4,0.8,1.0,1.25,0.0,4.0,21,5,16,0,23.8,False,2,24.8,25.4,0.977,1.013,11,0.998,1.003,1.001,229.5,MEDIUM,1.3,1.4,-47.0,62.0,UNDER,,1.3,-2.5,0.0,0.1,0.0,-2.0,-2.3
12-06-2025,Jabari Smith Jr,HOU,DAL,AWAY,HOU @ DAL,assists,2.5,140,betmgm,1.8,1.8,2.0,1.4,0.0,5.0,19,5,14,0,26.3,True,2,32.8,33.1,0.992,0.961,22,0.985,1.001,0.993,220.5,MEDIUM,1.3,1.6,-46.7,59.0,UNDER,‚ö†Ô∏è B2B,-3.9,-2.5,-8.0,-0.7,0.0,-2.0,-0.8
12-06-2025,Kris Dunn,LAC,MIN,AWAY,LAC @ MIN,assists,2.5,-105,draftkings,2.7,2.6,3.0,1.85,0.0,6.0,23,12,11,0,52.2,True,2,26.2,25.9,1.011,0.973,19,0.976,1.005,0.99,227.5,MEDIUM,1.4,1.6,-45.2,42.0,UNDER,‚ö†Ô∏è B2B,-2.7,-2.5,-8.0,-1.0,0.0,-2.0,1.1
12-06-2025,Clint Capela,HOU,DAL,AWAY,HOU @ DAL,assists,0.5,-210,betmgm,0.4,0.8,0.0,0.69,0.0,2.0,19,6,13,0,31.6,True,2,13.6,10.9,1.242,0.961,22,0.985,1.001,0.993,220.5,MEDIUM,0.3,0.3,-44.6,51.0,UNDER,‚ö†Ô∏è B2B | ‚è∞ MINS UP,-3.9,-2.5,-8.0,-0.7,0.0,-2.0,10.0
12-06-2025,Quinten Post,GSW,CLE,AWAY,GSW @ CLE,pra,17.5,-102,fanduel,11.7,14.2,11.0,7.83,0.0,27.0,23,7,16,0,30.4,False,2,22.0,16.6,1.328,1.003,12,0.998,1.003,1.001,229.5,MEDIUM,9.8,9.2,-44.2,58.0,UNDER,‚è∞ MINS UP,0.3,-2.5,0.0,0.1,0.6,-2.0,10.0
12-06-2025,Dru Smith,MIA,ORL,AWAY,MIA @ ORL,assists,5.5,-123,betonlineag,2.9,2.6,3.0,1.65,0.0,6.0,23,1,22,0,4.3,True,2,17.2,17.1,1.004,0.917,28,1.04,1.003,1.021,241.5,LOW,3.1,3.7,-43.3,87.0,UNDER,üõ°Ô∏è TOUGH DEF | ‚ö†Ô∏è B2B,-8.3,-2.5,-8.0,2.1,0.0,0.0,0.4
12-06-2025,Aaron Holiday,HOU,DAL,AWAY,HOU @ DAL,rebounds,1.5,-165,betmgm,0.9,1.8,1.0,0.96,0.0,3.0,15,4,11,0,26.7,True,2,25.6,16.4,1.561,1.108,2,0.985,1.001,0.993,220.5,MEDIUM,0.9,0.8,-43.3,59.0,UNDER,üí• SMASH SPOT | ‚ö†Ô∏è B2B | ‚è∞ MINS UP,10.8,-2.5,-8.0,-0.7,0.0,-2.0,10.0
12-06-2025,Caris LeVert,DET,MIL,HOME,MIL @ DET,rebounds,2.5,-135,betonlineag,1.6,2.0,1.0,1.22,0.0,5.0,17,3,14,0,17.6,True,2,22.4,20.2,1.107,1.04,8,1.002,0.991,0.996,224.5,HIGH,1.4,1.4,-42.8,60.0,UNDER,‚ö†Ô∏è B2B | üí® BLOWOUT RISK | ‚è∞ MINS UP,4.0,2.5,-8.0,-0.4,0.0,-5.0,10.0
12-06-2025,Ryan Nembhard,DAL,HOU,HOME,HOU @ DAL,assists,4.5,-190,bovada,4.5,6.8,4.0,4.06,0.0,13.0,11,4,7,0,36.4,True,2,27.4,18.2,1.507,0.949,25,1.001,0.985,0.993,220.5,MEDIUM,2.6,2.7,-42.5,46.0,UNDER,‚ö†Ô∏è B2B | ‚è∞ MINS UP,-5.1,2.5,-8.0,-0.7,0.0,-2.0,10.0
12-06-2025,Cam Whitmore,WAS,ATL,HOME,ATL @ WAS,assists,1.5,130,betmgm,0.7,0.6,1.0,0.78,0.0,2.0,21,4,17,0,19.0,False,2,15.8,16.9,0.937,1.009,12,1.015,1.007,1.011,237.5,MEDIUM,0.9,0.9,-42.4,59.0,UNDER,‚è∞ MINS DOWN,0.9,2.5,0.0,1.1,0.0,-2.0,-6.3
12-06-2025,Vit Krejci,ATL,WAS,AWAY,ATL @ WAS,assists,2.5,125,betrivers,1.8,1.6,1.5,1.11,0.0,4.0,20,5,15,0,25.0,True,2,22.6,23.2,0.976,1.113,2,1.007,1.015,1.011,237.5,MEDIUM,1.4,1.5,-42.1,71.0,UNDER,üí• SMASH SPOT | ‚ö†Ô∏è B2B,11.3,-2.5,-8.0,1.1,0.0,-2.0,-2.4
12-06-2025,Andrew Wiggins,MIA,ORL,AWAY,MIA @ ORL,assists,3.5,108,fanduel,2.9,3.2,3.0,1.59,1.0,6.0,20,7,13,0,35.0,True,2,33.4,33.1,1.009,0.917,28,1.04,1.003,1.021,241.5,LOW,2.0,2.4,-41.9,66.0,UNDER,üõ°Ô∏è TOUGH DEF | ‚ö†Ô∏è B2B,-8.3,-2.5,-8.0,2.1,0.0,0.0,0.9
12-06-2025,Maxime Raynaud,SAC,MIA,AWAY,SAC @ MIA,points,10.5,100,fanduel,7.5,10.8,6.5,7.25,0.0,25.0,14,3,11,0,21.4,False,2,20.0,15.9,1.261,1.001,12,1.002,1.04,1.021,241.5,MEDIUM,6.1,5.6,-41.5,57.0,UNDER,üìà HIGH TOTAL | ‚è∞ MINS UP,0.1,-2.5,0.0,2.1,2.2,-2.0,10.0
12-06-2025,Dru Smith,MIA,ORL,AWAY,MIA @ ORL,pra,17.5,-127,betonlineag,12.0,12.6,11.0,5.04,4.0,24.0,23,4,19,0,17.4,True,2,17.2,17.1,1.004,0.965,19,1.04,1.003,1.021,241.5,LOW,10.4,11.5,-40.4,54.0,UNDER,‚ö†Ô∏è B2B | üìà HIGH TOTAL,-3.5,-2.5,-8.0,2.1,2.2,0.0,0.4
12-06-2025,Jaden Ivey,DET,MIL,HOME,MIL @ DET,assists,1.5,-127,draftkings,1.0,1.0,1.0,0.76,0.0,2.0,8,2,6,0,25.0,True,2,13.4,13.6,0.983,1.021,9,1.002,0.991,0.996,224.5,HIGH,0.9,1.0,-40.3,48.0,UNDER,‚ö†Ô∏è B2B | üí® BLOWOUT RISK,2.1,2.5,-8.0,-0.4,0.0,-5.0,-1.7
12-06-2025,Duncan Robinson,DET,MIL,HOME,MIL @ DET,assists,2.5,146,betonlineag,2.0,2.2,2.0,1.94,0.0,8.0,21,7,14,0,33.3,True,2,33.0,32.0,1.03,1.021,9,1.002,0.991,0.996,224.5,HIGH,1.5,1.6,-39.9,45.0,UNDER,‚ö†Ô∏è B2B | üí® BLOWOUT RISK,2.1,2.5,-8.0,-0.4,0.0,-5.0,3.0
12-06-2025,Bogdan Bogdanovic,LAC,MIN,AWAY,LAC @ MIN,rebounds,2.5,128,draftkings,3.4,3.0,4.0,2.4,0.0,7.0,9,6,3,0,66.7,False,2,27.8,25.6,1.088,0.997,15,0.976,1.005,0.99,227.5,MEDIUM,3.5,3.4,39.6,46.0,OVER,‚è∞ MINS UP,-0.3,-2.5,0.0,-1.0,0.0,-2.0,8.8
12-06-2025,Dyson Daniels,ATL,WAS,AWAY,ATL @ WAS,points,12.5,-104,fanduel,10.7,13.4,10.0,5.49,2.0,22.0,24,8,16,0,33.3,True,2,37.4,34.0,1.1,1.082,1,1.007,1.015,1.011,237.5,MEDIUM,7.6,7.1,-38.9,66.0,UNDER,üí• SMASH SPOT | ‚ö†Ô∏è B2B | üìà HIGH TOTAL | ‚è∞ MINS UP,8.2,-2.5,-8.0,1.1,1.7,-2.0,10.0
12-06-2025,Kevin Porter Jr.,MIL,DET,AWAY,MIL @ DET,rebounds,4.5,-128,fanduel,3.4,3.4,4.0,2.61,0.0,7.0,5,1,4,0,20.0,True,2,27.4,27.4,1.0,0.969,23,0.991,1.002,0.996,224.5,HIGH,2.8,3.4,-37.8,27.0,UNDER,‚ö†Ô∏è B2B | üí® BLOWOUT RISK,-3.1,-2.5,-8.0,-0.4,0.0,-5.0,0.0
12-06-2025,Simone Fontecchio,MIA,ORL,AWAY,MIA @ ORL,rebounds,3.5,-105,betmgm,2.9,3.4,3.0,1.28,0.0,5.0,22,9,13,0,40.9,True,2,17.2,19.0,0.907,0.974,22,1.04,1.003,1.021,241.5,LOW,2.2,2.7,-37.6,47.0,UNDER,‚ö†Ô∏è B2B | ‚è∞ MINS DOWN,-2.6,-2.5,-8.0,2.1,0.0,0.0,-9.3
12-06-2025,Marvin Bagley III,WAS,ATL,HOME,ATL @ WAS,rebounds,7.5,108,fanduel,4.9,6.4,5.0,2.19,1.0,8.0,17,2,15,0,11.8,False,2,25.8,17.8,1.448,1.044,7,1.015,1.007,1.011,237.5,MEDIUM,4.8,4.1,-36.2,84.0,UNDER,‚è∞ MINS UP,4.4,2.5,0.0,1.1,0.0,-2.0,10.0
12-06-2025,Buddy Hield,GSW,CLE,AWAY,GSW @ CLE,assists,2.5,155,betonlineag,1.6,2.0,2.0,1.53,0.0,4.0,23,6,17,0,26.1,False,2,21.8,18.4,1.183,1.013,11,0.998,1.003,1.001,229.5,MEDIUM,1.6,1.5,-36.1,56.0,UNDER,‚è∞ MINS UP,1.3,-2.5,0.0,0.1,0.0,-2.0,10.0
12-06-2025,Jaden Ivey,DET,MIL,HOME,MIL @ DET,points,10.5,-106,fanduel,7.2,5.8,8.0,5.23,0.0,15.0,8,2,6,0,25.0,True,2,13.4,13.6,0.983,1.024,8,1.002,0.991,0.996,224.5,HIGH,6.7,7.5,-35.9,49.0,UNDER,‚ö†Ô∏è B2B | üí® BLOWOUT RISK,2.4,2.5,-8.0,-0.4,-0.1,-5.0,-1.7
12-06-2025,De'Andre Hunter,CLE,GSW,HOME,GSW @ CLE,rebounds,3.5,-146,fanduel,4.4,3.2,4.0,1.43,2.0,7.0,20,14,6,0,70.0,True,2,27.6,28.6,0.967,1.002,13,1.003,0.998,1.001,229.5,MEDIUM,4.7,5.3,35.7,68.0,OVER,‚ö†Ô∏è B2B,0.2,2.5,-8.0,0.1,0.0,-2.0,-3.3
12-06-2025,Jaylon Tyson,CLE,GSW,HOME,GSW @ CLE,rebounds,5.5,-136,fanduel,5.1,6.2,5.0,2.88,0.0,11.0,19,7,12,0,36.8,True,2,30.4,27.4,1.109,1.002,13,1.003,0.998,1.001,229.5,MEDIUM,3.6,3.5,-35.1,55.0,UNDER,‚ö†Ô∏è B2B | ‚è∞ MINS UP,0.2,2.5,-8.0,0.1,0.0,-2.0,10.0
12-06-2025,Kel'el Ware,MIA,ORL,AWAY,MIA @ ORL,pra,24.5,-111,fanduel,23.0,19.0,23.0,9.39,9.0,38.0,23,10,13,0,43.5,True,2,22.2,24.5,0.907,0.965,19,1.04,1.003,1.021,241.5,LOW,15.9,19.4,-35.1,58.0,UNDER,‚ö†Ô∏è B2B | üìà HIGH TOTAL | ‚è∞ MINS DOWN,-3.5,-2.5,-8.0,2.1,2.2,0.0,-9.3
12-06-2025,Dru Smith,MIA,ORL,AWAY,MIA @ ORL,points,8.5,-110,betonlineag,6.4,6.8,6.0,3.22,0.0,13.0,23,6,17,0,26.1,True,2,17.2,17.1,1.004,0.984,19,1.04,1.003,1.021,241.5,LOW,5.6,6.0,-34.7,52.0,UNDER,‚ö†Ô∏è B2B | üìà HIGH TOTAL,-1.6,-2.5,-8.0,2.1,2.2,0.0,0.4
12-06-2025,Naji Marshall,DAL,HOU,HOME,HOU @ DAL,assists,1.5,-178,draftkings,2.5,3.4,2.5,1.69,0.0,6.0,24,18,6,0,75.0,True,2,31.6,27.5,1.149,0.949,25,1.001,0.985,0.993,220.5,MEDIUM,2.0,2.1,34.1,61.0,OVER,‚ö†Ô∏è B2B | ‚è∞ MINS UP,-5.1,2.5,-8.0,-0.7,0.0,-2.0,10.0
12-06-2025,Will Richard,GSW,CLE,AWAY,GSW @ CLE,rebounds,3.5,112,fanduel,2.6,3.6,2.0,2.38,0.0,7.0,21,6,15,0,28.6,False,2,23.0,18.8,1.226,1.0,14,0.998,1.003,1.001,229.5,MEDIUM,2.3,2.2,-33.9,53.0,UNDER,‚è∞ MINS UP,-0.0,-2.5,0.0,0.1,0.0,-2.0,10.0
12-06-2025,Gary Payton II,GSW,CLE,AWAY,GSW @ CLE,rebounds,3.5,-102,fanduel,3.2,4.6,2.0,2.82,0.0,11.0,22,7,15,0,31.8,False,2,16.2,12.0,1.35,1.0,14,0.998,1.003,1.001,229.5,MEDIUM,2.3,2.2,-33.9,57.0,UNDER,‚è∞ MINS UP,-0.0,-2.5,0.0,0.1,0.0,-2.0,10.0
12-06-2025,Ryan Nembhard,DAL,HOU,HOME,HOU @ DAL,points,7.5,-260,bovada,8.7,15.6,8.0,8.56,0.0,28.0,11,6,5,0,54.5,True,2,27.4,18.2,1.507,0.969,26,1.001,0.985,0.993,220.5,MEDIUM,5.0,5.1,-33.9,43.0,UNDER,üõ°Ô∏è TOUGH DEF | ‚ö†Ô∏è B2B | ‚è∞ MINS UP,-3.1,2.5,-8.0,-0.7,-0.6,-2.0,10.0
12-06-2025,Bobby Portis,MIL,DET,AWAY,MIL @ DET,pra,19.5,-115,fanduel,18.4,19.4,18.0,6.14,8.0,30.0,24,8,16,0,33.3,True,2,21.8,21.8,1.0,0.955,22,0.991,1.002,0.996,224.5,HIGH,12.9,15.9,-33.9,56.0,UNDER,‚ö†Ô∏è B2B | üí® BLOWOUT RISK,-4.5,-2.5,-8.0,-0.4,-0.1,-5.0,0.0
12-06-2025,Kel'el Ware,MIA,ORL,AWAY,MIA @ ORL,points,12.5,-128,fanduel,11.9,9.8,13.0,6.43,0.0,22.0,23,12,11,0,52.2,True,2,22.2,24.5,0.907,0.984,19,1.04,1.003,1.021,241.5,LOW,8.3,9.9,-33.8,52.0,UNDER,‚ö†Ô∏è B2B | üìà HIGH TOTAL | ‚è∞ MINS DOWN,-1.6,-2.5,-8.0,2.1,2.2,0.0,-9.3
12-06-2025,Myles Turner,MIL,DET,AWAY,MIL @ DET,points,12.5,-108,fanduel,12.7,11.4,12.0,5.55,3.0,24.0,24,12,12,0,50.0,True,2,24.2,28.8,0.842,0.977,22,0.991,1.002,0.996,224.5,HIGH,8.3,11.1,-33.7,51.0,UNDER,‚ö†Ô∏è B2B | üí® BLOWOUT RISK | ‚è∞ MINS DOWN,-2.3,-2.5,-8.0,-0.4,-0.1,-5.0,-10.0
12-06-2025,Buddy Hield,GSW,CLE,AWAY,GSW @ CLE,points,11.5,-113,fanduel,7.8,11.0,8.0,5.98,0.0,20.0,23,6,17,0,26.1,False,2,21.8,18.4,1.183,1.001,12,0.998,1.003,1.001,229.5,MEDIUM,7.6,7.2,-33.7,55.0,UNDER,‚è∞ MINS UP,0.1,-2.5,0.0,0.1,0.6,-2.0,10.0
12-06-2025,Bobby Portis,MIL,DET,AWAY,MIL @ DET,points,11.5,-120,fanduel,11.5,12.6,11.5,5.38,2.0,22.0,24,12,12,0,50.0,True,2,21.8,21.8,1.0,0.977,22,0.991,1.002,0.996,224.5,HIGH,7.6,9.2,-33.7,47.0,UNDER,‚ö†Ô∏è B2B | üí® BLOWOUT RISK,-2.3,-2.5,-8.0,-0.4,-0.1,-5.0,0.0
12-06-2025,Jaden Ivey,DET,MIL,HOME,MIL @ DET,pra,14.5,-126,draftkings,10.6,9.0,11.5,6.86,1.0,22.0,8,2,6,0,25.0,True,2,13.4,13.6,0.983,1.027,8,1.002,0.991,0.996,224.5,HIGH,9.6,10.7,-33.5,41.0,UNDER,‚ö†Ô∏è B2B | üí® BLOWOUT RISK,2.7,2.5,-8.0,-0.4,-0.1,-5.0,-1.7
12-06-2025,Amen Thompson,HOU,DAL,AWAY,HOU @ DAL,points,20.5,100,fanduel,17.9,17.8,18.0,7.01,5.0,31.0,20,6,14,0,30.0,True,2,35.0,36.0,0.971,0.991,16,0.985,1.001,0.993,220.5,MEDIUM,13.7,16.4,-33.2,67.0,UNDER,‚ö†Ô∏è B2B,-0.9,-2.5,-8.0,-0.7,-0.6,-2.0,-2.9
12-06-2025,Maxime Raynaud,SAC,MIA,AWAY,SAC @ MIA,pra,16.5,-122,fanduel,12.1,16.0,10.5,9.23,1.0,34.0,14,4,10,0,28.6,False,2,20.0,15.9,1.261,1.025,12,1.002,1.04,1.021,241.5,MEDIUM,11.0,9.8,-33.2,59.0,UNDER,üìà HIGH TOTAL | ‚è∞ MINS UP,2.5,-2.5,0.0,2.1,2.2,-2.0,10.0
12-06-2025,Josh Okogie,HOU,DAL,AWAY,HOU @ DAL,assists,1.5,100,betmgm,1.0,0.6,1.0,0.73,0.0,3.0,20,3,17,0,15.0,True,2,19.2,20.8,0.921,0.961,22,0.985,1.001,0.993,220.5,MEDIUM,1.0,1.3,-33.0,71.0,UNDER,‚ö†Ô∏è B2B | ‚è∞ MINS DOWN,-3.9,-2.5,-8.0,-0.7,0.0,-2.0,-7.9
12-06-2025,Russell Westbrook,SAC,MIA,AWAY,SAC @ MIA,assists,7.5,100,fanduel,6.9,8.0,6.5,3.77,1.0,14.0,22,8,14,0,36.4,False,2,28.2,28.2,1.001,1.009,12,1.002,1.04,1.021,241.5,MEDIUM,5.0,5.1,-33.0,60.0,UNDER,,0.9,-2.5,0.0,2.1,0.0,-2.0,0.1
12-06-2025,Kel'el Ware,MIA,ORL,AWAY,MIA @ ORL,rebounds,10.5,104,fanduel,10.5,8.6,9.0,4.41,4.0,20.0,23,9,14,0,39.1,True,2,22.2,24.5,0.907,0.974,22,1.04,1.003,1.021,241.5,LOW,7.0,8.7,-33.0,63.0,UNDER,‚ö†Ô∏è B2B | ‚è∞ MINS DOWN,-2.6,-2.5,-8.0,2.1,0.0,0.0,-9.3
12-06-2025,Craig Porter Jr,CLE,GSW,HOME,GSW @ CLE,rebounds,3.5,118,fanduel,3.1,3.4,3.0,2.46,0.0,7.0,21,9,12,0,42.9,True,2,15.6,17.2,0.907,1.002,13,1.003,0.998,1.001,229.5,MEDIUM,2.4,2.8,-32.8,25.0,UNDER,‚ö†Ô∏è B2B | ‚è∞ MINS DOWN,0.2,2.5,-8.0,0.1,0.0,-2.0,-9.3
12-06-2025,Buddy Hield,GSW,CLE,AWAY,GSW @ CLE,rebounds,2.5,-170,fanduel,2.3,4.2,2.0,2.09,0.0,8.0,23,8,15,0,34.8,False,2,21.8,18.4,1.183,1.0,14,0.998,1.003,1.001,229.5,MEDIUM,1.7,1.6,-32.7,35.0,UNDER,‚è∞ MINS UP,-0.0,-2.5,0.0,0.1,0.0,-2.0,10.0
12-06-2025,Jaime Jaquez Jr,MIA,ORL,AWAY,MIA @ ORL,assists,5.5,-136,fanduel,5.0,3.6,5.0,2.03,1.0,9.0,22,9,13,0,40.9,True,2,25.2,29.1,0.865,0.917,28,1.04,1.003,1.021,241.5,LOW,3.7,4.9,-32.6,66.0,UNDER,üõ°Ô∏è TOUGH DEF | ‚ö†Ô∏è B2B | ‚è∞ MINS DOWN,-8.3,-2.5,-8.0,2.1,0.0,0.0,-10.0
12-06-2025,D'Angelo Russell,DAL,HOU,HOME,HOU @ DAL,rebounds,1.5,-125,betmgm,2.7,2.4,2.0,1.92,0.0,7.0,20,16,4,0,80.0,True,2,16.8,20.6,0.816,0.892,30,1.001,0.985,0.993,220.5,MEDIUM,2.0,2.7,32.6,62.0,OVER,üõ°Ô∏è TOUGH DEF | ‚ö†Ô∏è B2B | ‚è∞ MINS DOWN,-10.8,2.5,-8.0,-0.7,0.0,-2.0,-10.0
12-06-2025,Kevin Porter Jr.,MIL,DET,AWAY,MIL @ DET,assists,6.5,116,fanduel,5.8,5.8,6.0,2.59,2.0,9.0,5,2,3,0,40.0,True,2,27.4,27.4,1.0,0.897,29,0.991,1.002,0.996,224.5,HIGH,4.4,5.8,-32.1,29.0,UNDER,üõ°Ô∏è TOUGH DEF | ‚ö†Ô∏è B2B | üí® BLOWOUT RISK,-10.3,-2.5,-8.0,-0.4,0.0,-5.0,0.0
12-06-2025,Jaden McDaniels,MIN,LAC,HOME,LAC @ MIN,points,13.5,100,fanduel,15.5,12.4,14.0,5.84,6.0,30.0,21,12,9,0,57.1,False,2,31.4,31.9,0.986,1.0,14,1.005,0.976,0.99,227.5,MEDIUM,17.8,18.1,31.9,59.0,OVER,,-0.0,2.5,0.0,-1.0,0.3,-2.0,-1.4
12-06-2025,Jaden McDaniels,MIN,LAC,HOME,LAC @ MIN,assists,2.5,112,draftkings,2.5,3.2,3.0,1.36,0.0,6.0,21,12,9,0,57.1,False,2,31.4,31.9,0.986,1.021,9,1.005,0.976,0.99,227.5,MEDIUM,1.7,1.7,-31.9,61.0,UNDER,,2.1,2.5,0.0,-1.0,0.0,-2.0,-1.4
12-06-2025,Bam Adebayo,MIA,ORL,AWAY,MIA @ ORL,assists,3.5,106,fanduel,2.5,2.0,3.0,1.46,0.0,5.0,17,4,13,0,23.5,True,2,32.4,30.8,1.053,0.917,28,1.04,1.003,1.021,241.5,LOW,2.4,2.7,-31.8,66.0,UNDER,üõ°Ô∏è TOUGH DEF | ‚ö†Ô∏è B2B | ‚è∞ MINS UP,-8.3,-2.5,-8.0,2.1,0.0,0.0,5.3
12-06-2025,Ron Holland,DET,MIL,HOME,MIL @ DET,points,6.5,-128,fanduel,8.2,9.8,9.0,5.21,0.0,19.0,23,14,9,0,60.9,True,2,17.2,21.1,0.814,1.024,8,1.002,0.991,0.996,224.5,HIGH,8.5,10.4,31.5,56.0,OVER,‚ö†Ô∏è B2B | üí® BLOWOUT RISK | ‚è∞ MINS DOWN,2.4,2.5,-8.0,-0.4,-0.1,-5.0,-10.0
12-06-2025,Amen Thompson,HOU,DAL,AWAY,HOU @ DAL,rebounds,8.5,120,fanduel,7.1,9.2,7.5,3.31,1.0,14.0,20,7,13,0,35.0,True,2,35.0,36.0,0.971,1.108,2,0.985,1.001,0.993,220.5,MEDIUM,5.8,6.2,-31.5,60.0,UNDER,üí• SMASH SPOT | ‚ö†Ô∏è B2B,10.8,-2.5,-8.0,-0.7,0.0,-2.0,-2.9
12-06-2025,Moses Moody,GSW,CLE,AWAY,GSW @ CLE,pra,19.5,-113,fanduel,16.5,15.2,14.0,9.2,3.0,36.0,21,6,15,0,28.6,False,2,24.8,25.4,0.977,1.003,12,0.998,1.003,1.001,229.5,MEDIUM,13.4,14.2,-31.3,64.0,UNDER,,0.3,-2.5,0.0,0.1,0.6,-2.0,-2.3
12-06-2025,Malik Monk,SAC,MIA,AWAY,SAC @ MIA,rebounds,2.5,-130,fanduel,2.0,2.8,2.0,1.37,0.0,6.0,19,5,14,0,26.3,False,2,26.8,24.6,1.088,1.089,3,1.002,1.04,1.021,241.5,MEDIUM,1.7,1.5,-30.7,76.0,UNDER,üí• SMASH SPOT | ‚è∞ MINS UP,8.9,-2.5,0.0,2.1,0.0,-2.0,8.8
12-06-2025,Amen Thompson,HOU,DAL,AWAY,HOU @ DAL,pra,34.5,-111,fanduel,30.1,31.6,27.0,7.48,15.0,45.0,20,5,15,0,25.0,True,2,35.0,36.0,0.971,1.012,16,0.985,1.001,0.993,220.5,MEDIUM,24.0,28.1,-30.5,65.0,UNDER,‚ö†Ô∏è B2B,1.2,-2.5,-8.0,-0.7,-0.6,-2.0,-2.9
12-06-2025,Nicolas Batum,LAC,MIN,AWAY,LAC @ MIN,assists,0.5,-185,betmgm,0.8,1.2,0.0,1.17,0.0,4.0,23,10,13,0,43.5,True,2,24.4,19.4,1.255,0.973,19,0.976,1.005,0.99,227.5,MEDIUM,0.7,0.7,30.5,39.0,OVER,‚ö†Ô∏è B2B | ‚è∞ MINS UP,-2.7,-2.5,-8.0,-1.0,0.0,-2.0,10.0
12-06-2025,Jaylon Tyson,CLE,GSW,HOME,GSW @ CLE,pra,20.5,-128,fanduel,20.0,26.4,23.0,9.33,6.0,42.0,19,10,9,0,52.6,True,2,30.4,27.4,1.109,0.971,27,1.003,0.998,1.001,229.5,MEDIUM,14.3,14.4,-30.2,63.0,UNDER,üõ°Ô∏è TOUGH DEF | ‚ö†Ô∏è B2B | ‚è∞ MINS UP,-2.9,2.5,-8.0,0.1,0.6,-2.0,10.0
12-06-2025,Dean Wade,CLE,GSW,HOME,GSW @ CLE,assists,1.5,115,betmgm,1.7,2.0,1.0,1.43,0.0,5.0,22,10,12,0,45.5,True,2,22.0,22.4,0.984,0.965,21,1.003,0.998,1.001,229.5,MEDIUM,1.1,1.2,-29.8,47.0,UNDER,‚ö†Ô∏è B2B,-3.5,2.5,-8.0,0.1,0.0,-2.0,-1.6
12-06-2025,Mike Conley,MIN,LAC,HOME,LAC @ MIN,rebounds,1.5,113,draftkings,1.8,1.4,2.0,1.05,0.0,4.0,22,13,9,0,59.1,False,2,15.4,19.4,0.795,0.988,18,1.005,0.976,0.99,227.5,MEDIUM,1.9,2.2,29.7,58.0,OVER,‚è∞ MINS DOWN,-1.2,2.5,0.0,-1.0,0.0,-2.0,-10.0
12-06-2025,Moses Moody,GSW,CLE,AWAY,GSW @ CLE,points,13.5,-125,fanduel,11.8,10.4,10.0,8.64,0.0,32.0,21,7,14,0,33.3,False,2,24.8,25.4,0.977,1.001,12,0.998,1.003,1.001,229.5,MEDIUM,9.5,10.1,-29.7,56.0,UNDER,,0.1,-2.5,0.0,0.1,0.6,-2.0,-2.3
12-06-2025,Malik Monk,SAC,MIA,AWAY,SAC @ MIA,assists,3.5,106,fanduel,2.3,3.0,2.0,1.63,0.0,6.0,19,4,15,0,21.1,False,2,26.8,24.6,1.088,1.009,12,1.002,1.04,1.021,241.5,MEDIUM,2.5,2.3,-29.6,70.0,UNDER,‚è∞ MINS UP,0.9,-2.5,0.0,2.1,0.0,-2.0,8.8
12-06-2025,Buddy Hield,GSW,CLE,AWAY,GSW @ CLE,pra,15.5,-220,bovada,11.7,17.2,9.0,7.77,1.0,29.0,23,6,17,0,26.1,False,2,21.8,18.4,1.183,1.003,12,0.998,1.003,1.001,229.5,MEDIUM,10.9,10.3,-29.5,55.0,UNDER,‚è∞ MINS UP,0.3,-2.5,0.0,0.1,0.6,-2.0,10.0
12-06-2025,Max Christie,DAL,HOU,HOME,HOU @ DAL,rebounds,2.5,-128,fanduel,3.2,2.0,3.0,2.19,0.0,7.0,24,13,11,0,54.2,True,2,26.0,29.0,0.895,0.892,30,1.001,0.985,0.993,220.5,MEDIUM,1.8,2.4,-29.3,56.0,UNDER,üõ°Ô∏è TOUGH DEF | ‚ö†Ô∏è B2B | ‚è∞ MINS DOWN,-10.8,2.5,-8.0,-0.7,0.0,-2.0,-10.0
12-06-2025,Quinten Post,GSW,CLE,AWAY,GSW @ CLE,rebounds,5.5,112,fanduel,3.8,3.4,3.0,2.19,0.0,8.0,23,5,18,0,21.7,False,2,22.0,16.6,1.328,1.0,14,0.998,1.003,1.001,229.5,MEDIUM,3.9,3.7,-29.3,57.0,UNDER,‚è∞ MINS UP,-0.0,-2.5,0.0,0.1,0.0,-2.0,10.0
12-06-2025,Zach LaVine,SAC,MIA,AWAY,SAC @ MIA,assists,2.5,-170,fanduel,2.4,2.6,2.0,1.31,0.0,6.0,20,9,11,0,45.0,False,2,31.4,33.2,0.947,1.009,12,1.002,1.04,1.021,241.5,MEDIUM,1.8,1.9,-29.1,59.0,UNDER,‚è∞ MINS DOWN,0.9,-2.5,0.0,2.1,0.0,-2.0,-5.3
12-06-2025,DeMar DeRozan,SAC,MIA,AWAY,SAC @ MIA,assists,3.5,-154,fanduel,3.4,2.8,3.0,1.99,0.0,9.0,22,9,13,0,40.9,False,2,32.6,32.7,0.996,1.009,12,1.002,1.04,1.021,241.5,MEDIUM,4.5,4.6,28.9,57.0,OVER,,0.9,-2.5,0.0,2.1,0.0,-2.0,-0.4
12-06-2025,Marvin Bagley III,WAS,ATL,HOME,ATL @ WAS,pra,21.5,-119,draftkings,14.8,19.0,14.0,7.17,3.0,31.0,17,4,13,0,23.5,False,2,25.8,17.8,1.448,1.019,10,1.015,1.007,1.011,237.5,MEDIUM,15.3,13.2,-28.9,76.0,UNDER,üìà HIGH TOTAL | ‚è∞ MINS UP,1.9,2.5,0.0,1.1,1.7,-2.0,10.0
12-06-2025,Keegan Murray,SAC,MIA,AWAY,SAC @ MIA,rebounds,6.5,-138,fanduel,7.6,9.0,8.0,4.43,2.0,14.0,7,4,3,0,57.1,False,2,40.0,38.6,1.037,1.089,3,1.002,1.04,1.021,241.5,MEDIUM,8.4,7.6,28.8,56.0,OVER,üí• SMASH SPOT,8.9,-2.5,0.0,2.1,0.0,-2.0,3.7
12-06-2025,Zach LaVine,SAC,MIA,AWAY,SAC @ MIA,rebounds,2.5,-170,fanduel,3.0,2.2,3.0,1.28,1.0,6.0,20,11,9,0,55.0,False,2,31.4,33.2,0.947,1.089,3,1.002,1.04,1.021,241.5,MEDIUM,3.2,3.2,28.8,66.0,OVER,üí• SMASH SPOT | ‚è∞ MINS DOWN,8.9,-2.5,0.0,2.1,0.0,-2.0,-5.3
12-06-2025,Kyle Kuzma,MIL,DET,AWAY,MIL @ DET,pra,19.5,-118,fanduel,19.3,16.8,20.0,8.58,2.0,44.0,23,12,11,0,52.2,True,2,24.0,25.9,0.928,0.955,22,0.991,1.002,0.996,224.5,HIGH,13.9,18.5,-28.7,48.0,UNDER,‚ö†Ô∏è B2B | üí® BLOWOUT RISK | ‚è∞ MINS DOWN,-4.5,-2.5,-8.0,-0.4,-0.1,-5.0,-7.2
12-06-2025,Marvin Bagley III,WAS,ATL,HOME,ATL @ WAS,points,12.5,-104,fanduel,8.6,11.4,9.0,5.27,1.0,22.0,17,4,13,0,23.5,False,2,25.8,17.8,1.448,1.012,10,1.015,1.007,1.011,237.5,MEDIUM,9.0,7.8,-28.3,72.0,UNDER,üìà HIGH TOTAL | ‚è∞ MINS UP,1.2,2.5,0.0,1.1,1.7,-2.0,10.0
12-06-2025,Moses Moody,GSW,CLE,AWAY,GSW @ CLE,rebounds,3.5,-102,fanduel,3.2,4.0,3.0,1.64,0.0,7.0,21,6,15,0,28.6,False,2,24.8,25.4,0.977,1.0,14,0.998,1.003,1.001,229.5,MEDIUM,2.5,2.7,-28.0,69.0,UNDER,,-0.0,-2.5,0.0,0.1,0.0,-2.0,-2.3
12-06-2025,Julius Randle,MIN,LAC,HOME,LAC @ MIN,points,20.5,102,fanduel,22.9,18.4,23.0,6.7,10.0,33.0,22,12,10,0,54.5,False,2,34.2,33.7,1.015,1.0,14,1.005,0.976,0.99,227.5,MEDIUM,26.2,25.9,28.0,55.0,OVER,,-0.0,2.5,0.0,-1.0,0.3,-2.0,1.5
12-06-2025,Bobby Portis,MIL,DET,AWAY,MIL @ DET,rebounds,6.5,106,fanduel,5.6,5.2,6.0,2.24,1.0,9.0,24,8,16,0,33.3,True,2,21.8,21.8,1.0,0.969,23,0.991,1.002,0.996,224.5,HIGH,4.7,5.7,-27.8,49.0,UNDER,‚ö†Ô∏è B2B | üí® BLOWOUT RISK,-3.1,-2.5,-8.0,-0.4,0.0,-5.0,0.0
12-06-2025,Precious Achiuwa,SAC,MIA,AWAY,SAC @ MIA,assists,1.5,175,betmgm,0.9,0.8,0.0,1.28,0.0,3.0,15,5,10,0,33.3,False,2,24.2,20.9,1.16,1.009,12,1.002,1.04,1.021,241.5,MEDIUM,1.1,1.0,-27.8,41.0,UNDER,‚è∞ MINS UP,0.9,-2.5,0.0,2.1,0.0,-2.0,10.0
12-06-2025,Carlton Carrington,WAS,ATL,HOME,ATL @ WAS,points,9.5,-106,fanduel,6.6,7.6,7.0,2.97,0.0,11.0,21,5,16,0,23.8,False,2,24.8,25.2,0.983,1.012,10,1.015,1.007,1.011,237.5,MEDIUM,6.9,6.7,-27.5,75.0,UNDER,üìà HIGH TOTAL,1.2,2.5,0.0,1.1,1.7,-2.0,-1.7
12-06-2025,Brandin Podziemski,GSW,CLE,AWAY,GSW @ CLE,assists,3.5,-166,fanduel,2.9,3.0,3.0,2.13,0.0,9.0,23,7,16,0,30.4,False,2,25.4,28.0,0.906,1.013,11,0.998,1.003,1.001,229.5,MEDIUM,2.5,2.9,-27.3,60.0,UNDER,‚è∞ MINS DOWN,1.3,-2.5,0.0,0.1,0.0,-2.0,-9.4
12-06-2025,Brandin Podziemski,GSW,CLE,AWAY,GSW @ CLE,pra,23.5,-111,fanduel,19.8,19.4,19.0,6.47,11.0,33.0,23,6,17,0,26.1,False,2,25.4,28.0,0.906,1.003,12,0.998,1.003,1.001,229.5,MEDIUM,17.1,19.6,-27.1,55.0,UNDER,‚è∞ MINS DOWN,0.3,-2.5,0.0,0.1,0.6,-2.0,-9.4
12-06-2025,Trayce Jackson-Davis,GSW,CLE,AWAY,GSW @ CLE,assists,1.5,-118,betmgm,1.0,0.6,1.0,1.0,0.0,3.0,13,2,11,0,15.4,False,2,11.0,11.7,0.941,1.013,11,0.998,1.003,1.001,229.5,MEDIUM,1.1,1.2,-27.1,47.0,UNDER,‚è∞ MINS DOWN,1.3,-2.5,0.0,0.1,0.0,-2.0,-5.9
12-06-2025,Ryan Rollins,MIL,DET,AWAY,MIL @ DET,rebounds,4.5,124,fanduel,4.1,3.8,4.0,1.93,0.0,8.0,24,11,13,0,45.8,True,2,35.2,32.7,1.078,0.969,23,0.991,1.002,0.996,224.5,HIGH,3.3,3.7,-27.1,37.0,UNDER,‚ö†Ô∏è B2B | üí® BLOWOUT RISK | ‚è∞ MINS UP,-3.1,-2.5,-8.0,-0.4,0.0,-5.0,7.8
12-06-2025,Nicolas Batum,LAC,MIN,AWAY,LAC @ MIN,pra,9.5,109,betonlineag,8.0,7.6,7.0,4.02,0.0,18.0,23,9,14,0,39.1,True,2,24.4,19.4,1.255,0.987,17,0.976,1.005,0.99,227.5,MEDIUM,6.9,7.3,-27.1,49.0,UNDER,‚ö†Ô∏è B2B | ‚è∞ MINS UP,-1.3,-2.5,-8.0,-1.0,0.3,-2.0,10.0
12-06-2025,Kyle Kuzma,MIL,DET,AWAY,MIL @ DET,rebounds,4.5,-108,fanduel,4.4,3.2,4.0,2.87,1.0,12.0,23,10,13,0,43.5,True,2,24.0,25.9,0.928,0.969,23,0.991,1.002,0.996,224.5,HIGH,3.3,4.3,-27.0,35.0,UNDER,‚ö†Ô∏è B2B | üí® BLOWOUT RISK | ‚è∞ MINS DOWN,-3.1,-2.5,-8.0,-0.4,0.0,-5.0,-7.2
12-06-2025,Anthony Davis,DAL,HOU,HOME,HOU @ DAL,rebounds,10.5,-104,fanduel,10.4,9.4,11.0,4.19,4.0,17.0,9,5,4,0,55.6,True,2,23.8,29.1,0.818,0.892,30,1.001,0.985,0.993,220.5,MEDIUM,7.7,10.4,-27.0,43.0,UNDER,üõ°Ô∏è TOUGH DEF | ‚ö†Ô∏è B2B | ‚è∞ MINS DOWN,-10.8,2.5,-8.0,-0.7,0.0,-2.0,-10.0
12-06-2025,Zach LaVine,SAC,MIA,AWAY,SAC @ MIA,points,19.5,100,fanduel,19.8,15.0,21.0,10.14,2.0,34.0,20,10,10,0,50.0,False,2,31.4,33.2,0.947,1.001,12,1.002,1.04,1.021,241.5,MEDIUM,24.8,26.2,26.9,57.0,OVER,üìà HIGH TOTAL | ‚è∞ MINS DOWN,0.1,-2.5,0.0,2.1,2.2,-2.0,-5.3
12-06-2025,Jalen Johnson,ATL,WAS,AWAY,ATL @ WAS,assists,8.5,106,fanduel,7.7,9.8,7.0,3.51,1.0,16.0,21,6,15,0,28.6,True,2,38.0,35.0,1.084,1.113,2,1.007,1.015,1.011,237.5,MEDIUM,6.2,5.8,-26.8,74.0,UNDER,üí• SMASH SPOT | ‚ö†Ô∏è B2B | ‚è∞ MINS UP,11.3,-2.5,-8.0,1.1,0.0,-2.0,8.4
12-06-2025,Isaiah Stewart II,WAS,ATL,HOME,ATL @ WAS,rebounds,6.5,126,fanduel,4.9,6.4,5.0,2.19,1.0,8.0,17,6,11,0,35.3,False,2,25.8,17.8,1.448,1.044,7,1.015,1.007,1.011,237.5,MEDIUM,4.8,4.1,-26.4,70.0,UNDER,‚è∞ MINS UP,4.4,2.5,0.0,1.1,0.0,-2.0,10.0
12-06-2025,Danny Wolf,BKN,NOP,HOME,NOP @ BKN,rebounds,5.5,-160,draftkings,3.9,5.8,4.0,3.14,0.0,9.0,8,2,6,0,25.0,False,2,23.0,15.4,1.496,1.03,9,0.976,1.009,0.992,226.5,HIGH,4.1,3.7,-26.4,51.0,UNDER,üí® BLOWOUT RISK | ‚è∞ MINS UP,3.0,2.5,0.0,-0.8,0.0,-5.0,10.0
12-06-2025,Dyson Daniels,ATL,WAS,AWAY,ATL @ WAS,assists,6.5,116,fanduel,5.9,6.4,6.0,3.04,1.0,13.0,24,9,15,0,37.5,True,2,37.4,34.0,1.1,1.113,2,1.007,1.015,1.011,237.5,MEDIUM,4.8,4.4,-26.3,64.0,UNDER,üí• SMASH SPOT | ‚ö†Ô∏è B2B | ‚è∞ MINS UP,11.3,-2.5,-8.0,1.1,0.0,-2.0,10.0
12-06-2025,Nicolas Batum,LAC,MIN,AWAY,LAC @ MIN,points,4.5,-104,fanduel,4.5,4.0,3.0,2.97,0.0,11.0,23,11,12,0,47.8,True,2,24.4,19.4,1.255,0.989,17,0.976,1.005,0.99,227.5,MEDIUM,3.3,3.5,-26.1,44.0,UNDER,‚ö†Ô∏è B2B | ‚è∞ MINS UP,-1.1,-2.5,-8.0,-1.0,0.3,-2.0,10.0
12-06-2025,Craig Porter Jr,CLE,GSW,HOME,GSW @ CLE,pra,12.5,-111,draftkings,11.2,9.4,10.0,7.45,1.0,32.0,21,8,13,0,38.1,True,2,15.6,17.2,0.907,0.971,27,1.003,0.998,1.001,229.5,MEDIUM,9.3,11.3,-25.9,45.0,UNDER,üõ°Ô∏è TOUGH DEF | ‚ö†Ô∏è B2B | ‚è∞ MINS DOWN,-2.9,2.5,-8.0,0.1,0.6,-2.0,-9.3
12-06-2025,Maxime Raynaud,SAC,MIA,AWAY,SAC @ MIA,rebounds,5.5,116,fanduel,3.7,4.0,3.5,2.46,0.0,10.0,14,3,11,0,21.4,False,2,20.0,15.9,1.261,1.089,3,1.002,1.04,1.021,241.5,MEDIUM,4.1,3.5,-25.6,62.0,UNDER,üí• SMASH SPOT | ‚è∞ MINS UP,8.9,-2.5,0.0,2.1,0.0,-2.0,10.0
12-06-2025,Jaylon Tyson,CLE,GSW,HOME,GSW @ CLE,points,12.5,-115,fanduel,13.1,18.2,14.0,6.58,3.0,27.0,19,10,9,0,52.6,True,2,30.4,27.4,1.109,0.958,27,1.003,0.998,1.001,229.5,MEDIUM,9.3,9.5,-25.5,62.0,UNDER,üõ°Ô∏è TOUGH DEF | ‚ö†Ô∏è B2B | ‚è∞ MINS UP,-4.2,2.5,-8.0,0.1,0.6,-2.0,10.0
12-06-2025,Craig Porter Jr,CLE,GSW,HOME,GSW @ CLE,assists,2.5,-166,fanduel,2.4,1.8,2.0,2.11,0.0,9.0,21,8,13,0,38.1,True,2,15.6,17.2,0.907,0.965,21,1.003,0.998,1.001,229.5,MEDIUM,1.9,2.3,-25.5,44.0,UNDER,‚ö†Ô∏è B2B | ‚è∞ MINS DOWN,-3.5,2.5,-8.0,0.1,0.0,-2.0,-9.3
12-06-2025,Kevin Porter Jr.,MIL,DET,AWAY,MIL @ DET,pra,31.5,-113,fanduel,29.0,29.0,35.0,11.29,12.0,39.0,5,3,2,0,60.0,True,2,27.4,27.4,1.0,0.955,22,0.991,1.002,0.996,224.5,HIGH,23.5,29.0,-25.4,26.0,UNDER,‚ö†Ô∏è B2B | üí® BLOWOUT RISK,-4.5,-2.5,-8.0,-0.4,-0.1,-5.0,0.0
12-06-2025,Ausar Thompson,DET,MIL,HOME,MIL @ DET,assists,2.5,-113,fanduel,2.8,2.6,3.0,1.98,0.0,7.0,19,10,9,0,52.6,True,2,26.8,28.1,0.954,1.021,9,1.002,0.991,0.996,224.5,HIGH,3.1,3.6,25.2,45.0,OVER,‚ö†Ô∏è B2B | üí® BLOWOUT RISK,2.1,2.5,-8.0,-0.4,0.0,-5.0,-4.6
12-06-2025,Myles Turner,MIL,DET,AWAY,MIL @ DET,pra,19.5,-109,betonlineag,20.3,16.0,21.0,6.2,11.0,34.0,24,14,10,0,58.3,True,2,24.2,28.8,0.842,0.955,22,0.991,1.002,0.996,224.5,HIGH,14.7,20.1,-24.8,46.0,UNDER,‚ö†Ô∏è B2B | üí® BLOWOUT RISK | ‚è∞ MINS DOWN,-4.5,-2.5,-8.0,-0.4,-0.1,-5.0,-10.0
12-06-2025,Bogdan Bogdanovic,LAC,MIN,AWAY,LAC @ MIN,pra,12.5,-124,draftkings,16.0,18.6,18.0,7.95,3.0,27.0,9,6,3,0,66.7,False,2,27.8,25.6,1.088,0.987,17,0.976,1.005,0.99,227.5,MEDIUM,15.6,15.3,24.8,57.0,OVER,‚è∞ MINS UP,-1.3,-2.5,0.0,-1.0,0.3,-2.0,8.8
12-06-2025,Anthony Davis,DAL,HOU,HOME,HOU @ DAL,points,20.5,-102,fanduel,18.6,13.4,22.0,10.56,2.0,32.0,9,5,4,0,55.6,True,2,23.8,29.1,0.818,0.969,26,1.001,0.985,0.993,220.5,MEDIUM,15.4,19.4,-24.7,53.0,UNDER,üõ°Ô∏è TOUGH DEF | ‚ö†Ô∏è B2B | ‚è∞ MINS DOWN,-3.1,2.5,-8.0,-0.7,-0.6,-2.0,-10.0
12-06-2025,Donovan Mitchell,CLE,GSW,HOME,GSW @ CLE,rebounds,4.5,-148,fanduel,4.9,5.2,4.5,3.3,1.0,15.0,22,11,11,0,50.0,True,2,34.8,34.2,1.018,1.002,13,1.003,0.998,1.001,229.5,MEDIUM,3.4,3.6,-24.5,43.0,UNDER,‚ö†Ô∏è B2B,0.2,2.5,-8.0,0.1,0.0,-2.0,1.8
12-06-2025,Anthony Davis,DAL,HOU,HOME,HOU @ DAL,pra,33.5,-113,fanduel,32.3,26.6,38.0,13.77,8.0,49.0,9,6,3,0,66.7,True,2,23.8,29.1,0.818,0.945,26,1.001,0.985,0.993,220.5,MEDIUM,25.3,32.6,-24.5,50.0,UNDER,üõ°Ô∏è TOUGH DEF | ‚ö†Ô∏è B2B | ‚è∞ MINS DOWN,-5.5,2.5,-8.0,-0.7,-0.6,-2.0,-10.0
12-06-2025,Kris Dunn,LAC,MIN,AWAY,LAC @ MIN,pra,12.5,-113,fanduel,13.0,13.4,13.0,4.76,5.0,22.0,23,13,10,0,56.5,True,2,26.2,25.9,1.011,0.987,17,0.976,1.005,0.99,227.5,MEDIUM,9.5,10.9,-24.0,59.0,UNDER,‚ö†Ô∏è B2B,-1.3,-2.5,-8.0,-1.0,0.3,-2.0,1.1
12-06-2025,Reed Sheppard,HOU,DAL,AWAY,HOU @ DAL,rebounds,3.5,-113,fanduel,3.1,5.6,2.5,2.62,0.0,9.0,20,8,12,0,40.0,True,2,28.0,25.2,1.113,1.108,2,0.985,1.001,0.993,220.5,MEDIUM,2.7,2.5,-24.0,51.0,UNDER,üí• SMASH SPOT | ‚ö†Ô∏è B2B | ‚è∞ MINS UP,10.8,-2.5,-8.0,-0.7,0.0,-2.0,10.0
12-06-2025,Luke Kennard,ATL,WAS,AWAY,ATL @ WAS,rebounds,2.5,130,betmgm,1.9,1.8,2.0,1.48,0.0,5.0,21,8,13,0,38.1,True,2,17.4,20.7,0.842,1.131,1,1.007,1.015,1.011,237.5,MEDIUM,1.9,2.1,-24.0,57.0,UNDER,üí• SMASH SPOT | ‚ö†Ô∏è B2B | ‚è∞ MINS DOWN,13.1,-2.5,-8.0,1.1,0.0,-2.0,-10.0
12-06-2025,Naji Marshall,DAL,HOU,HOME,HOU @ DAL,points,11.5,102,fanduel,12.5,15.8,9.0,7.16,3.0,30.0,24,11,13,0,45.8,True,2,31.6,27.5,1.149,0.969,26,1.001,0.985,0.993,220.5,MEDIUM,8.8,9.0,-23.9,56.0,UNDER,üõ°Ô∏è TOUGH DEF | ‚ö†Ô∏è B2B | ‚è∞ MINS UP,-3.1,2.5,-8.0,-0.7,-0.6,-2.0,10.0
12-06-2025,Will Richard,GSW,CLE,AWAY,GSW @ CLE,pra,14.5,-106,fanduel,11.9,12.6,10.0,8.48,3.0,40.0,21,6,15,0,28.6,False,2,23.0,18.8,1.226,1.003,12,0.998,1.003,1.001,229.5,MEDIUM,11.0,10.4,-23.9,60.0,UNDER,‚è∞ MINS UP,0.3,-2.5,0.0,0.1,0.6,-2.0,10.0
12-06-2025,Kyle Kuzma,MIL,DET,AWAY,MIL @ DET,points,12.5,-113,fanduel,12.7,10.4,11.0,7.06,1.0,29.0,23,10,13,0,43.5,True,2,24.0,25.9,0.928,0.977,22,0.991,1.002,0.996,224.5,HIGH,9.5,12.4,-23.7,52.0,UNDER,‚ö†Ô∏è B2B | üí® BLOWOUT RISK | ‚è∞ MINS DOWN,-2.3,-2.5,-8.0,-0.4,-0.1,-5.0,-7.2
12-06-2025,Cooper Flagg,DAL,HOU,HOME,HOU @ DAL,points,16.5,-102,fanduel,17.2,22.0,16.0,7.07,2.0,35.0,23,9,14,0,39.1,True,2,33.4,33.6,0.994,0.969,26,1.001,0.985,0.993,220.5,MEDIUM,12.7,14.4,-23.3,70.0,UNDER,üõ°Ô∏è TOUGH DEF | ‚ö†Ô∏è B2B,-3.1,2.5,-8.0,-0.7,-0.6,-2.0,-0.6
12-06-2025,Dyson Daniels,ATL,WAS,AWAY,ATL @ WAS,pra,24.5,-125,fanduel,22.8,25.4,24.0,8.05,7.0,37.0,24,12,12,0,50.0,True,2,37.4,34.0,1.1,1.102,1,1.007,1.015,1.011,237.5,MEDIUM,18.8,17.2,-23.1,63.0,UNDER,üí• SMASH SPOT | ‚ö†Ô∏è B2B | üìà HIGH TOTAL | ‚è∞ MINS UP,10.2,-2.5,-8.0,1.1,1.7,-2.0,10.0
12-06-2025,Anthony Edwards,MIN,LAC,HOME,LAC @ MIN,assists,4.5,-104,fanduel,3.9,4.8,4.0,1.81,0.0,6.0,18,8,10,0,44.4,False,2,38.2,33.9,1.127,1.021,9,1.005,0.976,0.99,227.5,MEDIUM,3.5,3.1,-23.0,63.0,UNDER,‚è∞ MINS UP,2.1,2.5,0.0,-1.0,0.0,-2.0,10.0
12-06-2025,Craig Porter Jr,CLE,GSW,HOME,GSW @ CLE,points,6.5,102,fanduel,5.6,4.2,4.0,5.02,0.0,19.0,21,7,14,0,33.3,True,2,15.6,17.2,0.907,0.958,27,1.003,0.998,1.001,229.5,MEDIUM,5.0,6.2,-22.9,52.0,UNDER,üõ°Ô∏è TOUGH DEF | ‚ö†Ô∏è B2B | ‚è∞ MINS DOWN,-4.2,2.5,-8.0,0.1,0.6,-2.0,-9.3
12-06-2025,Kevin Durant,HOU,DAL,AWAY,HOU @ DAL,pra,36.5,-111,fanduel,34.1,36.0,35.0,7.42,20.0,46.0,18,7,11,0,38.9,True,2,33.8,35.6,0.951,1.012,16,0.985,1.001,0.993,220.5,MEDIUM,28.2,33.7,-22.9,52.0,UNDER,‚ö†Ô∏è B2B,1.2,-2.5,-8.0,-0.7,-0.6,-2.0,-4.9
12-06-2025,Keegan Murray,SAC,MIA,AWAY,SAC @ MIA,assists,1.5,-132,draftkings,1.7,2.0,1.0,0.95,1.0,3.0,7,3,4,0,42.9,False,2,40.0,38.6,1.037,1.009,12,1.002,1.04,1.021,241.5,MEDIUM,1.8,1.8,22.5,47.0,OVER,,0.9,-2.5,0.0,2.1,0.0,-2.0,3.7
12-06-2025,Ryan Rollins,MIL,DET,AWAY,MIL @ DET,assists,5.5,-104,fanduel,6.0,6.0,5.5,2.49,2.0,14.0,24,12,12,0,50.0,True,2,35.2,32.7,1.078,0.897,29,0.991,1.002,0.996,224.5,HIGH,4.3,5.2,-22.4,48.0,UNDER,üõ°Ô∏è TOUGH DEF | ‚ö†Ô∏è B2B | üí® BLOWOUT RISK | ‚è∞ MINS UP,-10.3,-2.5,-8.0,-0.4,0.0,-5.0,7.8
12-06-2025,Norman Powell,MIA,ORL,AWAY,MIA @ ORL,assists,2.5,-118,fanduel,2.5,2.6,3.0,1.29,0.0,5.0,18,10,8,0,55.6,True,2,31.0,30.8,1.007,0.917,28,1.04,1.003,1.021,241.5,LOW,1.9,2.3,-22.2,49.0,UNDER,üõ°Ô∏è TOUGH DEF | ‚ö†Ô∏è B2B,-8.3,-2.5,-8.0,2.1,0.0,0.0,0.7
12-06-2025,Brandin Podziemski,GSW,CLE,AWAY,GSW @ CLE,points,13.5,-130,fanduel,12.3,11.6,12.0,5.22,5.0,23.0,23,10,13,0,43.5,False,2,25.4,28.0,0.906,1.001,12,0.998,1.003,1.001,229.5,MEDIUM,10.5,12.1,-21.9,45.0,UNDER,‚è∞ MINS DOWN,0.1,-2.5,0.0,0.1,0.6,-2.0,-9.4
12-06-2025,Jonathan Kuminga,GSW,CLE,AWAY,GSW @ CLE,points,16.5,100,fanduel,12.9,8.0,11.5,7.27,0.0,25.0,16,5,11,0,31.2,False,2,18.2,26.0,0.7,1.001,12,0.998,1.003,1.001,229.5,MEDIUM,12.9,14.9,-21.8,64.0,UNDER,‚è∞ MINS DOWN,0.1,-2.5,0.0,0.1,0.6,-2.0,-10.0
12-06-2025,Vit Krejci,ATL,WAS,AWAY,ATL @ WAS,pra,14.5,-107,betrivers,14.1,12.8,13.0,7.38,6.0,33.0,20,8,12,0,40.0,True,2,22.6,23.2,0.976,1.102,1,1.007,1.015,1.011,237.5,MEDIUM,11.4,11.7,-21.6,64.0,UNDER,üí• SMASH SPOT | ‚ö†Ô∏è B2B | üìà HIGH TOTAL,10.2,-2.5,-8.0,1.1,1.7,-2.0,-2.4
12-06-2025,Cooper Flagg,DAL,HOU,HOME,HOU @ DAL,rebounds,6.5,114,fanduel,6.4,6.2,7.0,2.44,1.0,10.0,23,13,10,0,56.5,True,2,33.4,33.6,0.994,0.892,30,1.001,0.985,0.993,220.5,MEDIUM,5.1,6.3,-21.2,49.0,UNDER,üõ°Ô∏è TOUGH DEF | ‚ö†Ô∏è B2B,-10.8,2.5,-8.0,-0.7,0.0,-2.0,-0.6
12-06-2025,Carlton Carrington,WAS,ATL,HOME,ATL @ WAS,pra,18.5,-106,fanduel,14.1,14.4,14.0,4.25,5.0,23.0,21,3,18,0,14.3,False,2,24.8,25.2,0.983,1.019,10,1.015,1.007,1.011,237.5,MEDIUM,14.6,14.1,-21.1,69.0,UNDER,üìà HIGH TOTAL,1.9,2.5,0.0,1.1,1.7,-2.0,-1.7
12-06-2025,Naji Marshall,DAL,HOU,HOME,HOU @ DAL,pra,18.5,-104,fanduel,20.1,24.8,20.0,8.94,5.0,40.0,24,14,10,0,58.3,True,2,31.6,27.5,1.149,0.945,26,1.001,0.985,0.993,220.5,MEDIUM,14.6,15.4,-21.1,63.0,UNDER,üõ°Ô∏è TOUGH DEF | ‚ö†Ô∏è B2B | ‚è∞ MINS UP,-5.5,2.5,-8.0,-0.7,-0.6,-2.0,10.0
12-06-2025,Drew Eubanks,SAC,MIA,AWAY,SAC @ MIA,rebounds,3.5,130,fanduel,3.1,3.6,2.5,2.11,1.0,9.0,22,7,15,0,31.8,False,2,13.0,15.5,0.839,1.089,3,1.002,1.04,1.021,241.5,MEDIUM,2.8,2.9,-20.8,62.0,UNDER,üí• SMASH SPOT | ‚è∞ MINS DOWN,8.9,-2.5,0.0,2.1,0.0,-2.0,-10.0
12-06-2025,Mike Conley,MIN,LAC,HOME,LAC @ MIN,pra,8.5,-109,draftkings,10.7,7.8,10.0,4.87,3.0,19.0,22,14,8,0,63.6,False,2,15.4,19.4,0.795,1.002,14,1.005,0.976,0.99,227.5,MEDIUM,10.3,11.4,20.7,60.0,OVER,‚è∞ MINS DOWN,0.2,2.5,0.0,-1.0,0.3,-2.0,-10.0
12-06-2025,Mike Conley,MIN,LAC,HOME,LAC @ MIN,assists,2.5,-110,draftkings,3.3,2.4,3.0,1.99,0.0,7.0,22,13,9,0,59.1,False,2,15.4,19.4,0.795,1.021,9,1.005,0.976,0.99,227.5,MEDIUM,3.0,3.3,20.7,63.0,OVER,‚è∞ MINS DOWN,2.1,2.5,0.0,-1.0,0.0,-2.0,-10.0
12-06-2025,Donovan Mitchell,CLE,GSW,HOME,GSW @ CLE,assists,5.5,-130,fanduel,5.6,6.0,5.5,1.82,2.0,8.0,22,11,11,0,50.0,True,2,34.8,34.2,1.018,0.965,21,1.003,0.998,1.001,229.5,MEDIUM,4.4,4.8,-20.7,60.0,UNDER,‚ö†Ô∏è B2B,-3.5,2.5,-8.0,0.1,0.0,-2.0,1.8
12-06-2025,Cooper Flagg,DAL,HOU,HOME,HOU @ DAL,pra,25.5,-115,fanduel,26.9,32.0,28.0,8.94,4.0,45.0,23,13,10,0,56.5,True,2,33.4,33.6,0.994,0.945,26,1.001,0.985,0.993,220.5,MEDIUM,20.2,23.6,-20.7,64.0,UNDER,üõ°Ô∏è TOUGH DEF | ‚ö†Ô∏è B2B,-5.5,2.5,-8.0,-0.7,-0.6,-2.0,-0.6
12-06-2025,Rudy Gobert,MIN,LAC,HOME,LAC @ MIN,rebounds,10.5,-102,fanduel,10.3,10.6,10.5,3.46,5.0,18.0,22,11,11,0,50.0,False,2,29.6,31.7,0.933,0.988,18,1.005,0.976,0.99,227.5,MEDIUM,8.3,9.1,-20.5,58.0,UNDER,‚è∞ MINS DOWN,-1.2,2.5,0.0,-1.0,0.0,-2.0,-6.7
12-06-2025,Kyshawn George,WAS,ATL,HOME,ATL @ WAS,pra,26.5,-106,fanduel,25.7,21.6,24.0,10.62,12.0,49.0,19,7,12,0,36.8,False,2,31.0,31.2,0.995,1.019,10,1.015,1.007,1.011,237.5,MEDIUM,31.9,30.5,20.5,71.0,OVER,üìà HIGH TOTAL,1.9,2.5,0.0,1.1,1.7,-2.0,-0.5
12-06-2025,Julius Randle,MIN,LAC,HOME,LAC @ MIN,pra,32.5,-115,fanduel,36.2,32.0,40.0,7.34,22.0,48.0,22,14,8,0,63.6,False,2,34.2,33.7,1.015,1.002,14,1.005,0.976,0.99,227.5,MEDIUM,39.1,38.5,20.3,54.0,OVER,,0.2,2.5,0.0,-1.0,0.3,-2.0,1.5
12-06-2025,Ryan Rollins,MIL,DET,AWAY,MIL @ DET,pra,29.5,-108,fanduel,27.9,24.8,27.0,9.22,14.0,52.0,24,10,14,0,41.7,True,2,35.2,32.7,1.078,0.955,22,0.991,1.002,0.996,224.5,HIGH,23.5,26.9,-20.3,45.0,UNDER,‚ö†Ô∏è B2B | üí® BLOWOUT RISK | ‚è∞ MINS UP,-4.5,-2.5,-8.0,-0.4,-0.1,-5.0,7.8
12-06-2025,Kevin Porter Jr.,MIL,DET,AWAY,MIL @ DET,points,20.5,-106,fanduel,19.8,19.8,20.0,8.44,10.0,30.0,5,2,3,0,40.0,True,2,27.4,27.4,1.0,0.977,22,0.991,1.002,0.996,224.5,HIGH,16.4,19.8,-19.9,25.0,UNDER,‚ö†Ô∏è B2B | üí® BLOWOUT RISK,-2.3,-2.5,-8.0,-0.4,-0.1,-5.0,0.0
12-06-2025,Cam Whitmore,WAS,ATL,HOME,ATL @ WAS,pra,16.5,-125,betmgm,12.7,9.8,12.0,8.16,0.0,29.0,21,6,15,0,28.6,False,2,15.8,16.9,0.937,1.019,10,1.015,1.007,1.011,237.5,MEDIUM,13.2,13.4,-19.9,69.0,UNDER,üìà HIGH TOTAL | ‚è∞ MINS DOWN,1.9,2.5,0.0,1.1,1.7,-2.0,-6.3
12-06-2025,Andrew Wiggins,MIA,ORL,AWAY,MIA @ ORL,rebounds,5.5,126,fanduel,5.1,5.6,5.0,2.34,2.0,9.0,20,9,11,0,45.0,True,2,33.4,33.1,1.009,0.974,22,1.04,1.003,1.021,241.5,LOW,4.4,4.9,-19.8,43.0,UNDER,‚ö†Ô∏è B2B,-2.6,-2.5,-8.0,2.1,0.0,0.0,0.9
12-06-2025,Kris Dunn,LAC,MIN,AWAY,LAC @ MIN,points,7.5,106,fanduel,7.7,7.4,7.0,4.26,0.0,19.0,23,11,12,0,47.8,True,2,26.2,25.9,1.011,0.989,17,0.976,1.005,0.99,227.5,MEDIUM,6.0,6.9,-19.7,36.0,UNDER,‚ö†Ô∏è B2B,-1.1,-2.5,-8.0,-1.0,0.3,-2.0,1.1
12-06-2025,Ivica Zubac,LAC,MIN,AWAY,LAC @ MIN,assists,2.5,-121,draftkings,2.7,3.4,2.0,1.61,0.0,6.0,23,11,12,0,47.8,True,2,35.2,32.6,1.079,0.973,19,0.976,1.005,0.99,227.5,MEDIUM,2.0,2.2,-19.6,48.0,UNDER,‚ö†Ô∏è B2B | ‚è∞ MINS UP,-2.7,-2.5,-8.0,-1.0,0.0,-2.0,7.9
12-06-2025,Naz Reid,MIN,LAC,HOME,LAC @ MIN,assists,2.5,-104,draftkings,2.4,4.0,2.0,1.5,0.0,6.0,22,8,14,0,36.4,False,2,29.4,25.5,1.151,1.021,9,1.005,0.976,0.99,227.5,MEDIUM,2.0,1.8,-19.5,69.0,UNDER,‚è∞ MINS UP,2.1,2.5,0.0,-1.0,0.0,-2.0,10.0
12-06-2025,Kevin Durant,HOU,DAL,AWAY,HOU @ DAL,points,26.5,-102,fanduel,25.2,24.4,24.5,6.97,11.0,37.0,18,7,11,0,38.9,True,2,33.8,35.6,0.951,0.991,16,0.985,1.001,0.993,220.5,MEDIUM,21.3,26.1,-19.5,59.0,UNDER,‚ö†Ô∏è B2B,-0.9,-2.5,-8.0,-0.7,-0.6,-2.0,-4.9
12-06-2025,Carlton Carrington,WAS,ATL,HOME,ATL @ WAS,assists,4.5,-122,fanduel,4.0,3.8,3.0,2.35,1.0,11.0,21,9,12,0,42.9,False,2,24.8,25.2,0.983,1.009,12,1.015,1.007,1.011,237.5,MEDIUM,3.6,3.6,-19.4,55.0,UNDER,,0.9,2.5,0.0,1.1,0.0,-2.0,-1.7
12-06-2025,Cam Whitmore,WAS,ATL,HOME,ATL @ WAS,points,11.5,-111,fanduel,9.2,6.6,8.0,6.25,0.0,20.0,21,6,15,0,28.6,False,2,15.8,16.9,0.937,1.012,10,1.015,1.007,1.011,237.5,MEDIUM,9.3,9.5,-19.1,54.0,UNDER,üìà HIGH TOTAL | ‚è∞ MINS DOWN,1.2,2.5,0.0,1.1,1.7,-2.0,-6.3
12-06-2025,P.J. Washington,DAL,HOU,HOME,HOU @ DAL,pra,21.5,-114,draftkings,26.1,29.8,27.0,8.05,6.0,44.0,19,15,4,0,78.9,False,2,34.2,31.6,1.083,0.945,26,1.001,0.985,0.993,220.5,MEDIUM,25.6,25.2,18.9,76.0,OVER,üõ°Ô∏è TOUGH DEF | ‚è∞ MINS UP,-5.5,2.5,0.0,-0.7,-0.6,-2.0,8.3
12-06-2025,Myles Turner,MIL,DET,AWAY,MIL @ DET,assists,1.5,130,betmgm,1.8,1.8,2.0,1.1,0.0,5.0,24,14,10,0,58.3,True,2,24.2,28.8,0.842,0.897,29,0.991,1.002,0.996,224.5,HIGH,1.8,2.6,18.8,54.0,OVER,üõ°Ô∏è TOUGH DEF | ‚ö†Ô∏è B2B | üí® BLOWOUT RISK | ‚è∞ MINS DOWN,-10.3,-2.5,-8.0,-0.4,0.0,-5.0,-10.0
12-06-2025,Kyshawn George,WAS,ATL,HOME,ATL @ WAS,points,15.5,-111,fanduel,15.2,11.4,15.0,7.8,5.0,34.0,19,8,11,0,42.1,False,2,31.0,31.2,0.995,1.012,10,1.015,1.007,1.011,237.5,MEDIUM,18.4,17.7,18.8,65.0,OVER,üìà HIGH TOTAL,1.2,2.5,0.0,1.1,1.7,-2.0,-0.5
12-06-2025,P.J. Washington,DAL,HOU,HOME,HOU @ DAL,rebounds,6.5,116,fanduel,7.8,8.8,8.0,2.71,0.0,12.0,19,15,4,0,78.9,False,2,34.2,31.6,1.083,0.892,30,1.001,0.985,0.993,220.5,MEDIUM,7.7,8.0,18.6,76.0,OVER,üõ°Ô∏è TOUGH DEF | ‚è∞ MINS UP,-10.8,2.5,0.0,-0.7,0.0,-2.0,8.3
12-06-2025,Amen Thompson,HOU,DAL,AWAY,HOU @ DAL,assists,5.5,-148,fanduel,5.0,4.6,5.0,2.61,1.0,9.0,20,9,11,0,45.0,True,2,35.0,36.0,0.971,0.961,22,0.985,1.001,0.993,220.5,MEDIUM,4.5,5.5,-18.5,57.0,UNDER,‚ö†Ô∏è B2B,-3.9,-2.5,-8.0,-0.7,0.0,-2.0,-2.9
12-06-2025,Luke Kennard,ATL,WAS,AWAY,ATL @ WAS,assists,2.5,137,draftkings,2.3,2.6,2.0,1.32,0.0,5.0,21,8,13,0,38.1,True,2,17.4,20.7,0.842,1.113,2,1.007,1.015,1.011,237.5,MEDIUM,2.0,2.3,-18.1,65.0,UNDER,üí• SMASH SPOT | ‚ö†Ô∏è B2B | ‚è∞ MINS DOWN,11.3,-2.5,-8.0,1.1,0.0,-2.0,-10.0
12-06-2025,Caris LeVert,DET,MIL,HOME,MIL @ DET,pra,14.5,-106,fanduel,13.8,12.0,13.0,6.07,6.0,23.0,17,8,9,0,47.1,True,2,22.4,20.2,1.107,1.027,8,1.002,0.991,0.996,224.5,HIGH,11.9,11.8,-18.0,54.0,UNDER,‚ö†Ô∏è B2B | üí® BLOWOUT RISK | ‚è∞ MINS UP,2.7,2.5,-8.0,-0.4,-0.1,-5.0,10.0
12-06-2025,Naz Reid,MIN,LAC,HOME,LAC @ MIN,rebounds,5.5,-125,fanduel,5.7,5.4,5.0,2.81,2.0,12.0,22,9,13,0,40.9,False,2,29.4,25.5,1.151,0.988,18,1.005,0.976,0.99,227.5,MEDIUM,6.5,6.0,17.9,40.0,OVER,‚è∞ MINS UP,-1.2,2.5,0.0,-1.0,0.0,-2.0,10.0
12-06-2025,Russell Westbrook,SAC,MIA,AWAY,SAC @ MIA,rebounds,7.5,120,fanduel,7.0,7.4,7.0,3.89,0.0,16.0,22,9,13,0,40.9,False,2,28.2,28.2,1.001,1.089,3,1.002,1.04,1.021,241.5,MEDIUM,6.2,5.8,-17.8,66.0,UNDER,üí• SMASH SPOT,8.9,-2.5,0.0,2.1,0.0,-2.0,0.1
12-06-2025,Mike Conley,MIN,LAC,HOME,LAC @ MIN,points,4.5,106,fanduel,5.5,4.0,5.0,2.77,0.0,10.0,22,16,6,0,72.7,False,2,15.4,19.4,0.795,1.0,14,1.005,0.976,0.99,227.5,MEDIUM,5.3,5.9,17.7,70.0,OVER,‚è∞ MINS DOWN,-0.0,2.5,0.0,-1.0,0.3,-2.0,-10.0
12-06-2025,Zach LaVine,SAC,MIA,AWAY,SAC @ MIA,pra,25.5,-111,fanduel,25.2,19.8,27.5,10.69,4.0,42.0,20,10,10,0,50.0,False,2,31.4,33.2,0.947,1.025,12,1.002,1.04,1.021,241.5,MEDIUM,30.0,31.0,17.6,60.0,OVER,üìà HIGH TOTAL | ‚è∞ MINS DOWN,2.5,-2.5,0.0,2.1,2.2,-2.0,-5.3
12-06-2025,C.J. McCollum,WAS,ATL,HOME,ATL @ WAS,points,20.5,-111,fanduel,18.1,23.4,17.0,11.11,3.0,46.0,21,7,14,0,33.3,False,2,31.6,29.8,1.062,1.012,10,1.015,1.007,1.011,237.5,MEDIUM,17.0,15.3,-17.2,64.0,UNDER,üìà HIGH TOTAL | ‚è∞ MINS UP,1.2,2.5,0.0,1.1,1.7,-2.0,6.2
12-06-2025,Ryan Rollins,MIL,DET,AWAY,MIL @ DET,points,19.5,-111,fanduel,17.8,15.0,16.0,7.08,9.0,32.0,24,10,14,0,41.7,True,2,35.2,32.7,1.078,0.977,22,0.991,1.002,0.996,224.5,HIGH,16.2,18.1,-17.0,49.0,UNDER,‚ö†Ô∏è B2B | üí® BLOWOUT RISK | ‚è∞ MINS UP,-2.3,-2.5,-8.0,-0.4,-0.1,-5.0,7.8
12-06-2025,Darius Garland,CLE,GSW,HOME,GSW @ CLE,rebounds,2.5,-106,fanduel,2.8,2.6,2.0,1.49,1.0,5.0,8,3,5,0,37.5,False,2,29.8,27.8,1.074,1.002,13,1.003,0.998,1.001,229.5,MEDIUM,2.9,2.7,16.8,52.0,OVER,‚è∞ MINS UP,0.2,2.5,0.0,0.1,0.0,-2.0,7.4
12-06-2025,Jabari Smith Jr,HOU,DAL,AWAY,HOU @ DAL,pra,23.5,-115,fanduel,23.0,20.8,21.0,5.78,15.0,36.0,19,7,12,0,36.8,True,2,32.8,33.1,0.992,1.012,16,0.985,1.001,0.993,220.5,MEDIUM,19.6,22.5,-16.6,57.0,UNDER,‚ö†Ô∏è B2B,1.2,-2.5,-8.0,-0.7,-0.6,-2.0,-0.8
12-06-2025,Ron Holland,DET,MIL,HOME,MIL @ DET,rebounds,3.5,144,fanduel,3.3,2.2,3.0,2.12,0.0,7.0,23,11,12,0,47.8,True,2,17.2,21.1,0.814,1.04,8,1.002,0.991,0.996,224.5,HIGH,2.9,3.5,-16.5,51.0,UNDER,‚ö†Ô∏è B2B | üí® BLOWOUT RISK | ‚è∞ MINS DOWN,4.0,2.5,-8.0,-0.4,0.0,-5.0,-10.0
12-06-2025,Jaden McDaniels,MIN,LAC,HOME,LAC @ MIN,pra,20.5,100,fanduel,22.9,20.6,23.0,5.97,12.0,38.0,21,12,9,0,57.1,False,2,31.4,31.9,0.986,1.002,14,1.005,0.976,0.99,227.5,MEDIUM,23.9,24.2,16.4,47.0,OVER,,0.2,2.5,0.0,-1.0,0.3,-2.0,-1.4
12-06-2025,Carlton Carrington,WAS,ATL,HOME,ATL @ WAS,rebounds,3.5,-136,fanduel,3.5,3.0,3.0,1.78,0.0,7.0,21,10,11,0,47.6,False,2,24.8,25.2,0.983,1.044,7,1.015,1.007,1.011,237.5,MEDIUM,4.1,3.9,16.2,58.0,OVER,,4.4,2.5,0.0,1.1,0.0,-2.0,-1.7
12-06-2025,Jaden Ivey,DET,MIL,HOME,MIL @ DET,rebounds,2.5,-162,fanduel,2.4,2.2,2.5,2.07,0.0,6.0,8,4,4,0,50.0,True,2,13.4,13.6,0.983,1.04,8,1.002,0.991,0.996,224.5,HIGH,2.1,2.3,-16.1,30.0,UNDER,‚ö†Ô∏è B2B | üí® BLOWOUT RISK,4.0,2.5,-8.0,-0.4,0.0,-5.0,-1.7
12-06-2025,Evan Mobley,CLE,GSW,HOME,GSW @ CLE,assists,4.5,130,fanduel,4.2,5.2,4.0,1.5,0.0,7.0,23,11,12,0,47.8,True,2,33.6,34.1,0.986,0.965,21,1.003,0.998,1.001,229.5,MEDIUM,3.8,4.3,-15.9,60.0,UNDER,‚ö†Ô∏è B2B,-3.5,2.5,-8.0,0.1,0.0,-2.0,-1.4
12-06-2025,Gary Trent Jr,MIL,DET,AWAY,MIL @ DET,assists,1.5,-118,betmgm,1.8,1.4,2.0,1.27,0.0,4.0,24,14,10,0,58.3,True,2,25.2,27.6,0.912,0.897,29,0.991,1.002,0.996,224.5,HIGH,1.7,2.5,15.7,55.0,OVER,üõ°Ô∏è TOUGH DEF | ‚ö†Ô∏è B2B | üí® BLOWOUT RISK | ‚è∞ MINS DOWN,-10.3,-2.5,-8.0,-0.4,0.0,-5.0,-8.8
12-06-2025,Josh Okogie,HOU,DAL,AWAY,HOU @ DAL,pra,11.5,-118,betmgm,10.2,8.2,11.0,5.23,1.0,19.0,20,9,11,0,45.0,True,2,19.2,20.8,0.921,1.012,16,0.985,1.001,0.993,220.5,MEDIUM,9.7,12.0,-15.6,53.0,UNDER,‚ö†Ô∏è B2B | ‚è∞ MINS DOWN,1.2,-2.5,-8.0,-0.7,-0.6,-2.0,-7.9
12-06-2025,Cade Cunningham,DET,MIL,HOME,MIL @ DET,rebounds,6.5,110,fanduel,6.4,7.2,6.0,3.07,1.0,13.0,20,9,11,0,45.0,True,2,37.4,36.7,1.019,1.04,8,1.002,0.991,0.996,224.5,HIGH,5.5,5.8,-15.6,46.0,UNDER,‚ö†Ô∏è B2B | üí® BLOWOUT RISK,4.0,2.5,-8.0,-0.4,0.0,-5.0,1.9
12-06-2025,Jalen Duren,DET,MIL,HOME,MIL @ DET,pra,32.5,-106,fanduel,32.1,26.8,31.5,10.26,12.0,49.0,20,9,11,0,45.0,True,2,29.2,29.0,1.007,1.027,8,1.002,0.991,0.996,224.5,HIGH,27.5,29.8,-15.4,58.0,UNDER,‚ö†Ô∏è B2B | üí® BLOWOUT RISK,2.7,2.5,-8.0,-0.4,-0.1,-5.0,0.7
12-06-2025,Gary Trent Jr,MIL,DET,AWAY,MIL @ DET,pra,14.5,-106,betonlineag,12.8,8.6,12.5,5.71,4.0,26.0,24,9,15,0,37.5,True,2,25.2,27.6,0.912,0.955,22,0.991,1.002,0.996,224.5,HIGH,12.3,16.6,-15.4,59.0,UNDER,‚ö†Ô∏è B2B | üí® BLOWOUT RISK | ‚è∞ MINS DOWN,-4.5,-2.5,-8.0,-0.4,-0.1,-5.0,-8.8
12-06-2025,Cade Cunningham,DET,MIL,HOME,MIL @ DET,points,27.5,100,fanduel,27.7,26.4,27.5,8.44,12.0,46.0,20,10,10,0,50.0,True,2,37.4,36.7,1.019,1.024,8,1.002,0.991,0.996,224.5,HIGH,23.3,25.0,-15.4,56.0,UNDER,‚ö†Ô∏è B2B | üí® BLOWOUT RISK,2.4,2.5,-8.0,-0.4,-0.1,-5.0,1.9
12-06-2025,Dean Wade,CLE,GSW,HOME,GSW @ CLE,points,4.5,-128,fanduel,5.4,5.8,5.0,3.28,0.0,12.0,22,13,9,0,59.1,True,2,22.0,22.4,0.984,0.958,27,1.003,0.998,1.001,229.5,MEDIUM,5.2,5.9,15.0,63.0,OVER,üõ°Ô∏è TOUGH DEF | ‚ö†Ô∏è B2B,-4.2,2.5,-8.0,0.1,0.6,-2.0,-1.6
12-06-2025,Max Christie,DAL,HOU,HOME,HOU @ DAL,assists,1.5,-125,betmgm,2.0,1.0,1.0,1.94,0.0,7.0,24,11,13,0,45.8,True,2,26.0,29.0,0.895,0.949,25,1.001,0.985,0.993,220.5,MEDIUM,1.7,2.2,15.0,48.0,OVER,‚ö†Ô∏è B2B | ‚è∞ MINS DOWN,-5.1,2.5,-8.0,-0.7,0.0,-2.0,-10.0
12-06-2025,Russell Westbrook,SAC,MIA,AWAY,SAC @ MIA,pra,28.5,-118,fanduel,27.4,26.8,28.0,11.32,7.0,49.0,22,11,11,0,50.0,False,2,28.2,28.2,1.001,1.025,12,1.002,1.04,1.021,241.5,MEDIUM,24.2,23.7,-15.0,56.0,UNDER,üìà HIGH TOTAL,2.5,-2.5,0.0,2.1,2.2,-2.0,0.1
12-06-2025,James Harden,LAC,MIN,AWAY,LAC @ MIN,points,24.5,-108,fanduel,26.5,21.6,26.0,9.9,11.0,55.0,22,12,10,0,54.5,True,2,34.0,35.3,0.964,0.989,17,0.976,1.005,0.99,227.5,MEDIUM,20.8,25.0,-15.0,56.0,UNDER,‚ö†Ô∏è B2B,-1.1,-2.5,-8.0,-1.0,0.3,-2.0,-3.6
12-06-2025,Andrew Wiggins,MIA,ORL,AWAY,MIA @ ORL,pra,25.5,-120,fanduel,24.9,26.4,24.5,7.0,14.0,41.0,20,7,13,0,35.0,True,2,33.4,33.1,1.009,0.965,19,1.04,1.003,1.021,241.5,LOW,21.7,23.8,-14.9,54.0,UNDER,‚ö†Ô∏è B2B | üìà HIGH TOTAL,-3.5,-2.5,-8.0,2.1,2.2,0.0,0.9
12-06-2025,Terrence Shannon Jr.,MIN,LAC,HOME,LAC @ MIN,pra,6.5,-111,betonlineag,7.7,9.4,5.0,6.65,1.0,21.0,13,6,7,0,46.2,False,2,12.6,14.2,0.89,1.002,14,1.005,0.976,0.99,227.5,MEDIUM,7.5,8.3,14.9,44.0,OVER,‚è∞ MINS DOWN,0.2,2.5,0.0,-1.0,0.3,-2.0,-10.0
12-06-2025,James Harden,LAC,MIN,AWAY,LAC @ MIN,assists,8.5,116,fanduel,8.4,8.2,8.0,3.33,1.0,14.0,22,10,12,0,45.5,True,2,34.0,35.3,0.964,0.973,19,0.976,1.005,0.99,227.5,MEDIUM,7.3,8.9,-14.5,47.0,UNDER,‚ö†Ô∏è B2B,-2.7,-2.5,-8.0,-1.0,0.0,-2.0,-3.6
12-06-2025,Evan Mobley,CLE,GSW,HOME,GSW @ CLE,rebounds,9.5,-132,fanduel,9.1,10.6,9.0,2.7,5.0,14.0,23,11,12,0,47.8,True,2,33.6,34.1,0.986,1.002,13,1.003,0.998,1.001,229.5,MEDIUM,8.1,8.9,-14.4,50.0,UNDER,‚ö†Ô∏è B2B,0.2,2.5,-8.0,0.1,0.0,-2.0,-1.4
12-06-2025,Darius Garland,CLE,GSW,HOME,GSW @ CLE,points,16.5,-106,fanduel,13.6,14.0,13.0,6.16,6.0,21.0,8,3,5,0,37.5,False,2,29.8,27.8,1.074,0.958,27,1.003,0.998,1.001,229.5,MEDIUM,14.2,13.6,-14.2,49.0,UNDER,üõ°Ô∏è TOUGH DEF | ‚è∞ MINS UP,-4.2,2.5,0.0,0.1,0.6,-2.0,7.4
12-06-2025,P.J. Washington,DAL,HOU,HOME,HOU @ DAL,points,13.5,-115,fanduel,16.0,18.8,15.0,6.62,6.0,29.0,19,14,5,0,73.7,False,2,34.2,31.6,1.083,0.969,26,1.001,0.985,0.993,220.5,MEDIUM,15.4,14.8,14.1,70.0,OVER,üõ°Ô∏è TOUGH DEF | ‚è∞ MINS UP,-3.1,2.5,0.0,-0.7,-0.6,-2.0,8.3
12-06-2025,Jaime Jaquez Jr,MIA,ORL,AWAY,MIA @ ORL,pra,26.5,-122,fanduel,26.3,18.4,24.0,8.96,13.0,43.0,22,9,13,0,40.9,True,2,25.2,29.1,0.865,0.965,19,1.04,1.003,1.021,241.5,LOW,22.8,28.0,-14.1,48.0,UNDER,‚ö†Ô∏è B2B | üìà HIGH TOTAL | ‚è∞ MINS DOWN,-3.5,-2.5,-8.0,2.1,2.2,0.0,-10.0
12-06-2025,Will Richard,GSW,CLE,AWAY,GSW @ CLE,points,8.5,-130,fanduel,8.1,8.0,6.0,6.59,0.0,30.0,21,8,13,0,38.1,False,2,23.0,18.8,1.226,1.001,12,0.998,1.003,1.001,229.5,MEDIUM,7.3,6.9,-14.1,53.0,UNDER,‚è∞ MINS UP,0.1,-2.5,0.0,0.1,0.6,-2.0,10.0
12-06-2025,Brandon Williams,DAL,HOU,HOME,HOU @ DAL,pra,12.5,-240,bovada,17.0,15.0,17.5,8.51,1.0,31.0,22,16,6,0,72.7,True,2,20.2,21.5,0.938,0.945,26,1.001,0.985,0.993,220.5,MEDIUM,10.8,13.3,-14.0,72.0,UNDER,üõ°Ô∏è TOUGH DEF | ‚ö†Ô∏è B2B | ‚è∞ MINS DOWN,-5.5,2.5,-8.0,-0.7,-0.6,-2.0,-6.2
12-06-2025,Naji Marshall,DAL,HOU,HOME,HOU @ DAL,rebounds,4.5,-122,fanduel,5.1,5.6,5.0,2.34,1.0,9.0,24,16,8,0,66.7,True,2,31.6,27.5,1.149,0.892,30,1.001,0.985,0.993,220.5,MEDIUM,3.9,4.3,-14.0,69.0,UNDER,üõ°Ô∏è TOUGH DEF | ‚ö†Ô∏è B2B | ‚è∞ MINS UP,-10.8,2.5,-8.0,-0.7,0.0,-2.0,10.0
12-06-2025,Onyeka Okongwu,ATL,WAS,AWAY,ATL @ WAS,points,19.5,102,fanduel,15.8,13.6,15.0,6.31,7.0,32.0,23,7,16,0,30.4,True,2,35.8,30.6,1.17,1.082,1,1.007,1.015,1.011,237.5,MEDIUM,16.8,15.6,-13.9,61.0,UNDER,üí• SMASH SPOT | ‚ö†Ô∏è B2B | üìà HIGH TOTAL | ‚è∞ MINS UP,8.2,-2.5,-8.0,1.1,1.7,-2.0,10.0
12-06-2025,Vit Krejci,ATL,WAS,AWAY,ATL @ WAS,rebounds,2.5,-157,betrivers,2.3,2.8,2.0,1.17,0.0,5.0,20,9,11,0,45.0,True,2,22.6,23.2,0.976,1.131,1,1.007,1.015,1.011,237.5,MEDIUM,2.2,2.2,-13.7,47.0,UNDER,üí• SMASH SPOT | ‚ö†Ô∏è B2B,13.1,-2.5,-8.0,1.1,0.0,-2.0,-2.4
12-06-2025,Jalen Duren,DET,MIL,HOME,MIL @ DET,points,18.5,-106,fanduel,18.9,15.0,19.0,7.42,6.0,33.0,20,11,9,0,55.0,True,2,29.2,29.0,1.007,1.024,8,1.002,0.991,0.996,224.5,HIGH,16.0,17.4,-13.5,56.0,UNDER,‚ö†Ô∏è B2B | üí® BLOWOUT RISK,2.4,2.5,-8.0,-0.4,-0.1,-5.0,0.7
12-06-2025,Reed Sheppard,HOU,DAL,AWAY,HOU @ DAL,pra,19.5,-106,fanduel,19.5,22.0,17.0,8.27,12.0,45.0,20,7,13,0,35.0,True,2,28.0,25.2,1.113,1.012,16,0.985,1.001,0.993,220.5,MEDIUM,16.9,17.5,-13.3,61.0,UNDER,‚ö†Ô∏è B2B | ‚è∞ MINS UP,1.2,-2.5,-8.0,-0.7,-0.6,-2.0,10.0
12-06-2025,Nickeil Alexander-Walker,ATL,WAS,AWAY,ATL @ WAS,points,21.5,-102,fanduel,20.8,28.2,20.0,7.68,8.0,38.0,22,8,14,0,36.4,True,2,35.8,32.9,1.089,1.082,1,1.007,1.015,1.011,237.5,MEDIUM,18.6,17.5,-13.3,72.0,UNDER,üí• SMASH SPOT | ‚ö†Ô∏è B2B | üìà HIGH TOTAL | ‚è∞ MINS UP,8.2,-2.5,-8.0,1.1,1.7,-2.0,8.9
12-06-2025,Kawhi Leonard,LAC,MIN,AWAY,LAC @ MIN,rebounds,4.5,-142,fanduel,5.7,6.4,5.0,2.1,3.0,10.0,13,9,4,0,69.2,True,2,31.6,31.8,0.995,0.997,15,0.976,1.005,0.99,227.5,MEDIUM,5.1,5.9,13.3,52.0,OVER,‚ö†Ô∏è B2B,-0.3,-2.5,-8.0,-1.0,0.0,-2.0,-0.5
12-06-2025,Kevin Durant,HOU,DAL,AWAY,HOU @ DAL,rebounds,5.5,112,fanduel,5.0,6.2,5.0,2.2,1.0,9.0,18,6,12,0,33.3,True,2,33.8,35.6,0.951,1.108,2,0.985,1.001,0.993,220.5,MEDIUM,4.8,5.2,-13.1,67.0,UNDER,üí• SMASH SPOT | ‚ö†Ô∏è B2B,10.8,-2.5,-8.0,-0.7,0.0,-2.0,-4.9
12-06-2025,Jalen Duren,DET,MIL,HOME,MIL @ DET,rebounds,11.5,-118,fanduel,11.3,10.6,11.0,4.52,6.0,22.0,20,9,11,0,45.0,True,2,29.2,29.0,1.007,1.04,8,1.002,0.991,0.996,224.5,HIGH,10.0,10.7,-13.1,54.0,UNDER,‚ö†Ô∏è B2B | üí® BLOWOUT RISK,4.0,2.5,-8.0,-0.4,0.0,-5.0,0.7
12-06-2025,James Harden,LAC,MIN,AWAY,LAC @ MIN,pra,37.5,-113,fanduel,40.3,34.4,40.5,12.6,16.0,66.0,22,14,8,0,63.6,True,2,34.0,35.3,0.964,0.987,17,0.976,1.005,0.99,227.5,MEDIUM,32.6,39.2,-13.1,64.0,UNDER,‚ö†Ô∏è B2B,-1.3,-2.5,-8.0,-1.0,0.3,-2.0,-3.6
12-06-2025,Cade Cunningham,DET,MIL,HOME,MIL @ DET,pra,42.5,-108,fanduel,43.2,42.2,41.5,10.47,21.0,69.0,20,9,11,0,45.0,True,2,37.4,36.7,1.019,1.027,8,1.002,0.991,0.996,224.5,HIGH,37.0,39.6,-13.0,61.0,UNDER,‚ö†Ô∏è B2B | üí® BLOWOUT RISK,2.7,2.5,-8.0,-0.4,-0.1,-5.0,1.9
12-06-2025,Reed Sheppard,HOU,DAL,AWAY,HOU @ DAL,assists,3.5,-113,fanduel,3.3,3.6,3.0,1.95,1.0,8.0,20,8,12,0,40.0,True,2,28.0,25.2,1.113,0.961,22,0.985,1.001,0.993,220.5,MEDIUM,3.0,3.3,-13.0,47.0,UNDER,‚ö†Ô∏è B2B | ‚è∞ MINS UP,-3.9,-2.5,-8.0,-0.7,0.0,-2.0,10.0
12-06-2025,Evan Mobley,CLE,GSW,HOME,GSW @ CLE,pra,32.5,-104,fanduel,32.2,35.8,32.0,6.76,19.0,45.0,23,11,12,0,47.8,True,2,33.6,34.1,0.986,0.971,27,1.003,0.998,1.001,229.5,MEDIUM,28.3,31.8,-12.9,54.0,UNDER,üõ°Ô∏è TOUGH DEF | ‚ö†Ô∏è B2B,-2.9,2.5,-8.0,0.1,0.6,-2.0,-1.4
12-06-2025,John Collins,LAC,MIN,AWAY,LAC @ MIN,pra,19.5,-109,betonlineag,17.9,21.2,18.0,5.35,6.0,26.0,23,8,15,0,34.8,True,2,30.2,27.0,1.12,0.987,17,0.976,1.005,0.99,227.5,MEDIUM,17.0,17.9,-12.9,59.0,UNDER,‚ö†Ô∏è B2B | ‚è∞ MINS UP,-1.3,-2.5,-8.0,-1.0,0.3,-2.0,10.0
12-06-2025,Gary Trent Jr,MIL,DET,AWAY,MIL @ DET,points,10.5,-102,fanduel,9.6,6.2,10.0,5.03,2.0,20.0,24,12,12,0,50.0,True,2,25.2,27.6,0.912,0.977,22,0.991,1.002,0.996,224.5,HIGH,9.1,12.1,-12.9,49.0,UNDER,‚ö†Ô∏è B2B | üí® BLOWOUT RISK | ‚è∞ MINS DOWN,-2.3,-2.5,-8.0,-0.4,-0.1,-5.0,-8.8
12-06-2025,Jabari Smith Jr,HOU,DAL,AWAY,HOU @ DAL,rebounds,6.5,-132,fanduel,6.3,4.6,6.0,2.56,2.0,11.0,19,9,10,0,47.4,True,2,32.8,33.1,0.992,1.108,2,0.985,1.001,0.993,220.5,MEDIUM,5.7,5.9,-12.9,66.0,UNDER,üí• SMASH SPOT | ‚ö†Ô∏è B2B,10.8,-2.5,-8.0,-0.7,0.0,-2.0,-0.8
12-06-2025,Rudy Gobert,MIN,LAC,HOME,LAC @ MIN,pra,21.5,-115,draftkings,23.5,26.4,24.0,8.07,10.0,41.0,22,12,10,0,54.5,False,2,29.6,31.7,0.933,1.002,14,1.005,0.976,0.99,227.5,MEDIUM,18.8,20.1,-12.8,62.0,UNDER,‚è∞ MINS DOWN,0.2,2.5,0.0,-1.0,0.3,-2.0,-6.7
12-06-2025,Nicolas Batum,LAC,MIN,AWAY,LAC @ MIN,rebounds,3.5,130,draftkings,2.7,2.4,3.0,1.61,0.0,6.0,23,6,17,0,26.1,True,2,24.4,19.4,1.255,0.997,15,0.976,1.005,0.99,227.5,MEDIUM,3.1,3.2,-12.7,60.0,UNDER,‚ö†Ô∏è B2B | ‚è∞ MINS UP,-0.3,-2.5,-8.0,-1.0,0.0,-2.0,10.0
12-06-2025,De'Andre Hunter,CLE,GSW,HOME,GSW @ CLE,pra,20.5,-118,fanduel,23.3,16.2,24.0,7.12,12.0,35.0,20,13,7,0,65.0,True,2,27.6,28.6,0.967,0.971,27,1.003,0.998,1.001,229.5,MEDIUM,23.1,26.4,12.5,65.0,OVER,üõ°Ô∏è TOUGH DEF | ‚ö†Ô∏è B2B,-2.9,2.5,-8.0,0.1,0.6,-2.0,-3.3
12-06-2025,Donte DiVincenzo,MIN,LAC,HOME,LAC @ MIN,assists,3.5,-136,fanduel,3.6,4.4,4.0,1.76,1.0,8.0,22,12,10,0,54.5,False,2,32.8,31.5,1.043,1.021,9,1.005,0.976,0.99,227.5,MEDIUM,3.9,3.7,12.0,53.0,OVER,,2.1,2.5,0.0,-1.0,0.0,-2.0,4.3
12-06-2025,Cam Whitmore,WAS,ATL,HOME,ATL @ WAS,rebounds,3.5,106,fanduel,2.8,2.6,3.0,2.17,0.0,7.0,21,7,14,0,33.3,False,2,15.8,16.9,0.937,1.044,7,1.015,1.007,1.011,237.5,MEDIUM,3.1,3.1,-12.0,63.0,UNDER,‚è∞ MINS DOWN,4.4,2.5,0.0,1.1,0.0,-2.0,-6.3
12-06-2025,Duncan Robinson,DET,MIL,HOME,MIL @ DET,pra,16.5,-102,betonlineag,17.8,18.2,19.0,6.21,2.0,28.0,21,12,9,0,57.1,True,2,33.0,32.0,1.03,1.027,8,1.002,0.991,0.996,224.5,HIGH,14.5,15.4,-11.9,58.0,UNDER,‚ö†Ô∏è B2B | üí® BLOWOUT RISK,2.7,2.5,-8.0,-0.4,-0.1,-5.0,3.0
12-06-2025,Andrew Wiggins,MIA,ORL,AWAY,MIA @ ORL,points,17.5,-102,fanduel,16.9,17.6,17.0,6.1,6.0,31.0,20,8,12,0,40.0,True,2,33.4,33.1,1.009,0.984,19,1.04,1.003,1.021,241.5,LOW,15.4,16.6,-11.8,44.0,UNDER,‚ö†Ô∏è B2B | üìà HIGH TOTAL,-1.6,-2.5,-8.0,2.1,2.2,0.0,0.9
12-06-2025,Jabari Smith Jr,HOU,DAL,AWAY,HOU @ DAL,points,14.5,-113,fanduel,14.9,14.4,15.0,4.53,5.0,25.0,19,11,8,0,57.9,True,2,32.8,33.1,0.992,0.991,16,0.985,1.001,0.993,220.5,MEDIUM,12.8,15.0,-11.8,40.0,UNDER,‚ö†Ô∏è B2B,-0.9,-2.5,-8.0,-0.7,-0.6,-2.0,-0.8
12-06-2025,Jaime Jaquez Jr,MIA,ORL,AWAY,MIA @ ORL,points,15.5,100,fanduel,15.3,10.6,13.5,7.02,4.0,31.0,22,10,12,0,45.5,True,2,25.2,29.1,0.865,0.984,19,1.04,1.003,1.021,241.5,LOW,13.7,16.5,-11.7,40.0,UNDER,‚ö†Ô∏è B2B | üìà HIGH TOTAL | ‚è∞ MINS DOWN,-1.6,-2.5,-8.0,2.1,2.2,0.0,-10.0
12-06-2025,Ivica Zubac,LAC,MIN,AWAY,LAC @ MIN,rebounds,10.5,-142,fanduel,11.6,11.8,11.0,3.87,5.0,19.0,23,15,8,0,65.2,True,2,35.2,32.6,1.079,0.997,15,0.976,1.005,0.99,227.5,MEDIUM,9.3,9.9,-11.7,64.0,UNDER,‚ö†Ô∏è B2B | ‚è∞ MINS UP,-0.3,-2.5,-8.0,-1.0,0.0,-2.0,7.9
12-06-2025,Drew Eubanks,SAC,MIA,AWAY,SAC @ MIA,pra,7.5,-135,betmgm,9.2,7.0,8.0,6.27,2.0,27.0,22,13,9,0,59.1,False,2,13.0,15.5,0.839,1.025,12,1.002,1.04,1.021,241.5,MEDIUM,6.6,7.2,-11.7,53.0,UNDER,üìà HIGH TOTAL | ‚è∞ MINS DOWN,2.5,-2.5,0.0,2.1,2.2,-2.0,-10.0
12-06-2025,Jonathan Kuminga,GSW,CLE,AWAY,GSW @ CLE,pra,24.5,-118,fanduel,21.8,14.0,18.5,9.83,4.0,39.0,16,5,11,0,31.2,False,2,18.2,26.0,0.7,1.003,12,0.998,1.003,1.001,229.5,MEDIUM,21.6,24.9,-11.7,68.0,UNDER,‚è∞ MINS DOWN,0.3,-2.5,0.0,0.1,0.6,-2.0,-10.0
12-06-2025,C.J. McCollum,WAS,ATL,HOME,ATL @ WAS,pra,28.5,-111,fanduel,24.7,30.0,22.0,12.43,8.0,55.0,21,6,15,0,28.6,False,2,31.6,29.8,1.062,1.019,10,1.015,1.007,1.011,237.5,MEDIUM,25.2,22.5,-11.7,60.0,UNDER,üìà HIGH TOTAL | ‚è∞ MINS UP,1.9,2.5,0.0,1.1,1.7,-2.0,6.2
12-06-2025,Rudy Gobert,MIN,LAC,HOME,LAC @ MIN,assists,1.5,-111,draftkings,1.9,2.6,2.0,1.38,0.0,5.0,22,12,10,0,54.5,False,2,29.6,31.7,0.933,1.021,9,1.005,0.976,0.99,227.5,MEDIUM,1.3,1.4,-11.5,50.0,UNDER,‚è∞ MINS DOWN,2.1,2.5,0.0,-1.0,0.0,-2.0,-6.7
12-06-2025,Max Christie,DAL,HOU,HOME,HOU @ DAL,points,8.5,-130,fanduel,12.1,9.4,12.0,4.6,1.0,23.0,24,22,2,0,91.7,True,2,26.0,29.0,0.895,0.969,26,1.001,0.985,0.993,220.5,MEDIUM,9.5,11.9,11.4,73.0,OVER,üõ°Ô∏è TOUGH DEF | ‚ö†Ô∏è B2B | ‚è∞ MINS DOWN,-3.1,2.5,-8.0,-0.7,-0.6,-2.0,-10.0
12-06-2025,Kawhi Leonard,LAC,MIN,AWAY,LAC @ MIN,assists,2.5,-166,fanduel,3.1,2.8,3.0,1.61,0.0,5.0,13,8,5,0,61.5,True,2,31.6,31.8,0.995,0.973,19,0.976,1.005,0.99,227.5,MEDIUM,2.8,3.3,11.3,51.0,OVER,‚ö†Ô∏è B2B,-2.7,-2.5,-8.0,-1.0,0.0,-2.0,-0.5
12-06-2025,Myles Turner,MIL,DET,AWAY,MIL @ DET,rebounds,5.5,-136,fanduel,5.9,2.8,6.5,2.58,2.0,11.0,24,14,10,0,58.3,True,2,24.2,28.8,0.842,0.969,23,0.991,1.002,0.996,224.5,HIGH,4.9,6.6,-11.1,54.0,UNDER,‚ö†Ô∏è B2B | üí® BLOWOUT RISK | ‚è∞ MINS DOWN,-3.1,-2.5,-8.0,-0.4,0.0,-5.0,-10.0
12-06-2025,Zaccharie Risacher,ATL,WAS,AWAY,ATL @ WAS,pra,16.5,-122,fanduel,15.4,13.4,16.0,6.22,2.0,26.0,21,9,12,0,42.9,True,2,26.6,25.0,1.064,1.102,1,1.007,1.015,1.011,237.5,MEDIUM,14.7,13.9,-10.7,67.0,UNDER,üí• SMASH SPOT | ‚ö†Ô∏è B2B | üìà HIGH TOTAL | ‚è∞ MINS UP,10.2,-2.5,-8.0,1.1,1.7,-2.0,6.4
12-06-2025,Donovan Mitchell,CLE,GSW,HOME,GSW @ CLE,pra,38.5,-122,fanduel,41.0,44.0,41.5,9.46,25.0,58.0,22,13,9,0,59.1,True,2,34.8,34.2,1.018,0.971,27,1.003,0.998,1.001,229.5,MEDIUM,34.4,37.4,-10.7,73.0,UNDER,üõ°Ô∏è TOUGH DEF | ‚ö†Ô∏è B2B,-2.9,2.5,-8.0,0.1,0.6,-2.0,1.8
12-06-2025,Onyeka Okongwu,ATL,WAS,AWAY,ATL @ WAS,rebounds,8.5,100,fanduel,7.3,8.2,7.0,3.38,1.0,14.0,23,8,15,0,34.8,True,2,35.8,30.6,1.17,1.131,1,1.007,1.015,1.011,237.5,MEDIUM,9.4,8.5,10.6,69.0,OVER,üí• SMASH SPOT | ‚ö†Ô∏è B2B | ‚è∞ MINS UP,13.1,-2.5,-8.0,1.1,0.0,-2.0,10.0
12-06-2025,Jalen Johnson,ATL,WAS,AWAY,ATL @ WAS,pra,43.5,-115,fanduel,41.1,48.0,42.0,11.39,21.0,63.0,21,7,14,0,33.3,True,2,38.0,35.0,1.084,1.102,1,1.007,1.015,1.011,237.5,MEDIUM,39.0,36.1,-10.4,74.0,UNDER,üí• SMASH SPOT | ‚ö†Ô∏è B2B | üìà HIGH TOTAL | ‚è∞ MINS UP,10.2,-2.5,-8.0,1.1,1.7,-2.0,8.4
12-06-2025,John Collins,LAC,MIN,AWAY,LAC @ MIN,points,12.5,-113,fanduel,12.2,14.4,12.0,4.83,2.0,21.0,23,11,12,0,47.8,True,2,30.2,27.0,1.12,0.989,17,0.976,1.005,0.99,227.5,MEDIUM,11.2,11.8,-10.3,35.0,UNDER,‚ö†Ô∏è B2B | ‚è∞ MINS UP,-1.1,-2.5,-8.0,-1.0,0.3,-2.0,10.0
12-06-2025,Vit Krejci,ATL,WAS,AWAY,ATL @ WAS,points,8.5,-122,fanduel,9.9,8.4,8.0,7.41,0.0,28.0,20,10,10,0,50.0,True,2,22.6,23.2,0.976,1.082,1,1.007,1.015,1.011,237.5,MEDIUM,7.6,8.0,-10.2,52.0,UNDER,üí• SMASH SPOT | ‚ö†Ô∏è B2B | üìà HIGH TOTAL,8.2,-2.5,-8.0,1.1,1.7,-2.0,-2.4
12-06-2025,Zaccharie Risacher,ATL,WAS,AWAY,ATL @ WAS,rebounds,2.5,-158,fanduel,2.7,2.4,3.0,1.35,0.0,5.0,21,12,9,0,57.1,True,2,26.6,25.0,1.064,1.131,1,1.007,1.015,1.011,237.5,MEDIUM,2.2,2.1,-10.1,63.0,UNDER,üí• SMASH SPOT | ‚ö†Ô∏è B2B | ‚è∞ MINS UP,13.1,-2.5,-8.0,1.1,0.0,-2.0,6.4
12-06-2025,Simone Fontecchio,MIA,ORL,AWAY,MIA @ ORL,pra,15.5,-118,betmgm,14.3,12.0,13.5,4.36,6.0,23.0,22,9,13,0,40.9,True,2,17.2,19.0,0.907,0.965,19,1.04,1.003,1.021,241.5,LOW,13.9,17.0,-10.1,62.0,UNDER,‚ö†Ô∏è B2B | üìà HIGH TOTAL | ‚è∞ MINS DOWN,-3.5,-2.5,-8.0,2.1,2.2,0.0,-9.3
12-06-2025,Bam Adebayo,MIA,ORL,AWAY,MIA @ ORL,rebounds,9.5,-106,fanduel,9.1,11.4,10.0,3.71,1.0,15.0,17,9,8,0,52.9,True,2,32.4,30.8,1.053,0.974,22,1.04,1.003,1.021,241.5,LOW,8.5,9.1,-10.0,45.0,UNDER,‚ö†Ô∏è B2B | ‚è∞ MINS UP,-2.6,-2.5,-8.0,2.1,0.0,0.0,5.3
12-06-2025,Ivica Zubac,LAC,MIN,AWAY,LAC @ MIN,pra,28.5,-122,fanduel,30.2,28.8,30.0,8.45,16.0,55.0,23,13,10,0,56.5,True,2,35.2,32.6,1.079,0.987,17,0.976,1.005,0.99,227.5,MEDIUM,25.7,27.6,-9.9,56.0,UNDER,‚ö†Ô∏è B2B | ‚è∞ MINS UP,-1.3,-2.5,-8.0,-1.0,0.3,-2.0,7.9
12-06-2025,Norman Powell,MIA,ORL,AWAY,MIA @ ORL,points,24.5,-104,fanduel,25.2,25.8,26.0,6.64,11.0,38.0,18,11,7,0,61.1,True,2,31.0,30.8,1.007,0.984,19,1.04,1.003,1.021,241.5,LOW,22.1,23.8,-9.8,50.0,UNDER,‚ö†Ô∏è B2B | üìà HIGH TOTAL,-1.6,-2.5,-8.0,2.1,2.2,0.0,0.7
12-06-2025,Kawhi Leonard,LAC,MIN,AWAY,LAC @ MIN,points,23.5,-111,fanduel,25.8,30.0,27.0,8.17,10.0,39.0,13,8,5,0,61.5,True,2,31.6,31.8,0.995,0.989,17,0.976,1.005,0.99,227.5,MEDIUM,21.2,24.7,-9.7,51.0,UNDER,‚ö†Ô∏è B2B,-1.1,-2.5,-8.0,-1.0,0.3,-2.0,-0.5
12-06-2025,Brandin Podziemski,GSW,CLE,AWAY,GSW @ CLE,rebounds,4.5,-162,fanduel,4.6,4.8,5.0,2.02,0.0,9.0,23,12,11,0,52.2,False,2,25.4,28.0,0.906,1.0,14,0.998,1.003,1.001,229.5,MEDIUM,4.1,4.7,-9.6,48.0,UNDER,‚è∞ MINS DOWN,-0.0,-2.5,0.0,0.1,0.0,-2.0,-9.4
12-06-2025,Dean Wade,CLE,GSW,HOME,GSW @ CLE,pra,10.5,100,fanduel,10.9,11.0,12.0,5.62,1.0,25.0,22,12,10,0,54.5,True,2,22.0,22.4,0.984,0.971,27,1.003,0.998,1.001,229.5,MEDIUM,9.5,10.7,-9.4,48.0,UNDER,üõ°Ô∏è TOUGH DEF | ‚ö†Ô∏è B2B,-2.9,2.5,-8.0,0.1,0.6,-2.0,-1.6
12-06-2025,C.J. McCollum,WAS,ATL,HOME,ATL @ WAS,rebounds,3.5,-102,fanduel,3.2,3.0,2.0,1.89,1.0,6.0,21,8,13,0,38.1,False,2,31.6,29.8,1.062,1.044,7,1.015,1.007,1.011,237.5,MEDIUM,3.8,3.4,9.4,47.0,OVER,‚è∞ MINS UP,4.4,2.5,0.0,1.1,0.0,-2.0,6.2
12-06-2025,Ausar Thompson,DET,MIL,HOME,MIL @ DET,rebounds,5.5,-122,fanduel,5.9,6.4,6.0,2.95,2.0,12.0,19,11,8,0,57.9,True,2,26.8,28.1,0.954,1.04,8,1.002,0.991,0.996,224.5,HIGH,6.0,6.8,9.4,53.0,OVER,‚ö†Ô∏è B2B | üí® BLOWOUT RISK,4.0,2.5,-8.0,-0.4,0.0,-5.0,-4.6
12-06-2025,Nickeil Alexander-Walker,ATL,WAS,AWAY,ATL @ WAS,rebounds,3.5,-113,fanduel,3.5,4.8,3.0,1.65,1.0,8.0,22,8,14,0,36.4,True,2,35.8,32.9,1.089,1.131,1,1.007,1.015,1.011,237.5,MEDIUM,3.2,2.9,-9.3,63.0,UNDER,üí• SMASH SPOT | ‚ö†Ô∏è B2B | ‚è∞ MINS UP,13.1,-2.5,-8.0,1.1,0.0,-2.0,8.9
12-06-2025,Danny Wolf,BKN,NOP,HOME,NOP @ BKN,pra,16.5,-120,draftkings,13.6,20.6,13.0,11.61,0.0,30.0,8,3,5,0,37.5,False,2,23.0,15.4,1.496,1.073,2,0.976,1.009,0.992,226.5,HIGH,15.0,13.1,-9.3,48.0,UNDER,üí• SMASH SPOT | üí® BLOWOUT RISK | ‚è∞ MINS UP,7.3,2.5,0.0,-0.8,0.2,-5.0,10.0
12-06-2025,Nickeil Alexander-Walker,ATL,WAS,AWAY,ATL @ WAS,pra,28.5,-115,fanduel,27.7,35.6,25.0,8.52,14.0,49.0,22,9,13,0,40.9,True,2,35.8,32.9,1.089,1.102,1,1.007,1.015,1.011,237.5,MEDIUM,25.9,23.9,-9.0,72.0,UNDER,üí• SMASH SPOT | ‚ö†Ô∏è B2B | üìà HIGH TOTAL | ‚è∞ MINS UP,10.2,-2.5,-8.0,1.1,1.7,-2.0,8.9
12-06-2025,DeMar DeRozan,SAC,MIA,AWAY,SAC @ MIA,pra,25.5,-108,fanduel,24.4,23.2,25.0,9.18,8.0,44.0,22,10,12,0,45.5,False,2,32.6,32.7,0.996,1.025,12,1.002,1.04,1.021,241.5,MEDIUM,27.8,27.3,8.9,61.0,OVER,üìà HIGH TOTAL,2.5,-2.5,0.0,2.1,2.2,-2.0,-0.4
12-06-2025,De'Andre Hunter,CLE,GSW,HOME,GSW @ CLE,points,14.5,-115,fanduel,16.4,11.6,16.0,6.2,8.0,29.0,20,12,8,0,60.0,True,2,27.6,28.6,0.967,0.958,27,1.003,0.998,1.001,229.5,MEDIUM,15.8,18.3,8.8,54.0,OVER,üõ°Ô∏è TOUGH DEF | ‚ö†Ô∏è B2B,-4.2,2.5,-8.0,0.1,0.6,-2.0,-3.3
12-06-2025,Onyeka Okongwu,ATL,WAS,AWAY,ATL @ WAS,assists,2.5,-144,draftkings,2.9,4.2,3.0,1.56,0.0,6.0,23,13,10,0,56.5,True,2,35.8,30.6,1.17,1.113,2,1.007,1.015,1.011,237.5,MEDIUM,2.7,2.5,8.8,52.0,OVER,üí• SMASH SPOT | ‚ö†Ô∏è B2B | ‚è∞ MINS UP,11.3,-2.5,-8.0,1.1,0.0,-2.0,10.0
12-06-2025,Norman Powell,MIA,ORL,AWAY,MIA @ ORL,pra,30.5,-115,fanduel,31.3,31.6,33.5,7.35,17.0,43.0,18,11,7,0,61.1,True,2,31.0,30.8,1.007,0.965,19,1.04,1.003,1.021,241.5,LOW,27.8,30.6,-8.7,44.0,UNDER,‚ö†Ô∏è B2B | üìà HIGH TOTAL,-3.5,-2.5,-8.0,2.1,2.2,0.0,0.7
12-06-2025,Kris Dunn,LAC,MIN,AWAY,LAC @ MIN,rebounds,2.5,-128,draftkings,2.7,3.4,2.0,1.77,0.0,7.0,23,11,12,0,47.8,True,2,26.2,25.9,1.011,0.997,15,0.976,1.005,0.99,227.5,MEDIUM,2.3,2.6,-8.7,32.0,UNDER,‚ö†Ô∏è B2B,-0.3,-2.5,-8.0,-1.0,0.0,-2.0,1.1
12-06-2025,Malik Monk,SAC,MIA,AWAY,SAC @ MIA,points,14.5,-130,fanduel,13.8,17.6,15.0,7.28,0.0,25.0,19,12,7,0,63.2,False,2,26.8,24.6,1.088,1.001,12,1.002,1.04,1.021,241.5,MEDIUM,15.7,14.5,8.5,62.0,OVER,üìà HIGH TOTAL | ‚è∞ MINS UP,0.1,-2.5,0.0,2.1,2.2,-2.0,8.8
12-06-2025,Jaylon Tyson,CLE,GSW,HOME,GSW @ CLE,assists,1.5,-135,betmgm,1.8,2.0,2.0,1.12,0.0,4.0,19,10,9,0,52.6,True,2,30.4,27.4,1.109,0.965,21,1.003,0.998,1.001,229.5,MEDIUM,1.4,1.4,-8.4,52.0,UNDER,‚ö†Ô∏è B2B | ‚è∞ MINS UP,-3.5,2.5,-8.0,0.1,0.0,-2.0,10.0
12-06-2025,Precious Achiuwa,SAC,MIA,AWAY,SAC @ MIA,rebounds,5.5,100,fanduel,5.1,6.0,5.0,2.47,1.0,10.0,15,5,10,0,33.3,False,2,24.2,20.9,1.16,1.089,3,1.002,1.04,1.021,241.5,MEDIUM,6.0,5.1,8.4,59.0,OVER,üí• SMASH SPOT | ‚è∞ MINS UP,8.9,-2.5,0.0,2.1,0.0,-2.0,10.0
12-06-2025,Jonathan Kuminga,GSW,CLE,AWAY,GSW @ CLE,assists,2.5,-178,fanduel,2.6,1.8,2.5,1.45,0.0,6.0,16,8,8,0,50.0,False,2,18.2,26.0,0.7,1.013,11,0.998,1.003,1.001,229.5,MEDIUM,2.7,3.1,8.1,53.0,OVER,‚è∞ MINS DOWN,1.3,-2.5,0.0,0.1,0.0,-2.0,-10.0
12-06-2025,C.J. McCollum,WAS,ATL,HOME,ATL @ WAS,assists,4.5,130,fanduel,3.4,3.6,3.0,1.43,1.0,7.0,21,4,17,0,19.0,False,2,31.6,29.8,1.062,1.009,12,1.015,1.007,1.011,237.5,MEDIUM,4.1,3.8,-8.1,74.0,UNDER,‚è∞ MINS UP,0.9,2.5,0.0,1.1,0.0,-2.0,6.2
12-06-2025,Kawhi Leonard,LAC,MIN,AWAY,LAC @ MIN,pra,31.5,-113,fanduel,34.5,39.2,36.0,9.05,16.0,45.0,13,9,4,0,69.2,True,2,31.6,31.8,0.995,0.987,17,0.976,1.005,0.99,227.5,MEDIUM,29.0,33.8,-8.0,52.0,UNDER,‚ö†Ô∏è B2B,-1.3,-2.5,-8.0,-1.0,0.3,-2.0,-0.5
12-06-2025,Jonathan Kuminga,GSW,CLE,AWAY,GSW @ CLE,rebounds,5.5,-104,fanduel,6.2,4.2,6.5,2.44,1.0,10.0,16,9,7,0,56.2,False,2,18.2,26.0,0.7,1.0,14,0.998,1.003,1.001,229.5,MEDIUM,5.9,6.9,7.9,62.0,OVER,‚è∞ MINS DOWN,-0.0,-2.5,0.0,0.1,0.0,-2.0,-10.0
12-06-2025,Caris LeVert,DET,MIL,HOME,MIL @ DET,assists,2.5,-102,betonlineag,2.9,2.2,3.0,2.01,0.0,8.0,17,9,8,0,52.9,True,2,22.4,20.2,1.107,1.021,9,1.002,0.991,0.996,224.5,HIGH,2.3,2.3,-7.8,44.0,UNDER,‚ö†Ô∏è B2B | üí® BLOWOUT RISK | ‚è∞ MINS UP,2.1,2.5,-8.0,-0.4,0.0,-5.0,10.0
12-06-2025,Mouhamed Gueye,ATL,WAS,AWAY,ATL @ WAS,pra,12.5,-105,betmgm,10.8,9.6,8.5,8.48,0.0,35.0,24,8,16,0,33.3,True,2,20.6,17.5,1.177,1.102,1,1.007,1.015,1.011,237.5,MEDIUM,13.5,12.3,7.8,44.0,OVER,üí• SMASH SPOT | ‚ö†Ô∏è B2B | üìà HIGH TOTAL | ‚è∞ MINS UP,10.2,-2.5,-8.0,1.1,1.7,-2.0,10.0
12-06-2025,Jalen Johnson,ATL,WAS,AWAY,ATL @ WAS,points,24.5,-111,fanduel,23.1,25.4,23.0,7.08,7.0,41.0,21,9,12,0,42.9,True,2,38.0,35.0,1.084,1.082,1,1.007,1.015,1.011,237.5,MEDIUM,22.6,21.3,-7.8,61.0,UNDER,üí• SMASH SPOT | ‚ö†Ô∏è B2B | üìà HIGH TOTAL | ‚è∞ MINS UP,8.2,-2.5,-8.0,1.1,1.7,-2.0,8.4
12-06-2025,Will Richard,GSW,CLE,AWAY,GSW @ CLE,assists,1.5,-125,betmgm,1.2,1.0,1.0,0.93,0.0,3.0,21,7,14,0,33.3,False,2,23.0,18.8,1.226,1.013,11,0.998,1.003,1.001,229.5,MEDIUM,1.4,1.3,-7.7,54.0,UNDER,‚è∞ MINS UP,1.3,-2.5,0.0,0.1,0.0,-2.0,10.0
12-06-2025,Drew Eubanks,SAC,MIA,AWAY,SAC @ MIA,points,3.5,-136,fanduel,5.7,2.8,4.5,5.21,0.0,19.0,22,14,8,0,63.6,False,2,13.0,15.5,0.839,1.001,12,1.002,1.04,1.021,241.5,MEDIUM,3.8,4.2,7.7,50.0,OVER,üìà HIGH TOTAL | ‚è∞ MINS DOWN,0.1,-2.5,0.0,2.1,2.2,-2.0,-10.0
12-06-2025,Jalen Johnson,ATL,WAS,AWAY,ATL @ WAS,rebounds,10.5,-122,fanduel,10.4,12.8,10.0,3.58,6.0,18.0,21,9,12,0,42.9,True,2,38.0,35.0,1.084,1.131,1,1.007,1.015,1.011,237.5,MEDIUM,9.7,8.9,-7.6,69.0,UNDER,üí• SMASH SPOT | ‚ö†Ô∏è B2B | ‚è∞ MINS UP,13.1,-2.5,-8.0,1.1,0.0,-2.0,8.4
12-06-2025,Isaiah Stewart II,WAS,ATL,HOME,ATL @ WAS,pra,16.5,-114,betonlineag,14.8,19.0,14.0,7.17,3.0,31.0,17,5,12,0,29.4,False,2,25.8,17.8,1.448,1.019,10,1.015,1.007,1.011,237.5,MEDIUM,15.3,13.2,-7.4,72.0,UNDER,üìà HIGH TOTAL | ‚è∞ MINS UP,1.9,2.5,0.0,1.1,1.7,-2.0,10.0
12-06-2025,Donovan Mitchell,CLE,GSW,HOME,GSW @ CLE,points,28.5,100,fanduel,30.6,32.8,31.0,8.38,15.0,46.0,22,14,8,0,63.6,True,2,34.8,34.2,1.018,0.958,27,1.003,0.998,1.001,229.5,MEDIUM,26.4,29.1,-7.3,67.0,UNDER,üõ°Ô∏è TOUGH DEF | ‚ö†Ô∏è B2B,-4.2,2.5,-8.0,0.1,0.6,-2.0,1.8
12-06-2025,Julius Randle,MIN,LAC,HOME,LAC @ MIN,assists,5.5,102,fanduel,5.9,6.2,6.0,2.66,2.0,12.0,22,12,10,0,54.5,False,2,34.2,33.7,1.015,1.021,9,1.005,0.976,0.99,227.5,MEDIUM,5.9,5.7,6.9,61.0,OVER,,2.1,2.5,0.0,-1.0,0.0,-2.0,1.5
12-06-2025,Rudy Gobert,MIN,LAC,HOME,LAC @ MIN,points,9.5,-115,fanduel,11.3,13.2,11.0,5.27,2.0,26.0,22,13,9,0,59.1,False,2,29.6,31.7,0.933,1.0,14,1.005,0.976,0.99,227.5,MEDIUM,8.8,9.5,-6.9,62.0,UNDER,‚è∞ MINS DOWN,-0.0,2.5,0.0,-1.0,0.3,-2.0,-6.7
12-06-2025,Zaccharie Risacher,ATL,WAS,AWAY,ATL @ WAS,points,11.5,-136,fanduel,11.3,10.0,11.0,5.35,2.0,21.0,21,10,11,0,47.6,True,2,26.6,25.0,1.064,1.082,1,1.007,1.015,1.011,237.5,MEDIUM,10.7,10.3,-6.8,61.0,UNDER,üí• SMASH SPOT | ‚ö†Ô∏è B2B | üìà HIGH TOTAL | ‚è∞ MINS UP,8.2,-2.5,-8.0,1.1,1.7,-2.0,6.4
12-06-2025,Precious Achiuwa,SAC,MIA,AWAY,SAC @ MIA,points,7.5,-108,fanduel,7.5,9.4,7.0,4.56,1.0,15.0,15,7,8,0,46.7,False,2,24.2,20.9,1.16,1.001,12,1.002,1.04,1.021,241.5,MEDIUM,8.0,7.3,6.8,39.0,OVER,üìà HIGH TOTAL | ‚è∞ MINS UP,0.1,-2.5,0.0,2.1,2.2,-2.0,10.0
12-06-2025,Evan Mobley,CLE,GSW,HOME,GSW @ CLE,points,17.5,-125,fanduel,19.0,20.0,19.0,5.15,7.0,29.0,23,15,8,0,65.2,True,2,33.6,34.1,0.986,0.958,27,1.003,0.998,1.001,229.5,MEDIUM,16.3,18.6,-6.6,59.0,UNDER,üõ°Ô∏è TOUGH DEF | ‚ö†Ô∏è B2B,-4.2,2.5,-8.0,0.1,0.6,-2.0,-1.4
12-06-2025,Donte DiVincenzo,MIN,LAC,HOME,LAC @ MIN,pra,22.5,-104,fanduel,21.6,23.4,22.0,6.42,11.0,39.0,22,9,13,0,40.9,False,2,32.8,31.5,1.043,1.002,14,1.005,0.976,0.99,227.5,MEDIUM,21.1,20.2,-6.3,62.0,UNDER,,0.2,2.5,0.0,-1.0,0.3,-2.0,4.3
12-06-2025,Terrence Shannon Jr.,MIN,LAC,HOME,LAC @ MIN,points,4.5,102,fanduel,5.2,8.2,3.0,5.33,0.0,18.0,13,5,8,0,38.5,False,2,12.6,14.2,0.89,1.0,14,1.005,0.976,0.99,227.5,MEDIUM,4.2,4.7,-6.2,44.0,UNDER,‚è∞ MINS DOWN,-0.0,2.5,0.0,-1.0,0.3,-2.0,-10.0
12-06-2025,John Collins,LAC,MIN,AWAY,LAC @ MIN,rebounds,5.5,-113,fanduel,5.0,5.6,4.0,1.94,2.0,9.0,23,10,13,0,43.5,True,2,30.2,27.0,1.12,0.997,15,0.976,1.005,0.99,227.5,MEDIUM,5.2,5.4,-6.2,58.0,UNDER,‚ö†Ô∏è B2B | ‚è∞ MINS UP,-0.3,-2.5,-8.0,-1.0,0.0,-2.0,10.0
12-06-2025,Darius Garland,CLE,GSW,HOME,GSW @ CLE,pra,25.5,-118,fanduel,22.9,24.0,23.5,8.39,12.0,32.0,8,4,4,0,50.0,False,2,29.8,27.8,1.074,0.971,27,1.003,0.998,1.001,229.5,MEDIUM,23.9,22.7,-6.1,51.0,UNDER,üõ°Ô∏è TOUGH DEF | ‚è∞ MINS UP,-2.9,2.5,0.0,0.1,0.6,-2.0,7.4
12-06-2025,Malik Monk,SAC,MIA,AWAY,SAC @ MIA,pra,21.5,-113,fanduel,18.1,23.4,18.0,8.68,1.0,33.0,19,6,13,0,31.6,False,2,26.8,24.6,1.088,1.025,12,1.002,1.04,1.021,241.5,MEDIUM,20.2,18.2,-5.9,68.0,UNDER,üìà HIGH TOTAL | ‚è∞ MINS UP,2.5,-2.5,0.0,2.1,2.2,-2.0,8.8
12-06-2025,Julius Randle,MIN,LAC,HOME,LAC @ MIN,rebounds,6.5,-142,fanduel,7.5,7.4,7.0,2.15,4.0,11.0,22,13,9,0,59.1,False,2,34.2,33.7,1.015,0.988,18,1.005,0.976,0.99,227.5,MEDIUM,6.9,6.9,5.9,66.0,OVER,,-1.2,2.5,0.0,-1.0,0.0,-2.0,1.5
12-06-2025,Anthony Davis,DAL,HOU,HOME,HOU @ DAL,assists,2.5,-122,fanduel,3.3,3.8,4.0,1.87,0.0,6.0,9,7,2,0,77.8,True,2,23.8,29.1,0.818,0.949,25,1.001,0.985,0.993,220.5,MEDIUM,2.4,3.0,-5.9,62.0,UNDER,‚ö†Ô∏è B2B | ‚è∞ MINS DOWN,-5.1,2.5,-8.0,-0.7,0.0,-2.0,-10.0
12-06-2025,Max Christie,DAL,HOU,HOME,HOU @ DAL,pra,13.5,-128,fanduel,17.3,12.4,16.5,6.34,2.0,27.0,24,18,6,0,75.0,True,2,26.0,29.0,0.895,0.945,26,1.001,0.985,0.993,220.5,MEDIUM,12.7,16.4,-5.8,79.0,UNDER,üõ°Ô∏è TOUGH DEF | ‚ö†Ô∏è B2B | ‚è∞ MINS DOWN,-5.5,2.5,-8.0,-0.7,-0.6,-2.0,-10.0
12-06-2025,D'Angelo Russell,DAL,HOU,HOME,HOU @ DAL,points,8.5,-102,fanduel,11.6,10.6,9.0,8.46,0.0,31.0,20,12,8,0,60.0,True,2,16.8,20.6,0.816,0.969,26,1.001,0.985,0.993,220.5,MEDIUM,9.0,11.3,5.8,52.0,OVER,üõ°Ô∏è TOUGH DEF | ‚ö†Ô∏è B2B | ‚è∞ MINS DOWN,-3.1,2.5,-8.0,-0.7,-0.6,-2.0,-10.0
12-06-2025,Naz Reid,MIN,LAC,HOME,LAC @ MIN,points,13.5,-104,fanduel,13.5,14.8,14.0,6.53,5.0,28.0,22,11,11,0,50.0,False,2,29.4,25.5,1.151,1.0,14,1.005,0.976,0.99,227.5,MEDIUM,12.7,11.6,-5.7,53.0,UNDER,‚è∞ MINS UP,-0.0,2.5,0.0,-1.0,0.3,-2.0,10.0
12-06-2025,Bam Adebayo,MIA,ORL,AWAY,MIA @ ORL,pra,33.5,-115,fanduel,31.4,34.2,30.0,9.42,3.0,44.0,17,6,11,0,35.3,True,2,32.4,30.8,1.053,0.965,19,1.04,1.003,1.021,241.5,LOW,31.6,33.2,-5.7,64.0,UNDER,‚ö†Ô∏è B2B | üìà HIGH TOTAL | ‚è∞ MINS UP,-3.5,-2.5,-8.0,2.1,2.2,0.0,5.3
12-06-2025,Jeremiah Fears,NOP,BKN,AWAY,NOP @ BKN,rebounds,2.5,-106,fanduel,3.4,4.0,3.0,1.8,0.0,7.0,23,16,7,0,69.6,False,2,31.4,27.7,1.134,1.004,12,1.009,0.976,0.992,226.5,HIGH,2.6,2.6,5.6,62.0,OVER,üí® BLOWOUT RISK | ‚è∞ MINS UP,0.4,-2.5,0.0,-0.8,0.0,-5.0,10.0
12-06-2025,Isaiah Stewart II,WAS,ATL,HOME,ATL @ WAS,points,8.5,-120,fanduel,8.6,11.4,9.0,5.27,1.0,22.0,17,9,8,0,52.9,False,2,25.8,17.8,1.448,1.012,10,1.015,1.007,1.011,237.5,MEDIUM,9.0,7.8,5.5,58.0,OVER,üìà HIGH TOTAL | ‚è∞ MINS UP,1.2,2.5,0.0,1.1,1.7,-2.0,10.0
12-06-2025,Caris LeVert,DET,MIL,HOME,MIL @ DET,points,8.5,-128,fanduel,9.2,7.8,8.0,4.87,4.0,19.0,17,8,9,0,47.1,True,2,22.4,20.2,1.107,1.024,8,1.002,0.991,0.996,224.5,HIGH,8.0,8.0,-5.5,52.0,UNDER,‚ö†Ô∏è B2B | üí® BLOWOUT RISK | ‚è∞ MINS UP,2.4,2.5,-8.0,-0.4,-0.1,-5.0,10.0
12-06-2025,Kyshawn George,WAS,ATL,HOME,ATL @ WAS,assists,5.5,128,fanduel,4.6,4.4,5.0,2.11,1.0,9.0,19,6,13,0,31.6,False,2,31.0,31.2,0.995,1.009,12,1.015,1.007,1.011,237.5,MEDIUM,5.2,5.1,-5.4,58.0,UNDER,,0.9,2.5,0.0,1.1,0.0,-2.0,-0.5
12-06-2025,Zaccharie Risacher,ATL,WAS,AWAY,ATL @ WAS,assists,1.5,112,draftkings,1.5,1.0,1.0,1.66,0.0,5.0,21,7,14,0,33.3,True,2,26.6,25.0,1.064,1.113,2,1.007,1.015,1.011,237.5,MEDIUM,1.6,1.5,5.3,55.0,OVER,üí• SMASH SPOT | ‚ö†Ô∏è B2B | ‚è∞ MINS UP,11.3,-2.5,-8.0,1.1,0.0,-2.0,6.4
12-06-2025,Russell Westbrook,SAC,MIA,AWAY,SAC @ MIA,points,13.5,-120,fanduel,13.5,11.4,12.5,6.37,3.0,26.0,22,10,12,0,45.5,False,2,28.2,28.2,1.001,1.001,12,1.002,1.04,1.021,241.5,MEDIUM,12.8,12.8,-5.3,59.0,UNDER,üìà HIGH TOTAL,0.1,-2.5,0.0,2.1,2.2,-2.0,0.1
12-06-2025,Donte DiVincenzo,MIN,LAC,HOME,LAC @ MIN,points,14.5,-102,fanduel,14.0,14.8,14.0,4.96,3.0,25.0,22,10,12,0,45.5,False,2,32.8,31.5,1.043,1.0,14,1.005,0.976,0.99,227.5,MEDIUM,13.7,13.2,-5.3,54.0,UNDER,,-0.0,2.5,0.0,-1.0,0.3,-2.0,4.3
12-06-2025,Onyeka Okongwu,ATL,WAS,AWAY,ATL @ WAS,pra,30.5,-113,fanduel,26.1,26.0,25.0,6.27,14.0,45.0,23,2,21,0,8.7,True,2,35.8,30.6,1.17,1.102,1,1.007,1.015,1.011,237.5,MEDIUM,28.9,26.4,-5.2,76.0,UNDER,üí• SMASH SPOT | ‚ö†Ô∏è B2B | üìà HIGH TOTAL | ‚è∞ MINS UP,10.2,-2.5,-8.0,1.1,1.7,-2.0,10.0
12-06-2025,Marvin Bagley III,WAS,ATL,HOME,ATL @ WAS,assists,1.5,-105,draftkings,1.2,1.2,1.0,1.03,0.0,3.0,17,5,12,0,29.4,False,2,25.8,17.8,1.448,1.009,12,1.015,1.007,1.011,237.5,MEDIUM,1.6,1.4,5.2,46.0,OVER,‚è∞ MINS UP,0.9,2.5,0.0,1.1,0.0,-2.0,10.0
12-06-2025,Isaiah Stewart II,WAS,ATL,HOME,ATL @ WAS,assists,1.5,120,betmgm,1.2,1.2,1.0,1.03,0.0,3.0,17,5,12,0,29.4,False,2,25.8,17.8,1.448,1.009,12,1.015,1.007,1.011,237.5,MEDIUM,1.6,1.4,5.2,46.0,OVER,‚è∞ MINS UP,0.9,2.5,0.0,1.1,0.0,-2.0,10.0
12-06-2025,Cade Cunningham,DET,MIL,HOME,MIL @ DET,assists,8.5,-122,fanduel,9.2,8.6,9.5,2.87,4.0,18.0,20,12,8,0,60.0,True,2,37.4,36.7,1.019,1.021,9,1.002,0.991,0.996,224.5,HIGH,8.1,8.7,-5.0,58.0,UNDER,‚ö†Ô∏è B2B | üí® BLOWOUT RISK,2.1,2.5,-8.0,-0.4,0.0,-5.0,1.9
12-06-2025,Josh Okogie,HOU,DAL,AWAY,HOU @ DAL,points,7.5,106,fanduel,6.5,3.8,7.0,4.42,0.0,13.0,20,9,11,0,45.0,True,2,19.2,20.8,0.921,0.991,16,0.985,1.001,0.993,220.5,MEDIUM,7.1,9.0,-5.0,50.0,UNDER,‚ö†Ô∏è B2B | ‚è∞ MINS DOWN,-0.9,-2.5,-8.0,-0.7,-0.6,-2.0,-7.9
12-06-2025,Luke Kennard,ATL,WAS,AWAY,ATL @ WAS,points,7.5,100,fanduel,7.3,4.6,6.0,4.45,0.0,17.0,21,8,13,0,38.1,True,2,17.4,20.7,0.842,1.082,1,1.007,1.015,1.011,237.5,MEDIUM,7.1,8.1,-4.9,48.0,UNDER,üí• SMASH SPOT | ‚ö†Ô∏è B2B | üìà HIGH TOTAL | ‚è∞ MINS DOWN,8.2,-2.5,-8.0,1.1,1.7,-2.0,-10.0
12-06-2025,Brandon Williams,DAL,HOU,HOME,HOU @ DAL,points,7.5,-250,bovada,10.4,8.6,11.0,6.0,0.0,20.0,22,15,7,0,68.2,True,2,20.2,21.5,0.938,0.969,26,1.001,0.985,0.993,220.5,MEDIUM,7.1,8.6,-4.9,67.0,UNDER,üõ°Ô∏è TOUGH DEF | ‚ö†Ô∏è B2B | ‚è∞ MINS DOWN,-3.1,2.5,-8.0,-0.7,-0.6,-2.0,-6.2
12-06-2025,Keegan Murray,SAC,MIA,AWAY,SAC @ MIA,pra,26.5,-104,fanduel,25.7,28.0,25.0,10.77,15.0,42.0,7,3,4,0,42.9,False,2,40.0,38.6,1.037,1.025,12,1.002,1.04,1.021,241.5,MEDIUM,27.8,26.2,4.8,51.0,OVER,üìà HIGH TOTAL,2.5,-2.5,0.0,2.1,2.2,-2.0,3.7
12-06-2025,Dyson Daniels,ATL,WAS,AWAY,ATL @ WAS,rebounds,6.5,118,fanduel,6.2,5.6,6.5,2.43,2.0,9.0,24,12,12,0,50.0,True,2,37.4,34.0,1.1,1.131,1,1.007,1.015,1.011,237.5,MEDIUM,6.2,5.6,-4.7,56.0,UNDER,üí• SMASH SPOT | ‚ö†Ô∏è B2B | ‚è∞ MINS UP,13.1,-2.5,-8.0,1.1,0.0,-2.0,10.0
12-06-2025,Nickeil Alexander-Walker,ATL,WAS,AWAY,ATL @ WAS,assists,3.5,-132,fanduel,3.4,2.6,3.0,1.5,1.0,7.0,22,10,12,0,45.5,True,2,35.8,32.9,1.089,1.113,2,1.007,1.015,1.011,237.5,MEDIUM,3.7,3.4,4.7,65.0,OVER,üí• SMASH SPOT | ‚ö†Ô∏è B2B | ‚è∞ MINS UP,11.3,-2.5,-8.0,1.1,0.0,-2.0,8.9
12-06-2025,Bogdan Bogdanovic,LAC,MIN,AWAY,LAC @ MIN,points,8.5,106,fanduel,9.2,11.6,11.0,6.16,0.0,21.0,9,6,3,0,66.7,False,2,27.8,25.6,1.088,0.989,17,0.976,1.005,0.99,227.5,MEDIUM,8.9,8.7,4.6,52.0,OVER,‚è∞ MINS UP,-1.1,-2.5,0.0,-1.0,0.3,-2.0,8.8
12-06-2025,Ausar Thompson,DET,MIL,HOME,MIL @ DET,pra,19.5,-120,fanduel,20.5,19.2,21.0,7.36,8.0,36.0,19,12,7,0,63.2,True,2,26.8,28.1,0.954,1.027,8,1.002,0.991,0.996,224.5,HIGH,20.4,23.3,4.4,61.0,OVER,‚ö†Ô∏è B2B | üí® BLOWOUT RISK,2.7,2.5,-8.0,-0.4,-0.1,-5.0,-4.6
12-06-2025,Anthony Edwards,MIN,LAC,HOME,LAC @ MIN,pra,39.5,-113,fanduel,37.3,41.0,40.5,13.54,6.0,54.0,18,11,7,0,61.1,False,2,38.2,33.9,1.127,1.002,14,1.005,0.976,0.99,227.5,MEDIUM,37.8,34.4,-4.2,65.0,UNDER,‚è∞ MINS UP,0.2,2.5,0.0,-1.0,0.3,-2.0,10.0
12-06-2025,Jeremiah Fears,NOP,BKN,AWAY,NOP @ BKN,assists,3.5,-112,fanduel,3.0,3.8,3.0,1.94,0.0,8.0,23,7,16,0,30.4,False,2,31.4,27.7,1.134,1.061,6,1.009,0.976,0.992,226.5,HIGH,3.6,3.4,4.2,57.0,OVER,üí® BLOWOUT RISK | ‚è∞ MINS UP,6.1,-2.5,0.0,-0.8,0.0,-5.0,10.0
12-06-2025,Mouhamed Gueye,ATL,WAS,AWAY,ATL @ WAS,rebounds,4.5,-130,fanduel,3.9,3.4,3.0,2.83,0.0,11.0,24,9,15,0,37.5,True,2,20.6,17.5,1.177,1.131,1,1.007,1.015,1.011,237.5,MEDIUM,4.3,3.9,-4.2,60.0,UNDER,üí• SMASH SPOT | ‚ö†Ô∏è B2B | ‚è∞ MINS UP,13.1,-2.5,-8.0,1.1,0.0,-2.0,10.0
12-06-2025,Precious Achiuwa,SAC,MIA,AWAY,SAC @ MIA,pra,14.5,-102,betonlineag,13.5,16.2,12.0,6.95,2.0,27.0,15,6,9,0,40.0,False,2,24.2,20.9,1.16,1.025,12,1.002,1.04,1.021,241.5,MEDIUM,15.1,13.4,3.9,44.0,PASS,üìà HIGH TOTAL | ‚è∞ MINS UP,2.5,-2.5,0.0,2.1,2.2,-2.0,10.0
12-06-2025,Cooper Flagg,DAL,HOU,HOME,HOU @ DAL,assists,2.5,-170,fanduel,3.3,3.8,2.0,2.53,0.0,11.0,23,11,12,0,47.8,True,2,33.4,33.6,0.994,0.949,25,1.001,0.985,0.993,220.5,MEDIUM,2.6,3.0,3.9,46.0,PASS,‚ö†Ô∏è B2B,-5.1,2.5,-8.0,-0.7,0.0,-2.0,-0.6
12-06-2025,Reed Sheppard,HOU,DAL,AWAY,HOU @ DAL,points,11.5,-115,fanduel,13.1,12.8,12.0,6.85,5.0,31.0,20,11,9,0,55.0,True,2,28.0,25.2,1.113,0.991,16,0.985,1.001,0.993,220.5,MEDIUM,11.1,11.7,-3.8,55.0,PASS,‚ö†Ô∏è B2B | ‚è∞ MINS UP,-0.9,-2.5,-8.0,-0.7,-0.6,-2.0,10.0
12-06-2025,Donte DiVincenzo,MIN,LAC,HOME,LAC @ MIN,rebounds,3.5,-148,fanduel,4.0,4.2,4.0,1.89,0.0,9.0,22,14,8,0,63.6,False,2,32.8,31.5,1.043,0.988,18,1.005,0.976,0.99,227.5,MEDIUM,3.4,3.3,-3.3,62.0,PASS,,-1.2,2.5,0.0,-1.0,0.0,-2.0,4.3
12-06-2025,Jaden McDaniels,MIN,LAC,HOME,LAC @ MIN,rebounds,4.5,-104,fanduel,4.9,5.0,5.0,1.53,2.0,8.0,21,11,10,0,52.4,False,2,31.4,31.9,0.986,0.988,18,1.005,0.976,0.99,227.5,MEDIUM,4.4,4.5,-3.1,49.0,PASS,,-1.2,2.5,0.0,-1.0,0.0,-2.0,-1.4
12-06-2025,Danny Wolf,BKN,NOP,HOME,NOP @ BKN,points,8.5,-125,fanduel,8.0,12.4,6.5,8.05,0.0,22.0,8,3,5,0,37.5,False,2,23.0,15.4,1.496,1.068,2,0.976,1.009,0.992,226.5,HIGH,8.8,7.7,3.0,43.0,PASS,üí• SMASH SPOT | üí® BLOWOUT RISK | ‚è∞ MINS UP,6.8,2.5,0.0,-0.8,0.2,-5.0,10.0
12-06-2025,Ron Holland,DET,MIL,HOME,MIL @ DET,pra,12.5,-106,betonlineag,13.0,12.8,13.0,6.38,1.0,26.0,23,13,10,0,56.5,True,2,17.2,21.1,0.814,1.027,8,1.002,0.991,0.996,224.5,HIGH,12.9,15.6,2.9,57.0,PASS,‚ö†Ô∏è B2B | üí® BLOWOUT RISK | ‚è∞ MINS DOWN,2.7,2.5,-8.0,-0.4,-0.1,-5.0,-10.0
12-06-2025,D'Angelo Russell,DAL,HOU,HOME,HOU @ DAL,pra,14.5,-115,betmgm,18.8,16.2,16.0,11.19,3.0,41.0,20,11,9,0,55.0,True,2,16.8,20.6,0.816,0.945,26,1.001,0.985,0.993,220.5,MEDIUM,14.9,19.2,2.7,47.0,PASS,üõ°Ô∏è TOUGH DEF | ‚ö†Ô∏è B2B | ‚è∞ MINS DOWN,-5.5,2.5,-8.0,-0.7,-0.6,-2.0,-10.0
12-06-2025,Luke Kennard,ATL,WAS,AWAY,ATL @ WAS,pra,11.5,-117,draftkings,11.5,9.0,11.0,5.11,1.0,20.0,21,10,11,0,47.6,True,2,17.4,20.7,0.842,1.102,1,1.007,1.015,1.011,237.5,MEDIUM,11.2,12.5,-2.6,52.0,PASS,üí• SMASH SPOT | ‚ö†Ô∏è B2B | üìà HIGH TOTAL | ‚è∞ MINS DOWN,10.2,-2.5,-8.0,1.1,1.7,-2.0,-10.0
12-06-2025,Darius Garland,CLE,GSW,HOME,GSW @ CLE,assists,6.5,-113,fanduel,6.5,7.4,7.5,2.83,2.0,10.0,8,5,3,0,62.5,False,2,29.8,27.8,1.074,0.965,21,1.003,0.998,1.001,229.5,MEDIUM,6.7,6.4,2.6,58.0,PASS,‚è∞ MINS UP,-3.5,2.5,0.0,0.1,0.0,-2.0,7.4
12-06-2025,Jaime Jaquez Jr,MIA,ORL,AWAY,MIA @ ORL,rebounds,5.5,-113,fanduel,6.0,4.2,5.5,3.15,1.0,13.0,22,11,11,0,50.0,True,2,25.2,29.1,0.865,0.974,22,1.04,1.003,1.021,241.5,LOW,5.4,6.7,-2.2,38.0,PASS,‚ö†Ô∏è B2B | ‚è∞ MINS DOWN,-2.6,-2.5,-8.0,2.1,0.0,0.0,-10.0
12-06-2025,Jalen Duren,DET,MIL,HOME,MIL @ DET,assists,1.5,-143,betonlineag,1.9,1.2,2.0,1.35,0.0,5.0,20,12,8,0,60.0,True,2,29.2,29.0,1.007,1.021,9,1.002,0.991,0.996,224.5,HIGH,1.5,1.6,-2.1,52.0,PASS,‚ö†Ô∏è B2B | üí® BLOWOUT RISK,2.1,2.5,-8.0,-0.4,0.0,-5.0,0.7
12-06-2025,Simone Fontecchio,MIA,ORL,AWAY,MIA @ ORL,points,10.5,-113,fanduel,9.8,6.0,9.5,3.78,2.0,18.0,22,9,13,0,40.9,True,2,17.2,19.0,0.907,0.984,19,1.04,1.003,1.021,241.5,LOW,10.7,12.8,1.9,62.0,PASS,‚ö†Ô∏è B2B | üìà HIGH TOTAL | ‚è∞ MINS DOWN,-1.6,-2.5,-8.0,2.1,2.2,0.0,-9.3
12-06-2025,Bam Adebayo,MIA,ORL,AWAY,MIA @ ORL,points,20.5,-120,fanduel,19.8,20.8,19.0,6.49,2.0,31.0,17,7,10,0,41.2,True,2,32.4,30.8,1.053,0.984,19,1.04,1.003,1.021,241.5,LOW,20.9,21.5,1.8,60.0,PASS,‚ö†Ô∏è B2B | üìà HIGH TOTAL | ‚è∞ MINS UP,-1.6,-2.5,-8.0,2.1,2.2,0.0,5.3
12-06-2025,Trey Murphy III,NOP,BKN,AWAY,NOP @ BKN,assists,3.5,-125,fanduel,3.5,5.2,4.0,2.14,0.0,8.0,21,11,10,0,52.4,False,2,36.0,35.7,1.009,1.061,6,1.009,0.976,0.992,226.5,HIGH,3.4,3.5,-1.6,53.0,PASS,üí® BLOWOUT RISK,6.1,-2.5,0.0,-0.8,0.0,-5.0,0.9
12-06-2025,Ron Holland,DET,MIL,HOME,MIL @ DET,assists,1.5,115,betmgm,1.6,0.8,1.0,1.12,0.0,4.0,23,10,13,0,43.5,True,2,17.2,21.1,0.814,1.021,9,1.002,0.991,0.996,224.5,HIGH,1.5,1.8,-1.6,32.0,PASS,‚ö†Ô∏è B2B | üí® BLOWOUT RISK | ‚è∞ MINS DOWN,2.1,2.5,-8.0,-0.4,0.0,-5.0,-10.0
12-06-2025,Ausar Thompson,DET,MIL,HOME,MIL @ DET,points,11.5,100,fanduel,11.7,10.2,11.0,4.51,6.0,21.0,19,9,10,0,47.4,True,2,26.8,28.1,0.954,1.024,8,1.002,0.991,0.996,224.5,HIGH,11.3,13.0,-1.5,54.0,PASS,‚ö†Ô∏è B2B | üí® BLOWOUT RISK,2.4,2.5,-8.0,-0.4,-0.1,-5.0,-4.6
12-06-2025,DeMar DeRozan,SAC,MIA,AWAY,SAC @ MIA,points,18.5,100,fanduel,18.1,18.8,18.5,7.98,4.0,33.0,22,11,11,0,50.0,False,2,32.6,32.7,0.996,1.001,12,1.002,1.04,1.021,241.5,MEDIUM,18.8,18.9,1.5,40.0,PASS,üìà HIGH TOTAL,0.1,-2.5,0.0,2.1,2.2,-2.0,-0.4
12-06-2025,Duncan Robinson,DET,MIL,HOME,MIL @ DET,points,10.5,-125,fanduel,12.7,12.2,13.0,4.78,2.0,23.0,21,14,7,0,66.7,True,2,33.0,32.0,1.03,1.024,8,1.002,0.991,0.996,224.5,HIGH,10.6,11.3,1.2,62.0,PASS,‚ö†Ô∏è B2B | üí® BLOWOUT RISK,2.4,2.5,-8.0,-0.4,-0.1,-5.0,3.0
12-06-2025,Anthony Edwards,MIN,LAC,HOME,LAC @ MIN,points,29.5,-120,fanduel,28.8,31.4,31.0,11.92,5.0,44.0,18,11,7,0,61.1,False,2,38.2,33.9,1.127,1.0,14,1.005,0.976,0.99,227.5,MEDIUM,29.9,27.2,1.2,59.0,PASS,‚è∞ MINS UP,-0.0,2.5,0.0,-1.0,0.3,-2.0,10.0
12-06-2025,Keegan Murray,SAC,MIA,AWAY,SAC @ MIA,points,17.5,-102,fanduel,16.4,17.0,19.0,7.39,5.0,26.0,7,4,3,0,57.1,False,2,40.0,38.6,1.037,1.001,12,1.002,1.04,1.021,241.5,MEDIUM,17.7,17.1,1.1,50.0,PASS,üìà HIGH TOTAL,0.1,-2.5,0.0,2.1,2.2,-2.0,3.7
12-06-2025,Dean Wade,CLE,GSW,HOME,GSW @ CLE,rebounds,3.5,-140,fanduel,3.8,3.2,3.0,2.25,0.0,8.0,22,9,13,0,40.9,True,2,22.0,22.4,0.984,1.002,13,1.003,0.998,1.001,229.5,MEDIUM,3.5,3.8,-1.0,46.0,PASS,‚ö†Ô∏è B2B,0.2,2.5,-8.0,0.1,0.0,-2.0,-1.6
12-06-2025,Anthony Edwards,MIN,LAC,HOME,LAC @ MIN,rebounds,4.5,-138,fanduel,4.6,4.8,4.5,2.12,1.0,8.0,18,9,9,0,50.0,False,2,38.2,33.9,1.127,0.988,18,1.005,0.976,0.99,227.5,MEDIUM,4.5,4.2,0.9,55.0,PASS,‚è∞ MINS UP,-1.2,2.5,0.0,-1.0,0.0,-2.0,10.0
12-06-2025,Naz Reid,MIN,LAC,HOME,LAC @ MIN,pra,21.5,-126,draftkings,21.6,24.2,22.0,8.07,10.0,36.0,22,12,10,0,54.5,False,2,29.4,25.5,1.151,1.002,14,1.005,0.976,0.99,227.5,MEDIUM,21.3,19.4,-0.7,60.0,PASS,‚è∞ MINS UP,0.2,2.5,0.0,-1.0,0.3,-2.0,10.0
12-06-2025,Duncan Robinson,DET,MIL,HOME,MIL @ DET,rebounds,2.5,-113,fanduel,3.0,3.8,3.0,1.99,0.0,7.0,21,12,9,0,57.1,True,2,33.0,32.0,1.03,1.04,8,1.002,0.991,0.996,224.5,HIGH,2.5,2.6,-0.6,49.0,PASS,‚ö†Ô∏è B2B | üí® BLOWOUT RISK,4.0,2.5,-8.0,-0.4,0.0,-5.0,3.0
12-06-2025,James Harden,LAC,MIN,AWAY,LAC @ MIN,rebounds,4.5,-118,fanduel,5.5,4.6,5.5,3.13,0.0,14.0,22,14,8,0,63.6,True,2,34.0,35.3,0.964,0.997,15,0.976,1.005,0.99,227.5,MEDIUM,4.5,5.4,0.4,57.0,PASS,‚ö†Ô∏è B2B,-0.3,-2.5,-8.0,-1.0,0.0,-2.0,-3.6
12-06-2025,Ivica Zubac,LAC,MIN,AWAY,LAC @ MIN,points,14.5,-125,fanduel,16.0,13.6,14.0,6.32,7.0,33.0,23,11,12,0,47.8,True,2,35.2,32.6,1.079,0.989,17,0.976,1.005,0.99,227.5,MEDIUM,14.4,15.5,-0.4,42.0,PASS,‚ö†Ô∏è B2B | ‚è∞ MINS UP,-1.1,-2.5,-8.0,-1.0,0.3,-2.0,7.9
12-06-2025,Mouhamed Gueye,ATL,WAS,AWAY,ATL @ WAS,points,7.5,-111,fanduel,5.9,5.8,4.0,5.4,0.0,21.0,24,8,16,0,33.3,True,2,20.6,17.5,1.177,1.082,1,1.007,1.015,1.011,237.5,MEDIUM,7.5,7.0,0.4,59.0,PASS,üí• SMASH SPOT | ‚ö†Ô∏è B2B | üìà HIGH TOTAL | ‚è∞ MINS UP,8.2,-2.5,-8.0,1.1,1.7,-2.0,10.0
12-06-2025,Gary Trent Jr,MIL,DET,AWAY,MIL @ DET,rebounds,1.5,-167,betonlineag,1.3,1.0,1.5,1.17,0.0,4.0,24,12,12,0,50.0,True,2,25.2,27.6,0.912,0.969,23,0.991,1.002,0.996,224.5,HIGH,1.5,2.0,0.1,41.0,PASS,‚ö†Ô∏è B2B | üí® BLOWOUT RISK | ‚è∞ MINS DOWN,-3.1,-2.5,-8.0,-0.4,0.0,-5.0,-8.8
12-06-2025,De'Andre Hunter,CLE,GSW,HOME,GSW @ CLE,assists,2.5,178,betonlineag,2.5,1.4,2.0,1.64,0.0,6.0,20,7,13,0,35.0,True,2,27.6,28.6,0.967,0.965,21,1.003,0.998,1.001,229.5,MEDIUM,2.5,2.9,0.1,53.0,PASS,‚ö†Ô∏è B2B,-3.5,2.5,-8.0,0.1,0.0,-2.0,-3.3
