prop_id,player_id,player_name,prop_type,side,line,event_id,home_team,away_team,game_time,player_team,opponent_team,is_home,rest_days,b2b,projection,probability,raw_model_probability,model_probability,market_probability,edge,confidence,confidence_tier,adjustments,adjustment_notes,avg_5,avg_10,avg_15,trend,recent_std,recent_hit_rate_10,recent_hit_rate_15,recent_streak,team_out_count,team_questionable_count,team_probable_count,team_out_detail,team_questionable_detail,team_probable_detail,usage_expectation,pick,odds,market_vig,edge_threshold,confidence_threshold,risk_factor,volatility_factor,volatility_ratio,odds_min,odds_max,odds_confidence_min,odds_confidence_max,confidence_cap_outside_band,reason,calibration_source,calibration_slope,calibration_intercept,injury_status,injury_source,injury_detail,odds_fetched_at,odds_source
615b46eca26afbfd:points:9.5:over,615b46eca26afbfd,Jonas Valanciunas,points,over,9.5,e62dfd044e3b8f8719ab7bca8b7b389c,DAL,DEN,2025-12-24T01:10:00Z,DEN,DAL,False,2,False,12.1,0.5625,0.875,1.0,0.375,0.1625,0.65,MEDIUM,"{'minutes_trend': 1.1196, 'usage_trend': 1.0696, 'team_usage': 1.045, 'injury_risk': 0.99, 'opp_def': 0.97}","minutes trend, usage trend, usage boost (injuries), injury caution, tough defense, market divergence, confidence cap (odds band)",11.0,9.7,9.133333333333333,UP,2.2632326929023945,0.4,0.3333333333333333,3,3,0,2,Tamar Bates (Injury/Illness - Left Foot; Surgery); Christian Braun (Injury/Illness - Left Ankle; Sprain); Aaron Gordon (Injury/Illness - Right Hamstring; Strain),,Peyton Watson (Injury/Illness - Right Trunk; Contusion); Jonas Valanciunas (Injury/Illness - Illness; Illness),Usage up; Teammates OUT: 3; Player status: PROBABLE,OVER,150,0.0667,0.03,0.36,1.0,1.0,0.2382,-150,150,-120,120,0.65,,global,1.7,-0.3,PROBABLE,NBA Official Report,Injury/Illness - Illness; Illness,1766525293.7435021,odds_api
b3399dcf2cc21d8d:points:23.5:under,b3399dcf2cc21d8d,Karl-Anthony Towns,points,under,23.5,e71e83a0ab574fe87af5567ae09c0fdb,MIN,NYK,2025-12-24T01:10:00Z,NYK,MIN,False,3,False,15.7,0.5625,0.7848,1.0,0.375,0.1625,0.65,MEDIUM,"{'minutes_trend': 0.9222, 'usage_trend': 0.85, 'team_usage': 1.075, 'rest': 1.02, 'opp_def': 0.97}","minutes trend, usage trend, usage boost (injuries), extra rest, tough defense, high variance, market divergence, confidence cap (odds band)",17.0,19.9,22.6,DOWN,9.893319856235205,0.7,0.6,2,5,0,0,OG Anunoby (Injury/Illness - Left Ankle; Soreness); Jalen Brunson (Injury/Illness - Right Ankle; Right Ankle Injury Management); Miles McBride (Injury/Illness - Left Ankle; Sprain); Landry Shamet (Injury/Illness - Right Shoulder; Sprain); Guerschon Yabusele (Injury/Illness - Illness; Illness),,,Usage down; Teammates OUT: 5,UNDER,150,0.0667,0.0345,0.396,1.0,1.15,0.421,-150,150,-120,120,0.65,,global,1.7,-0.3,,,,1766525293.7435021,odds_api
41dce95d5a25acde:points:10.5:under,41dce95d5a25acde,Tyler Kolek,points,under,10.5,e71e83a0ab574fe87af5567ae09c0fdb,MIN,NYK,2025-12-24T01:10:00Z,,,,3,False,5.25,0.5625,0.8974,1.0,0.375,0.1625,0.65,MEDIUM,"{'minutes_trend': 1.15, 'usage_trend': 0.85, 'rest': 1.02}","minutes trend, usage trend, extra rest, market divergence, confidence cap (odds band)",6.0,5.5,5.266666666666667,UP,4.143267631552018,0.9,0.9333333333333333,2,0,0,0,,,,Usage down,UNDER,150,0.0667,0.0324,0.3792,1.0,1.08,0.3946,-150,150,-120,120,0.65,,global,1.7,-0.3,,,,1766525293.7435021,odds_api
41dce95d5a25acde:pra:20.5:under,41dce95d5a25acde,Tyler Kolek,pra,under,20.5,e71e83a0ab574fe87af5567ae09c0fdb,MIN,NYK,2025-12-24T01:10:00Z,,,,3,False,11.17,0.5625,0.8649,1.0,0.375,0.1625,0.65,MEDIUM,"{'minutes_trend': 1.15, 'usage_trend': 0.85, 'rest': 1.02}","minutes trend, usage trend, extra rest, high variance, market divergence, confidence cap (odds band)",13.4,11.3,10.066666666666666,UP,8.459708426811568,0.9,0.9333333333333333,2,0,0,0,,,,Usage down,UNDER,150,0.0667,0.0362,0.408,1.05,1.15,0.4127,-150,150,-120,120,0.65,,global,1.7,-0.3,,,,1766525293.7435021,odds_api
1245618580f0afa4:pra:24.5:under,1245618580f0afa4,Kyle Filipowski,pra,under,24.5,433a5462c6dbbed3ccc5d623dd68b61d,UTA,MEM,2025-12-24T02:10:00Z,,,,2,False,13.99,0.5625,0.8578,1.0,0.375,0.1625,0.65,MEDIUM,"{'minutes_trend': 0.934, 'usage_trend': 0.8916}","minutes trend, usage trend, high variance, market divergence, confidence cap (odds band)",16.0,20.8,20.0,DOWN,9.818350166906862,0.7,0.7333333333333333,3,0,0,0,,,,Usage down,UNDER,150,0.0667,0.0362,0.408,1.05,1.15,0.4007,-150,150,-120,120,0.65,,global,1.7,-0.3,,,,1766525293.7435021,odds_api
a7e02f8ba27f39c9:pra:13.5:over,a7e02f8ba27f39c9,Oso Ighodaro,pra,over,13.5,dbc7af91324284c433f0152b91bd9abb,PHX,LAL,2025-12-24T02:10:00Z,,,,4,False,17.65,0.5737,0.8165,1.0,0.3909,0.157,0.65,MEDIUM,"{'minutes_trend': 1.1313, 'usage_trend': 1.15, 'rest': 1.02}","minutes trend, usage trend, extra rest, market divergence, confidence cap (odds band)",15.0,13.4,12.0,UP,4.5995168828427575,0.6,0.4666666666666667,2,0,0,0,,,,Usage up,OVER,140,0.0658,0.034,0.3912,1.05,1.08,0.3407,-150,150,-120,120,0.65,,global,1.7,-0.3,,,,1766525293.7435021,odds_api
0a2f172fb3e225e2:points:15.5:over,0a2f172fb3e225e2,Jabari Smith Jr,points,over,15.5,aedd66eec65402eb926bb64dbbdb4634,LAC,HOU,2025-12-24T04:10:00Z,HOU,LAC,False,3,False,20.14,0.5737,0.9035,1.0,0.3909,0.157,0.65,MEDIUM,"{'minutes_trend': 1.0879, 'usage_trend': 1.0533, 'team_usage': 1.03, 'rest': 1.02, 'opp_def': 1.03, 'pace': 0.98}","minutes trend, usage trend, usage boost (injuries), extra rest, soft defense, slow pace, market divergence, confidence cap (odds band)",17.2,16.5,16.133333333333333,UP,3.5668224265054493,0.6,0.5333333333333333,2,2,0,0,Dorian Finney-Smith (Injury/Illness - Left Ankle; Surgery); Fred VanVleet (Injury/Illness - Right Knee; ACL Repair),,,Usage up; Teammates OUT: 2,OVER,140,0.0658,0.03,0.36,1.0,1.0,0.2301,-150,150,-120,120,0.65,,global,1.7,-0.3,,,,1766525293.7435021,odds_api
ce02a0a873b2f402:rebounds:4.5:over,ce02a0a873b2f402,Carlton Carrington,rebounds,over,4.5,27f523bb13b709279a0c31dbfa2e2006,CHA,WAS,2025-12-24T00:10:00Z,,,,3,False,6.02,0.5823,0.783,1.0,0.4033,0.1549,0.65,MEDIUM,"{'minutes_trend': 1.15, 'usage_trend': 1.1122, 'rest': 1.02}","minutes trend, usage trend, extra rest, high variance, market divergence, confidence cap (odds band)",5.2,4.3,3.533333333333333,UP,1.946506842754191,0.5,0.3333333333333333,3,0,0,0,,,,Usage up,OVER,134,0.0597,0.0328,0.384,0.95,1.15,0.4326,-150,150,-120,120,0.65,,global,1.7,-0.3,,,,1766525293.7435021,odds_api
a3d663b91b6b6f21:rebounds:8.5:over,a3d663b91b6b6f21,Maxime Raynaud,rebounds,over,8.5,01c88e9888ab9344ed32a62b225d1599,SAC,DET,2025-12-24T03:10:00Z,,,,3,False,10.66,0.5711,0.7596,0.9913,0.3909,0.1544,0.65,MEDIUM,"{'minutes_trend': 1.15, 'usage_trend': 1.0787, 'rest': 1.02}","minutes trend, usage trend, extra rest, market divergence, confidence cap (odds band)",10.2,8.5,6.6,UP,3.064129385141706,0.5,0.3333333333333333,3,0,0,0,,,,Usage up,OVER,140,0.0658,0.0308,0.3672,0.95,1.08,0.3605,-150,150,-120,120,0.65,,global,1.7,-0.3,,,,1766525293.7435021,odds_api
75bb0beb4aef286b:points:15.5:over,75bb0beb4aef286b,Naji Marshall,points,over,15.5,e62dfd044e3b8f8719ab7bca8b7b389c,DAL,DEN,2025-12-24T01:10:00Z,DAL,DEN,True,2,False,18.22,0.5788,0.7929,1.0,0.3983,0.1533,0.65,MEDIUM,"{'minutes_trend': 1.0719, 'usage_trend': 1.0042, 'team_usage': 1.08, 'home': 1.01}","minutes trend, usage trend, usage boost (injuries), home, market divergence, confidence cap (odds band)",17.0,16.3,15.4,UP,3.334999583541537,0.6,0.5333333333333333,-1,5,5,0,Klay Thompson (Injury/Illness - Left Knee; Soreness); Max Christie (Injury/Illness - Illness; Illness); Dante Exum (Injury/Illness - Right Knee; Surgery); Kyrie Irving (Injury/Illness - Left Knee; Surgery); Dereck Lively II (Injury/Illness - Right Foot; Surgery),Brandon Williams (Injury/Illness - Right Ankle; Sprain); P.J. Washington (Injury/Illness - Right Midfoot; Soreness); Dwight Powell (Injury/Illness - Illness; Illness); Moussa Cisse (G League - Two-Way); Miles Kelly (G League - Two-Way),,Teammates OUT: 5; Teammates Q: 5,OVER,135,0.0684,0.03,0.36,1.0,1.0,0.2152,-150,150,-120,120,0.65,,global,1.7,-0.3,,,,1766525293.7435021,odds_api
3549b0fb8f63022b:pra:17.5:over,3549b0fb8f63022b,Mitchell Robinson,pra,over,17.5,e71e83a0ab574fe87af5567ae09c0fdb,MIN,NYK,2025-12-24T01:10:00Z,NYK,MIN,False,3,False,25.14,0.5788,0.7967,1.0,0.3983,0.1533,0.65,MEDIUM,"{'minutes_trend': 1.1398, 'usage_trend': 1.15, 'team_usage': 1.075, 'rest': 1.02, 'opp_def': 0.97}","minutes trend, usage trend, usage boost (injuries), extra rest, tough defense, high variance, market divergence, confidence cap (odds band)",20.4,15.7,14.466666666666667,UP,9.202052911050762,0.3,0.2,2,5,0,0,OG Anunoby (Injury/Illness - Left Ankle; Soreness); Jalen Brunson (Injury/Illness - Right Ankle; Right Ankle Injury Management); Miles McBride (Injury/Illness - Left Ankle; Sprain); Landry Shamet (Injury/Illness - Right Shoulder; Sprain); Guerschon Yabusele (Injury/Illness - Illness; Illness),,,Usage up; Teammates OUT: 5,OVER,135,0.0684,0.0362,0.408,1.05,1.15,0.5258,-150,150,-120,120,0.65,,global,1.7,-0.3,,,,1766525293.7435021,odds_api
3549b0fb8f63022b:rebounds:9.5:over,3549b0fb8f63022b,Mitchell Robinson,rebounds,over,9.5,e71e83a0ab574fe87af5567ae09c0fdb,MIN,NYK,2025-12-24T01:10:00Z,NYK,MIN,False,3,False,13.15,0.5788,0.8059,1.0,0.3983,0.1533,0.65,MEDIUM,"{'minutes_trend': 1.1398, 'usage_trend': 1.15, 'team_usage': 1.075, 'rest': 1.02, 'opp_def': 0.97}","minutes trend, usage trend, usage boost (injuries), extra rest, tough defense, high variance, market divergence, confidence cap (odds band)",10.0,8.9,8.6,UP,4.2282121254470875,0.3,0.3333333333333333,-1,5,0,0,OG Anunoby (Injury/Illness - Left Ankle; Soreness); Jalen Brunson (Injury/Illness - Right Ankle; Right Ankle Injury Management); Miles McBride (Injury/Illness - Left Ankle; Sprain); Landry Shamet (Injury/Illness - Right Shoulder; Sprain); Guerschon Yabusele (Injury/Illness - Illness; Illness),,,Usage up; Teammates OUT: 5,OVER,135,0.0684,0.0328,0.384,0.95,1.15,0.4451,-150,150,-120,120,0.65,,global,1.7,-0.3,,,,1766525293.7435021,odds_api
1245618580f0afa4:rebounds:8.5:under,1245618580f0afa4,Kyle Filipowski,rebounds,under,8.5,433a5462c6dbbed3ccc5d623dd68b61d,UTA,MEM,2025-12-24T02:10:00Z,,,,2,False,5.32,0.5788,0.8373,1.0,0.3983,0.1533,0.65,MEDIUM,"{'minutes_trend': 0.934, 'usage_trend': 0.8916}","minutes trend, usage trend, market divergence, confidence cap (odds band)",6.4,7.3,7.2,DOWN,3.2335051500740732,0.7,0.6666666666666666,2,0,0,0,,,,Usage down,UNDER,135,0.0684,0.0308,0.3672,0.95,1.08,0.3804,-150,150,-120,120,0.65,,global,1.7,-0.3,,,,1766525293.7435021,odds_api
a7e02f8ba27f39c9:rebounds:5.5:over,a7e02f8ba27f39c9,Oso Ighodaro,rebounds,over,5.5,dbc7af91324284c433f0152b91bd9abb,PHX,LAL,2025-12-24T02:10:00Z,,,,4,False,7.75,0.5684,0.7545,0.9826,0.3909,0.1518,0.65,MEDIUM,"{'minutes_trend': 1.1313, 'usage_trend': 1.15, 'rest': 1.02}","minutes trend, usage trend, extra rest, high variance, market divergence, confidence cap (odds band)",7.0,5.6,4.666666666666667,UP,3.272783388968954,0.4,0.26666666666666666,2,0,0,0,,,,Usage up,OVER,140,0.0658,0.0328,0.384,0.95,1.15,0.5951,-150,150,-120,120,0.65,,global,1.7,-0.3,,,,1766525293.7435021,odds_api
e8e371aa543245b3:points:15.5:over,e8e371aa543245b3,VJ Edgecombe,points,over,15.5,7f3e47eb90701b1603802828cc5ea7a5,PHI,BKN,2025-12-24T00:10:00Z,PHI,BKN,True,4,False,26.09,0.5859,0.9256,1.0,0.4085,0.1511,0.65,MEDIUM,"{'minutes_trend': 1.1386, 'usage_trend': 1.1058, 'team_usage': 1.045, 'injury_risk': 0.97, 'rest': 1.02, 'home': 1.01}","minutes trend, usage trend, usage boost (injuries), injury risk, extra rest, home, high variance, market divergence, confidence cap (odds band)",22.4,16.2,15.466666666666667,UP,7.330302403948512,0.4,0.4,4,2,3,1,Trendon Watford (Injury/Illness - Left Adductor; Strain); Kelly Oubre Jr. (Injury/Illness - Left Knee; Sprain),Dominick Barlow (Injury/Illness - N/a; Illness); VJ Edgecombe (Injury/Illness - N/a; Illness); Quentin Grimes (Injury/Illness - N/a; Illness),Joel Embiid (Injury/Illness - Right Knee; Injury Management),Usage up; Teammates OUT: 2; Teammates Q: 3; Player status: QUESTIONABLE,OVER,130,0.0644,0.0345,0.396,1.0,1.15,0.4729,-150,150,-120,120,0.65,,global,1.7,-0.3,QUESTIONABLE,NBA Official Report,Injury/Illness - N/a; Illness,1766525293.7435021,odds_api
3edc1f6904fc5558:pra:21.5:over,3edc1f6904fc5558,Davion Mitchell,pra,over,21.5,6d9aa23880ce3e5bdf540bda52e89fdc,MIA,TOR,2025-12-24T00:40:00Z,MIA,TOR,True,3,False,25.56,0.5859,0.7886,1.0,0.4085,0.1511,0.65,MEDIUM,"{'minutes_trend': 1.0372, 'usage_trend': 1.1268, 'team_usage': 1.06, 'rest': 1.02, 'home': 1.01, 'opp_def': 0.97, 'pace': 1.02}","minutes trend, usage trend, usage boost (injuries), extra rest, home, tough defense, fast pace, market divergence, confidence cap (odds band)",20.2,19.4,20.533333333333335,FLAT,5.059644256269407,0.3,0.4666666666666667,1,4,0,0,Terry Rozier (Not With Team); Pelle Larsson (Injury/Illness - Left Ankle; Sprain); Nikola Jovic (Injury/Illness - Right Elbow; Contusion/Laceration); Tyler Herro (Injury/Illness - Right Big Toe; Contusion),,,Usage up; Teammates OUT: 4; Player status: AVAILABLE,OVER,130,0.0644,0.0315,0.372,1.05,1.0,0.2353,-150,150,-120,120,0.65,,global,1.7,-0.3,AVAILABLE,NBA Official Report,Injury/Illness - Left Ankle; Sprain,1766525293.7435021,odds_api
11eea5d3555975e8:rebounds:6.5:under,11eea5d3555975e8,Sandro Mamukelashvili,rebounds,under,6.5,6d9aa23880ce3e5bdf540bda52e89fdc,MIA,TOR,2025-12-24T00:40:00Z,,,,3,False,4.84,0.5916,0.8035,1.0,0.4165,0.1471,0.65,MEDIUM,"{'minutes_trend': 1.0405, 'usage_trend': 0.9225, 'rest': 1.02}","minutes trend, usage trend, extra rest, market divergence, confidence cap (odds band)",5.2,5.7,5.533333333333333,FLAT,1.946506842754191,0.5,0.5333333333333333,2,0,0,0,,,,Usage down,UNDER,125,0.0671,0.0285,0.348,0.95,1.0,0.2995,-150,150,-120,120,0.65,,global,1.7,-0.3,,,,1766525293.7435021,odds_api
41dce95d5a25acde:pra:21.5:under,41dce95d5a25acde,Tyler Kolek,pra,under,21.5,e71e83a0ab574fe87af5567ae09c0fdb,MIN,NYK,2025-12-24T01:10:00Z,,,,3,False,11.17,0.5916,0.8889,1.0,0.4165,0.1471,0.65,MEDIUM,"{'minutes_trend': 1.15, 'usage_trend': 0.85, 'rest': 1.02}","minutes trend, usage trend, extra rest, market divergence, confidence cap (odds band)",13.4,11.3,10.066666666666666,UP,8.459708426811568,0.9,0.9333333333333333,2,0,0,0,,,,Usage down,UNDER,125,0.0671,0.034,0.3912,1.05,1.08,0.3935,-150,150,-120,120,0.65,,global,1.7,-0.3,,,,1766525293.7435021,odds_api
1245618580f0afa4:pra:25.5:under,1245618580f0afa4,Kyle Filipowski,pra,under,25.5,433a5462c6dbbed3ccc5d623dd68b61d,UTA,MEM,2025-12-24T02:10:00Z,,,,2,False,13.99,0.5916,0.8794,1.0,0.4165,0.1471,0.65,MEDIUM,"{'minutes_trend': 0.934, 'usage_trend': 0.8916}","minutes trend, usage trend, market divergence, confidence cap (odds band)",16.0,20.8,20.0,DOWN,9.818350166906862,0.7,0.7333333333333333,3,0,0,0,,,,Usage down,UNDER,125,0.0671,0.034,0.3912,1.05,1.08,0.385,-150,150,-120,120,0.65,,global,1.7,-0.3,,,,1766525293.7435021,odds_api
b3399dcf2cc21d8d:pra:37.5:under,b3399dcf2cc21d8d,Karl-Anthony Towns,pra,under,37.5,e71e83a0ab574fe87af5567ae09c0fdb,MIN,NYK,2025-12-24T01:10:00Z,NYK,MIN,False,3,False,26.6,0.5974,0.8154,1.0,0.4248,0.1428,0.855,HIGH,"{'minutes_trend': 0.9222, 'usage_trend': 0.85, 'team_usage': 1.075, 'rest': 1.02, 'opp_def': 0.97}","minutes trend, usage trend, usage boost (injuries), extra rest, tough defense, market divergence",29.0,32.8,36.4,DOWN,12.136263382478518,0.7,0.5333333333333333,2,5,0,0,OG Anunoby (Injury/Illness - Left Ankle; Soreness); Jalen Brunson (Injury/Illness - Right Ankle; Right Ankle Injury Management); Miles McBride (Injury/Illness - Left Ankle; Sprain); Landry Shamet (Injury/Illness - Right Shoulder; Sprain); Guerschon Yabusele (Injury/Illness - Illness; Illness),,,Usage down; Teammates OUT: 5,UNDER,120,0.0699,0.034,0.3912,1.05,1.08,0.3236,-150,150,-120,120,0.65,,global,1.7,-0.3,,,,1766525293.7435021,odds_api
0a2f172fb3e225e2:pra:24.5:over,0a2f172fb3e225e2,Jabari Smith Jr,pra,over,24.5,aedd66eec65402eb926bb64dbbdb4634,LAC,HOU,2025-12-24T04:10:00Z,HOU,LAC,False,3,False,33.43,0.5974,0.9447,1.0,0.4248,0.1428,0.855,HIGH,"{'minutes_trend': 1.0879, 'usage_trend': 1.0533, 'team_usage': 1.03, 'rest': 1.02, 'opp_def': 1.03, 'pace': 0.98}","minutes trend, usage trend, usage boost (injuries), extra rest, soft defense, slow pace, market divergence",29.4,26.3,26.0,UP,5.598610938835137,0.6,0.6,6,2,0,0,Dorian Finney-Smith (Injury/Illness - Left Ankle; Surgery); Fred VanVleet (Injury/Illness - Right Knee; ACL Repair),,,Usage up; Teammates OUT: 2,OVER,120,0.0699,0.0315,0.372,1.05,1.0,0.2285,-150,150,-120,120,0.65,,global,1.7,-0.3,,,,1766525293.7435021,odds_api
b3399dcf2cc21d8d:points:24.5:under,b3399dcf2cc21d8d,Karl-Anthony Towns,points,under,24.5,e71e83a0ab574fe87af5567ae09c0fdb,MIN,NYK,2025-12-24T01:10:00Z,NYK,MIN,False,3,False,15.7,0.5974,0.8132,1.0,0.4248,0.1428,0.7866,HIGH,"{'minutes_trend': 0.9222, 'usage_trend': 0.85, 'team_usage': 1.075, 'rest': 1.02, 'opp_def': 0.97}","minutes trend, usage trend, usage boost (injuries), extra rest, tough defense, high variance, market divergence",17.0,19.9,22.6,DOWN,9.893319856235205,0.7,0.6666666666666666,2,5,0,0,OG Anunoby (Injury/Illness - Left Ankle; Soreness); Jalen Brunson (Injury/Illness - Right Ankle; Right Ankle Injury Management); Miles McBride (Injury/Illness - Left Ankle; Sprain); Landry Shamet (Injury/Illness - Right Shoulder; Sprain); Guerschon Yabusele (Injury/Illness - Illness; Illness),,,Usage down; Teammates OUT: 5,UNDER,120,0.0699,0.0345,0.396,1.0,1.15,0.4038,-150,150,-120,120,0.65,,global,1.7,-0.3,,,,1766525293.7435021,odds_api
230a681311fee4a4:assists:7.5:over,230a681311fee4a4,Isaiah Collier,assists,over,7.5,433a5462c6dbbed3ccc5d623dd68b61d,UTA,MEM,2025-12-24T02:10:00Z,,,,2,False,10.72,0.5974,0.8168,1.0,0.4248,0.1428,0.7866,HIGH,"{'minutes_trend': 1.15, 'usage_trend': 1.1481}","minutes trend, usage trend, high variance, market divergence",9.4,6.6,5.8,UP,3.5652645218989165,0.5,0.3333333333333333,5,0,0,0,,,,Usage up,OVER,120,0.0699,0.0345,0.396,1.0,1.15,0.4754,-150,150,-120,120,0.65,,global,1.7,-0.3,,,,1766525293.7435021,odds_api
8a59c926ad0214ec:pra:33.5:over,8a59c926ad0214ec,Darius Garland,pra,over,33.5,c6fd86b688bb64f5b7bdd108ac071a48,CLE,NOP,2025-12-24T00:40:00Z,CLE,NOP,True,2,False,42.82,0.5974,0.8206,1.0,0.4248,0.1428,0.755,HIGH,"{'minutes_trend': 1.1107, 'usage_trend': 1.1014, 'team_usage': 1.08, 'injury_risk': 0.97, 'home': 1.01, 'opp_def': 1.03}","minutes trend, usage trend, usage boost (injuries), injury risk, home, soft defense, market divergence",35.2,29.3,27.5,UP,10.154911236550628,0.3,0.21428571428571427,2,6,1,0,Lonzo Ball (Rest - Left Knee Injury Management); Chris Livingston (G League - Two-Way); Larry Nance Jr. (Injury/Illness - Right Calf; Strain); Max Strus (Injury/Illness - Left Foot; Surgery - Jones Fracture); Luke Travers (G League - Two-Way); Evan Mobley (Injury/Illness - Left Calf; Strain),Darius Garland (Injury/Illness - Left Quadricep; Contusion),,Usage up; Teammates OUT: 6; Teammates Q: 1; Player status: QUESTIONABLE,OVER,120,0.0699,0.034,0.3912,1.05,1.08,0.3031,-150,150,-120,120,0.65,,global,1.7,-0.3,QUESTIONABLE,NBA Official Report,Injury/Illness - Left Quadricep; Contusion,1766525293.7435021,odds_api
8f000e294202436b:assists:8.5:over,8f000e294202436b,Jalen Johnson,assists,over,8.5,7168d093c56bdbab627c94322573edb0,ATL,CHI,2025-12-24T00:40:00Z,ATL,CHI,True,3,False,10.58,0.5773,0.7478,0.9713,0.4085,0.1425,0.65,MEDIUM,"{'minutes_trend': 0.9459, 'usage_trend': 1.0806, 'team_usage': 1.08, 'rest': 1.02, 'home': 1.01, 'opp_def': 1.03}","minutes trend, usage trend, usage boost (injuries), extra rest, home, soft defense, market divergence, confidence cap (odds band)",9.6,10.2,9.666666666666666,FLAT,3.1198290551460244,0.7,0.6666666666666666,1,6,0,0,Dyson Daniels (Injury/Illness - Right Hip; Inflammation); N'Faly Dante (Injury/Illness - Right Knee; Torn ACL); Nikola Djurisic (Coach's Decision); Mouhamed Gueye (Injury/Illness - Right Shoulder; Sprain); Eli John Ndiaye (G League - Two-Way); Kristaps Porzingis (Injury/Illness - N/A; Illness),,,Usage up; Teammates OUT: 6,OVER,130,0.0644,0.0324,0.3792,1.0,1.08,0.367,-150,150,-120,120,0.65,,global,1.7,-0.3,,,,1766525293.7435021,odds_api
8a59c926ad0214ec:points:23.5:over,8a59c926ad0214ec,Darius Garland,points,over,23.5,c6fd86b688bb64f5b7bdd108ac071a48,CLE,NOP,2025-12-24T00:40:00Z,CLE,NOP,True,2,False,28.77,0.5422,0.7248,0.9322,0.375,0.1422,0.65,MEDIUM,"{'minutes_trend': 1.1107, 'usage_trend': 1.1014, 'team_usage': 1.08, 'injury_risk': 0.97, 'home': 1.01, 'opp_def': 1.03}","minutes trend, usage trend, usage boost (injuries), injury risk, home, soft defense, market divergence, confidence cap (odds band)",24.2,18.8,17.642857142857142,UP,8.816650913659526,0.3,0.21428571428571427,2,6,1,0,Lonzo Ball (Rest - Left Knee Injury Management); Chris Livingston (G League - Two-Way); Larry Nance Jr. (Injury/Illness - Right Calf; Strain); Max Strus (Injury/Illness - Left Foot; Surgery - Jones Fracture); Luke Travers (G League - Two-Way); Evan Mobley (Injury/Illness - Left Calf; Strain),Darius Garland (Injury/Illness - Left Quadricep; Contusion),,Usage up; Teammates OUT: 6; Teammates Q: 1; Player status: QUESTIONABLE,OVER,150,0.0667,0.0324,0.3792,1.0,1.08,0.3752,-150,150,-120,120,0.65,,global,1.7,-0.3,QUESTIONABLE,NBA Official Report,Injury/Illness - Left Quadricep; Contusion,1766525293.7435021,odds_api
cff18872502cc7d1:pra:19.5:over,cff18872502cc7d1,Reed Sheppard,pra,over,19.5,aedd66eec65402eb926bb64dbbdb4634,LAC,HOU,2025-12-24T04:10:00Z,,,,3,False,24.09,0.586,0.7539,0.9815,0.4165,0.1416,0.65,MEDIUM,"{'minutes_trend': 1.0518, 'usage_trend': 1.0416, 'rest': 1.02}","minutes trend, usage trend, extra rest, market divergence, confidence cap (odds band)",22.6,19.5,21.666666666666668,UP,6.687467549246293,0.4,0.4666666666666667,3,0,0,0,,,,,OVER,125,0.0671,0.034,0.3912,1.05,1.08,0.3429,-150,150,-120,120,0.65,,global,1.7,-0.3,,,,1766525293.7435021,odds_api
eebbd3f8dcedbe8e:rebounds:4.5:over,eebbd3f8dcedbe8e,Keyonte George,rebounds,over,4.5,433a5462c6dbbed3ccc5d623dd68b61d,UTA,MEM,2025-12-24T02:10:00Z,UTA,MEM,True,2,False,6.15,0.5957,0.7581,0.9888,0.4272,0.1412,0.7268,HIGH,"{'minutes_trend': 1.1155, 'usage_trend': 1.0093, 'team_usage': 1.08, 'home': 1.01, 'pace': 1.02}","minutes trend, usage trend, usage boost (injuries), home, fast pace, high variance, market divergence",5.4,4.3,4.4,UP,2.359378449224852,0.5,0.5333333333333333,1,6,0,0,Elijah Harkless (G League - Two-Way); Walker Kessler (Injury/Illness - Left Shoulder; Injury Recovery); Lauri Markkanen (Injury/Illness - Right Groin; Injury Management); Georges Niang (Injury/Illness - Left Foot; Fourth metatarsal stress reaction); Jusuf Nurkic (Rest); John Tonje (G League - Two-Way),,,Teammates OUT: 6,OVER,120,0.0639,0.0328,0.384,0.95,1.15,0.5243,-150,150,-120,120,0.65,,global,1.7,-0.3,,,,1766525293.7435021,odds_api
8a59c926ad0214ec:points:22.5:over,8a59c926ad0214ec,Darius Garland,points,over,22.5,c6fd86b688bb64f5b7bdd108ac071a48,CLE,NOP,2025-12-24T00:40:00Z,CLE,NOP,True,2,False,28.77,0.5957,0.7613,0.9943,0.4248,0.1411,0.755,HIGH,"{'minutes_trend': 1.1107, 'usage_trend': 1.1014, 'team_usage': 1.08, 'injury_risk': 0.97, 'home': 1.01, 'opp_def': 1.03}","minutes trend, usage trend, usage boost (injuries), injury risk, home, soft defense, market divergence",24.2,18.8,17.642857142857142,UP,8.816650913659526,0.3,0.21428571428571427,2,6,1,0,Lonzo Ball (Rest - Left Knee Injury Management); Chris Livingston (G League - Two-Way); Larry Nance Jr. (Injury/Illness - Right Calf; Strain); Max Strus (Injury/Illness - Left Foot; Surgery - Jones Fracture); Luke Travers (G League - Two-Way); Evan Mobley (Injury/Illness - Left Calf; Strain),Darius Garland (Injury/Illness - Left Quadricep; Contusion),,Usage up; Teammates OUT: 6; Teammates Q: 1; Player status: QUESTIONABLE,OVER,120,0.0699,0.0324,0.3792,1.0,1.08,0.3919,-150,150,-120,120,0.65,,global,1.7,-0.3,QUESTIONABLE,NBA Official Report,Injury/Illness - Left Quadricep; Contusion,1766525293.7435021,odds_api
440168766d15343b:points:21.5:over,440168766d15343b,Kon Knueppel,points,over,21.5,27f523bb13b709279a0c31dbfa2e2006,CHA,WAS,2025-12-24T00:10:00Z,,,,2,False,26.24,0.6057,0.7663,1.0,0.4367,0.1406,0.855,HIGH,"{'minutes_trend': 1.0325, 'usage_trend': 1.0938}","minutes trend, usage trend, market divergence",25.8,21.5,21.0,UP,6.519202405202649,0.3,0.4,-2,0,0,0,,,,Usage up,OVER,115,0.0651,0.0324,0.3792,1.0,1.08,0.3032,-150,150,-120,120,0.65,,global,1.7,-0.3,,,,1766525293.7435021,odds_api
08937c7231a9a619:pra:31.5:over,08937c7231a9a619,Cooper Flagg,pra,over,31.5,e62dfd044e3b8f8719ab7bca8b7b389c,DAL,DEN,2025-12-24T01:10:00Z,,,,2,False,39.11,0.6057,0.7795,1.0,0.4367,0.1406,0.855,HIGH,"{'minutes_trend': 1.0909, 'usage_trend': 1.0612}","minutes trend, usage trend, market divergence",37.2,34.2,31.6,UP,9.874771446018947,0.5,0.4,-2,0,0,0,,,,Usage up,OVER,115,0.0651,0.034,0.3912,1.05,1.08,0.3135,-150,150,-120,120,0.65,,global,1.7,-0.3,,,,1766525293.7435021,odds_api
52d1b28cfbfbefda:rebounds:11.5:over,52d1b28cfbfbefda,Rudy Gobert,rebounds,over,11.5,e71e83a0ab574fe87af5567ae09c0fdb,MIN,NYK,2025-12-24T01:10:00Z,MIN,NYK,True,3,False,15.59,0.6057,0.871,1.0,0.4367,0.1406,0.855,HIGH,"{'minutes_trend': 1.021, 'usage_trend': 1.0869, 'team_usage': 1.03, 'rest': 1.02, 'home': 1.01}","minutes trend, usage trend, usage boost (injuries), extra rest, home, market divergence",14.8,12.2,12.133333333333333,UP,3.6147844564602556,0.7,0.7333333333333333,5,2,0,0,Jaden McDaniels (Injury/Illness - Left Oblique; Contusion); Joe Ingles (Personal Reasons),,,Usage up; Teammates OUT: 2,OVER,115,0.0651,0.0308,0.3672,0.95,1.08,0.3143,-150,150,-120,120,0.65,,global,1.7,-0.3,,,,1766525293.7435021,odds_api
52d1b28cfbfbefda:pra:25.5:over,52d1b28cfbfbefda,Rudy Gobert,pra,over,25.5,e71e83a0ab574fe87af5567ae09c0fdb,MIN,NYK,2025-12-24T01:10:00Z,MIN,NYK,True,3,False,33.1,0.6057,0.795,1.0,0.4367,0.1406,0.855,HIGH,"{'minutes_trend': 1.021, 'usage_trend': 1.0869, 'team_usage': 1.03, 'rest': 1.02, 'home': 1.01}","minutes trend, usage trend, usage boost (injuries), extra rest, home, market divergence",30.6,27.9,26.8,UP,9.230986464680312,0.5,0.4666666666666667,1,2,0,0,Jaden McDaniels (Injury/Illness - Left Oblique; Contusion); Joe Ingles (Personal Reasons),,,Usage up; Teammates OUT: 2,OVER,115,0.0651,0.034,0.3912,1.05,1.08,0.362,-150,150,-120,120,0.65,,global,1.7,-0.3,,,,1766525293.7435021,odds_api
4caf9e680e33cf8c:pra:16.5:over,4caf9e680e33cf8c,Isaiah Stewart II,pra,over,16.5,01c88e9888ab9344ed32a62b225d1599,SAC,DET,2025-12-24T03:10:00Z,DET,SAC,False,2,False,22.1,0.6057,0.8104,1.0,0.4367,0.1406,0.855,HIGH,"{'minutes_trend': 1.0439, 'usage_trend': 1.0746, 'team_usage': 1.08, 'opp_def': 1.03}","minutes trend, usage trend, usage boost (injuries), soft defense, market divergence",18.0,16.5,16.333333333333332,UP,6.363961030678928,0.5,0.4,-1,5,2,0,Isaac Jones (G League - On Assignment); Bobi Klintman (G League - On Assignment); Chaz Lanier (G League - On Assignment); Wendell Moore Jr. (G League - Two-Way); Tolu Smith (G League - Two-Way),Ronald Holland II (Injury/Illness - Left Knee; Sprain); Caris LeVert (Injury/Illness - Bilateral Knee; Soreness),,Usage up; Teammates OUT: 5; Teammates Q: 2,OVER,115,0.0651,0.034,0.3912,1.05,1.08,0.3857,-150,150,-120,120,0.65,,global,1.7,-0.3,,,,1766525293.7435021,odds_api
615b46eca26afbfd:pra:15.5:over,615b46eca26afbfd,Jonas Valanciunas,pra,over,15.5,e62dfd044e3b8f8719ab7bca8b7b389c,DAL,DEN,2025-12-24T01:10:00Z,DEN,DAL,False,2,False,19.41,0.6057,0.8165,1.0,0.4367,0.1406,0.805,HIGH,"{'minutes_trend': 1.1196, 'usage_trend': 1.0696, 'team_usage': 1.045, 'injury_risk': 0.99, 'opp_def': 0.97}","minutes trend, usage trend, usage boost (injuries), injury caution, tough defense, market divergence",17.2,15.9,15.066666666666666,UP,4.332051092342595,0.3,0.26666666666666666,1,3,0,2,Tamar Bates (Injury/Illness - Left Foot; Surgery); Christian Braun (Injury/Illness - Left Ankle; Sprain); Aaron Gordon (Injury/Illness - Right Hamstring; Strain),,Peyton Watson (Injury/Illness - Right Trunk; Contusion); Jonas Valanciunas (Injury/Illness - Illness; Illness),Usage up; Teammates OUT: 3; Player status: PROBABLE,OVER,115,0.0651,0.0315,0.372,1.05,1.0,0.2795,-150,150,-120,120,0.65,,global,1.7,-0.3,PROBABLE,NBA Official Report,Injury/Illness - Illness; Illness,1766525293.7435021,odds_api
0a2f172fb3e225e2:rebounds:7.5:over,0a2f172fb3e225e2,Jabari Smith Jr,rebounds,over,7.5,aedd66eec65402eb926bb64dbbdb4634,LAC,HOU,2025-12-24T04:10:00Z,HOU,LAC,False,3,False,10.26,0.6057,0.7886,1.0,0.4367,0.1406,0.7866,HIGH,"{'minutes_trend': 1.0879, 'usage_trend': 1.0533, 'team_usage': 1.03, 'rest': 1.02, 'opp_def': 1.03, 'pace': 0.98}","minutes trend, usage trend, usage boost (injuries), extra rest, soft defense, slow pace, high variance, market divergence",9.4,7.4,7.666666666666667,UP,3.438345855527367,0.6,0.6,-1,2,0,0,Dorian Finney-Smith (Injury/Illness - Left Ankle; Surgery); Fred VanVleet (Injury/Illness - Right Knee; ACL Repair),,,Usage up; Teammates OUT: 2,OVER,115,0.0651,0.0328,0.384,0.95,1.15,0.4584,-150,150,-120,120,0.65,,global,1.7,-0.3,,,,1766525293.7435021,odds_api
440168766d15343b:points:20.5:over,440168766d15343b,Kon Knueppel,points,over,20.5,27f523bb13b709279a0c31dbfa2e2006,CHA,WAS,2025-12-24T00:10:00Z,,,,2,False,26.24,0.5946,0.8106,1.0,0.4209,0.1401,0.7695,HIGH,"{'minutes_trend': 1.0325, 'usage_trend': 1.0938}","minutes trend, usage trend, high vig, market divergence",25.8,21.5,21.0,UP,6.519202405202649,0.4,0.4666666666666667,-2,0,0,0,,,,Usage up,OVER,120,0.08,0.0324,0.3792,1.0,1.08,0.318,-150,150,-120,120,0.65,,global,1.7,-0.3,,,,1766525293.7435021,odds_api
b3399dcf2cc21d8d:pra:38.5:under,b3399dcf2cc21d8d,Karl-Anthony Towns,pra,under,38.5,e71e83a0ab574fe87af5567ae09c0fdb,MIN,NYK,2025-12-24T01:10:00Z,NYK,MIN,False,3,False,26.6,0.5946,0.8366,1.0,0.4209,0.1401,0.7695,HIGH,"{'minutes_trend': 0.9222, 'usage_trend': 0.85, 'team_usage': 1.075, 'rest': 1.02, 'opp_def': 0.97}","minutes trend, usage trend, usage boost (injuries), extra rest, tough defense, high vig, market divergence",29.0,32.8,36.4,DOWN,12.136263382478518,0.8,0.6666666666666666,2,5,0,0,OG Anunoby (Injury/Illness - Left Ankle; Soreness); Jalen Brunson (Injury/Illness - Right Ankle; Right Ankle Injury Management); Miles McBride (Injury/Illness - Left Ankle; Sprain); Landry Shamet (Injury/Illness - Right Shoulder; Sprain); Guerschon Yabusele (Injury/Illness - Illness; Illness),,,Usage down; Teammates OUT: 5,UNDER,120,0.08,0.034,0.3912,1.05,1.08,0.3152,-150,150,-120,120,0.65,,global,1.7,-0.3,,,,1766525293.7435021,odds_api
2aca1816bae69ab4:rebounds:4.5:over,2aca1816bae69ab4,Mikal Bridges,rebounds,over,4.5,e71e83a0ab574fe87af5567ae09c0fdb,MIN,NYK,2025-12-24T01:10:00Z,NYK,MIN,False,3,False,5.89,0.6026,0.766,1.0,0.4323,0.1397,0.7866,HIGH,"{'minutes_trend': 1.0966, 'usage_trend': 1.0362, 'team_usage': 1.075, 'rest': 1.02, 'opp_def': 0.97}","minutes trend, usage trend, usage boost (injuries), extra rest, tough defense, high variance, market divergence",5.0,4.9,4.933333333333334,FLAT,1.9119507199599983,0.6,0.6,-1,5,0,0,OG Anunoby (Injury/Illness - Left Ankle; Soreness); Jalen Brunson (Injury/Illness - Right Ankle; Right Ankle Injury Management); Miles McBride (Injury/Illness - Left Ankle; Sprain); Landry Shamet (Injury/Illness - Right Shoulder; Sprain); Guerschon Yabusele (Injury/Illness - Illness; Illness),,,Teammates OUT: 5,OVER,116,0.0708,0.0328,0.384,0.95,1.15,0.4249,-150,150,-120,120,0.65,,global,1.7,-0.3,,,,1766525293.7435021,odds_api
2d111c59d1455358:points:17.5:over,2d111c59d1455358,Donte DiVincenzo,points,over,17.5,e71e83a0ab574fe87af5567ae09c0fdb,MIN,NYK,2025-12-24T01:10:00Z,MIN,NYK,True,3,False,21.12,0.5397,0.7201,0.9241,0.375,0.1397,0.65,MEDIUM,"{'minutes_trend': 1.0467, 'usage_trend': 1.15, 'team_usage': 1.03, 'rest': 1.02, 'home': 1.01}","minutes trend, usage trend, usage boost (injuries), extra rest, home, market divergence, confidence cap (odds band)",18.2,14.6,14.0,UP,6.2039413995369825,0.5,0.3333333333333333,1,2,0,0,Jaden McDaniels (Injury/Illness - Left Oblique; Contusion); Joe Ingles (Personal Reasons),,,Usage up; Teammates OUT: 2,OVER,150,0.0667,0.0324,0.3792,1.0,1.08,0.3545,-150,150,-120,120,0.65,,global,1.7,-0.3,,,,1766525293.7435021,odds_api
08937c7231a9a619:assists:3.5:over,08937c7231a9a619,Cooper Flagg,assists,over,3.5,e62dfd044e3b8f8719ab7bca8b7b389c,DAL,DEN,2025-12-24T01:10:00Z,,,,2,False,5.43,0.6105,0.815,1.0,0.4435,0.1388,0.7268,HIGH,"{'minutes_trend': 1.0909, 'usage_trend': 1.0612}","minutes trend, usage trend, high variance, market divergence",5.4,3.8,4.0,UP,2.14993539954628,0.4,0.4,1,0,0,0,,,,Usage up,OVER,112,0.0635,0.0345,0.396,1.0,1.15,0.6143,-150,150,-120,120,0.65,,global,1.7,-0.3,,,,1766525293.7435021,odds_api
bb592d0b28ccfa79:rebounds:4.5:over,bb592d0b28ccfa79,Danny Wolf,rebounds,over,4.5,7f3e47eb90701b1603802828cc5ea7a5,PHI,BKN,2025-12-24T00:10:00Z,,,,3,False,5.96,0.6034,0.7828,1.0,0.4335,0.1383,0.7866,HIGH,"{'minutes_trend': 1.15, 'usage_trend': 1.15, 'rest': 1.02}","minutes trend, usage trend, extra rest, high variance, market divergence",4.6,5.2,4.153846153846154,FLAT,1.8737959096740262,0.5,0.38461538461538464,-1,0,0,0,,,,Usage up,OVER,115,0.073,0.0328,0.384,0.95,1.15,0.4164,-150,150,-120,120,0.65,,global,1.7,-0.3,,,,1766525293.7435021,odds_api
e8e371aa543245b3:pra:24.5:over,e8e371aa543245b3,VJ Edgecombe,pra,over,24.5,7f3e47eb90701b1603802828cc5ea7a5,PHI,BKN,2025-12-24T00:10:00Z,PHI,BKN,True,4,False,37.69,0.6009,0.9529,1.0,0.4299,0.138,0.755,HIGH,"{'minutes_trend': 1.1386, 'usage_trend': 1.1058, 'team_usage': 1.045, 'injury_risk': 0.97, 'rest': 1.02, 'home': 1.01}","minutes trend, usage trend, usage boost (injuries), injury risk, extra rest, home, market divergence",30.8,24.9,24.333333333333332,UP,7.880355321938218,0.5,0.5333333333333333,4,2,3,1,Trendon Watford (Injury/Illness - Left Adductor; Strain); Kelly Oubre Jr. (Injury/Illness - Left Knee; Sprain),Dominick Barlow (Injury/Illness - N/a; Illness); VJ Edgecombe (Injury/Illness - N/a; Illness); Quentin Grimes (Injury/Illness - N/a; Illness),Joel Embiid (Injury/Illness - Right Knee; Injury Management),Usage up; Teammates OUT: 2; Teammates Q: 3; Player status: QUESTIONABLE,OVER,116,0.0769,0.034,0.3912,1.05,1.08,0.3216,-150,150,-120,120,0.65,,global,1.7,-0.3,QUESTIONABLE,NBA Official Report,Injury/Illness - N/a; Illness,1766525293.7435021,odds_api
75bb0beb4aef286b:pra:23.5:over,75bb0beb4aef286b,Naji Marshall,pra,over,23.5,e62dfd044e3b8f8719ab7bca8b7b389c,DAL,DEN,2025-12-24T01:10:00Z,DAL,DEN,True,2,False,26.94,0.5823,0.7466,0.9693,0.4165,0.1379,0.65,MEDIUM,"{'minutes_trend': 1.0719, 'usage_trend': 1.0042, 'team_usage': 1.08, 'home': 1.01}","minutes trend, usage trend, usage boost (injuries), home, market divergence, confidence cap (odds band)",24.4,24.0,23.266666666666666,UP,5.185449728701348,0.4,0.4666666666666667,2,5,5,0,Klay Thompson (Injury/Illness - Left Knee; Soreness); Max Christie (Injury/Illness - Illness; Illness); Dante Exum (Injury/Illness - Right Knee; Surgery); Kyrie Irving (Injury/Illness - Left Knee; Surgery); Dereck Lively II (Injury/Illness - Right Foot; Surgery),Brandon Williams (Injury/Illness - Right Ankle; Sprain); P.J. Washington (Injury/Illness - Right Midfoot; Soreness); Dwight Powell (Injury/Illness - Illness; Illness); Moussa Cisse (G League - Two-Way); Miles Kelly (G League - Two-Way),,Teammates OUT: 5; Teammates Q: 5,OVER,125,0.0671,0.0315,0.372,1.05,1.0,0.2207,-150,150,-120,120,0.65,,global,1.7,-0.3,,,,1766525293.7435021,odds_api
fefc8e5721ae8522:pra:23.5:over,fefc8e5721ae8522,Wendell Carter Jr,pra,over,23.5,e6de2100b01d094ccb20332bec9bd42a,POR,ORL,2025-12-24T03:10:00Z,ORL,POR,False,2,False,27.61,0.5819,0.7457,0.9677,0.4165,0.1374,0.65,MEDIUM,"{'minutes_trend': 1.0477, 'usage_trend': 1.0337, 'team_usage': 1.075}","minutes trend, usage trend, usage boost (injuries), market divergence, confidence cap (odds band)",25.0,22.0,22.066666666666666,UP,6.2182527020592095,0.4,0.3333333333333333,-1,4,3,0,Jalen Suggs (Injury/Illness - Left Hip; Contusion); Franz Wagner (Injury/Illness - Left High Ankle; Sprain); Moritz Wagner (Injury/Illness - Left Knee; Injury recovery); Colin Castleton (G League - Two-Way da),Tristan Silva (Injury/Illness - Right Shoulder; Contusion); Jonathan Isaac (Injury/Illness - Left Hip; Contusion); Goga Bitadze (Injury/Illness - Left Knee; Strain),,Teammates OUT: 4; Teammates Q: 3,OVER,125,0.0671,0.0315,0.372,1.05,1.0,0.2646,-150,150,-120,120,0.65,,global,1.7,-0.3,,,,1766525293.7435021,odds_api
0a2f172fb3e225e2:threes:2.5:over,0a2f172fb3e225e2,Jabari Smith Jr,threes,over,2.5,aedd66eec65402eb926bb64dbbdb4634,LAC,HOU,2025-12-24T04:10:00Z,HOU,LAC,False,3,False,3.42,0.5374,0.7155,0.9163,0.375,0.1374,0.5994,MEDIUM,"{'minutes_trend': 1.0879, 'usage_trend': 1.0533, 'team_usage': 1.03, 'rest': 1.02, 'opp_def': 1.03, 'pace': 0.98}","minutes trend, usage trend, usage boost (injuries), extra rest, soft defense, slow pace, high variance, market divergence",3.2,2.2,2.4,UP,1.6193277068654826,0.3,0.3333333333333333,2,2,0,0,Dorian Finney-Smith (Injury/Illness - Left Ankle; Surgery); Fred VanVleet (Injury/Illness - Right Knee; ACL Repair),,,Usage up; Teammates OUT: 2,OVER,150,0.0667,0.0379,0.42,1.1,1.15,0.6477,-150,150,-120,120,0.65,,global,1.7,-0.3,,,,1766525293.7435021,odds_api
d1991c3f6dd1389a:rebounds:12.5:over,d1991c3f6dd1389a,Anthony Davis,rebounds,over,12.5,e62dfd044e3b8f8719ab7bca8b7b389c,DAL,DEN,2025-12-24T01:10:00Z,DAL,DEN,True,2,False,16.21,0.6131,0.7787,1.0,0.4473,0.1369,0.855,HIGH,"{'minutes_trend': 1.0979, 'usage_trend': 1.0586, 'team_usage': 1.08, 'home': 1.01}","minutes trend, usage trend, usage boost (injuries), home, market divergence",13.6,11.5,11.571428571428571,UP,4.8362060428489695,0.6,0.5714285714285714,4,5,5,0,Klay Thompson (Injury/Illness - Left Knee; Soreness); Max Christie (Injury/Illness - Illness; Illness); Dante Exum (Injury/Illness - Right Knee; Surgery); Kyrie Irving (Injury/Illness - Left Knee; Surgery); Dereck Lively II (Injury/Illness - Right Foot; Surgery),Brandon Williams (Injury/Illness - Right Ankle; Sprain); P.J. Washington (Injury/Illness - Right Midfoot; Soreness); Dwight Powell (Injury/Illness - Illness; Illness); Moussa Cisse (G League - Two-Way); Miles Kelly (G League - Two-Way),,Usage up; Teammates OUT: 5; Teammates Q: 5,OVER,110,0.0647,0.0308,0.3672,0.95,1.08,0.3869,-150,150,-120,120,0.65,,global,1.7,-0.3,,,,1766525293.7435021,odds_api
c4d4f0b6da65c90d:points:24.5:over,c4d4f0b6da65c90d,LeBron James,points,over,24.5,dbc7af91324284c433f0152b91bd9abb,PHX,LAL,2025-12-24T02:10:00Z,LAL,PHX,False,4,False,31.44,0.6017,0.7759,1.0,0.4311,0.1366,0.855,HIGH,"{'minutes_trend': 1.0412, 'usage_trend': 1.15, 'team_usage': 1.045, 'rest': 1.02}","minutes trend, usage trend, usage boost (injuries), extra rest, market divergence",27.6,21.1,20.181818181818183,UP,9.146341102077681,0.5,0.45454545454545453,3,3,0,0,Luka Doncic (Injury/Illness - Lower Left Leg; Contusion); Rui Hachimura (Injury/Illness - Right Groin; Soreness); Gabe Vincent (Injury/Illness - Lumbar Back; Strain),,,Usage up; Teammates OUT: 3,OVER,115,0.079,0.0324,0.3792,1.0,1.08,0.3733,-150,150,-120,120,0.65,,global,1.7,-0.3,,,,1766525293.7435021,odds_api
3edc1f6904fc5558:points:10.5:over,3edc1f6904fc5558,Davion Mitchell,points,over,10.5,6d9aa23880ce3e5bdf540bda52e89fdc,MIA,TOR,2025-12-24T00:40:00Z,MIA,TOR,True,3,False,13.54,0.6121,0.7656,1.0,0.4459,0.1359,0.855,HIGH,"{'minutes_trend': 1.0372, 'usage_trend': 1.1268, 'team_usage': 1.06, 'rest': 1.02, 'home': 1.01, 'opp_def': 0.97, 'pace': 1.02}","minutes trend, usage trend, usage boost (injuries), extra rest, home, tough defense, fast pace, market divergence",11.2,9.3,10.066666666666666,UP,4.191260749066641,0.4,0.4666666666666667,1,4,0,0,Terry Rozier (Not With Team); Pelle Larsson (Injury/Illness - Left Ankle; Sprain); Nikola Jovic (Injury/Illness - Right Elbow; Contusion/Laceration); Tyler Herro (Injury/Illness - Right Big Toe; Contusion),,,Usage up; Teammates OUT: 4; Player status: AVAILABLE,OVER,110,0.068,0.0324,0.3792,1.0,1.08,0.3992,-150,150,-120,120,0.65,,global,1.7,-0.3,AVAILABLE,NBA Official Report,Injury/Illness - Left Ankle; Sprain,1766525293.7435021,odds_api
41dce95d5a25acde:points:11.5:under,41dce95d5a25acde,Tyler Kolek,points,under,11.5,e71e83a0ab574fe87af5567ae09c0fdb,MIN,NYK,2025-12-24T01:10:00Z,,,,3,False,5.25,0.6121,0.9342,1.0,0.4459,0.1359,0.855,HIGH,"{'minutes_trend': 1.15, 'usage_trend': 0.85, 'rest': 1.02}","minutes trend, usage trend, extra rest, market divergence",6.0,5.5,5.266666666666667,UP,4.143267631552018,0.9,0.9333333333333333,2,0,0,0,,,,Usage down,UNDER,110,0.068,0.0324,0.3792,1.0,1.08,0.3603,-150,150,-120,120,0.65,,global,1.7,-0.3,,,,1766525293.7435021,odds_api
