prop_id,player_id,player_name,prop_type,side,line,projection,probability,edge,confidence,pick,odds,injury_status,injury_source,injury_detail
8a59c926ad0214ec:assists:7.5:over,8a59c926ad0214ec,Darius Garland,assists,over,7.5,6.58,0.2869,-0.2009,0.4262,PASS,105,,,
8a59c926ad0214ec:assists:7.5:under,8a59c926ad0214ec,Darius Garland,assists,under,7.5,6.58,0.7131,0.1315,0.4262,UNDER,-139,,,
facb6803046eab5c:assists:3.5:over,facb6803046eab5c,Brandon Miller,assists,over,3.5,4.19,0.7458,0.1983,0.4916,OVER,-121,,,
facb6803046eab5c:assists:3.5:under,facb6803046eab5c,Brandon Miller,assists,under,3.5,4.19,0.2542,-0.2696,0.4916,PASS,-110,,,
440168766d15343b:assists:3.5:over,440168766d15343b,Kon Knueppel,assists,over,3.5,3.5,0.5,-0.0238,0.2,PASS,-110,,,
440168766d15343b:assists:3.5:under,440168766d15343b,Kon Knueppel,assists,under,3.5,3.5,0.5,-0.0475,0.2,PASS,-121,,,
2a4f649870db0148:assists:3.5:over,2a4f649870db0148,Miles Bridges,assists,over,3.5,3.5,0.5,0.0726,0.2,PASS,134,,,
2a4f649870db0148:assists:3.5:under,2a4f649870db0148,Miles Bridges,assists,under,3.5,3.5,0.5,-0.1364,0.2,PASS,-175,,,
335aba9590921564:assists:3.5:over,335aba9590921564,Lonzo Ball,assists,over,3.5,3.5,0.5,-0.1139,0.2,PASS,-159,,,
335aba9590921564:assists:3.5:under,335aba9590921564,Lonzo Ball,assists,under,3.5,3.5,0.5,0.0434,0.2,PASS,119,,,
220e544c0e1716ed:assists:5.5:over,220e544c0e1716ed,Donovan Mitchell,assists,over,5.5,5.42,0.4778,-0.0874,0.15,PASS,-130,PROBABLE,NBA Official Report,Injury/Illness - Illness; Illness
220e544c0e1716ed:assists:5.5:under,220e544c0e1716ed,Donovan Mitchell,assists,under,5.5,5.42,0.5222,0.0148,0.15,PASS,-103,PROBABLE,NBA Official Report,Injury/Illness - Illness; Illness
a7dee1eef19c56f4:assists:7.5:over,a7dee1eef19c56f4,LaMelo Ball,assists,over,7.5,7.5,0.5,-0.0327,0.15,PASS,-114,PROBABLE,NBA Official Report,Injury/Illness - Right Wrist; Soreness
a7dee1eef19c56f4:assists:7.5:under,a7dee1eef19c56f4,LaMelo Ball,assists,under,7.5,7.5,0.5,-0.0392,0.15,PASS,-117,PROBABLE,NBA Official Report,Injury/Illness - Right Wrist; Soreness
b08b695cba57a107:points:7.5:over,b08b695cba57a107,Ryan Kalkbrenner,points,over,7.5,7.5,0.5,-0.0146,0.1,PASS,-106,QUESTIONABLE,NBA Official Report,Injury/Illness - Left Elbow; Sprain
b08b695cba57a107:points:7.5:under,b08b695cba57a107,Ryan Kalkbrenner,points,under,7.5,7.5,0.5,-0.0556,0.1,PASS,-125,QUESTIONABLE,NBA Official Report,Injury/Illness - Left Elbow; Sprain
220e544c0e1716ed:points:30.5:over,220e544c0e1716ed,Donovan Mitchell,points,over,30.5,30.77,0.5141,0.0092,0.15,PASS,-102,PROBABLE,NBA Official Report,Injury/Illness - Illness; Illness
220e544c0e1716ed:points:30.5:under,220e544c0e1716ed,Donovan Mitchell,points,under,30.5,30.77,0.4859,-0.0736,0.15,PASS,-127,PROBABLE,NBA Official Report,Injury/Illness - Illness; Illness
1632dad36b5e936c:points:6.5:over,1632dad36b5e936c,Dean Wade,points,over,6.5,4.86,0.0892,-0.45,0.8216,PASS,-117,,,
1632dad36b5e936c:points:6.5:under,1632dad36b5e936c,Dean Wade,points,under,6.5,4.86,0.9108,0.3781,0.8216,UNDER,-114,,,
e300be223d9124fe:points:5.5:over,e300be223d9124fe,Sion James,points,over,5.5,5.5,0.5,-0.0098,0.2,PASS,-104,,,
e300be223d9124fe:points:5.5:under,e300be223d9124fe,Sion James,points,under,5.5,5.5,0.5,-0.0633,0.2,PASS,-129,,,
facb6803046eab5c:points:19.5:over,facb6803046eab5c,Brandon Miller,points,over,19.5,19.13,0.4694,-0.0633,0.2,PASS,-114,,,
facb6803046eab5c:points:19.5:under,facb6803046eab5c,Brandon Miller,points,under,19.5,19.13,0.5306,-0.0086,0.2,PASS,-117,,,
0fcc97fb82556cb2:points:13.5:over,0fcc97fb82556cb2,Jaylon Tyson,points,over,13.5,13.5,0.5,-0.0536,0.2,PASS,-124,,,
0fcc97fb82556cb2:points:13.5:under,0fcc97fb82556cb2,Jaylon Tyson,points,under,13.5,13.5,0.5,-0.0192,0.2,PASS,-108,,,
9ea8ae204f976e4e:points:7.5:over,9ea8ae204f976e4e,Sam Merrill,points,over,7.5,7.5,0.5,-0.0192,0.15,PASS,-108,PROBABLE,NBA Official Report,Injury/Illness - Right Hand; Sprain
9ea8ae204f976e4e:points:7.5:under,9ea8ae204f976e4e,Sam Merrill,points,under,7.5,7.5,0.5,-0.0536,0.15,PASS,-124,PROBABLE,NBA Official Report,Injury/Illness - Right Hand; Sprain
440168766d15343b:points:18.5:over,440168766d15343b,Kon Knueppel,points,over,18.5,18.5,0.5,-0.0455,0.2,PASS,-120,,,
440168766d15343b:points:18.5:under,440168766d15343b,Kon Knueppel,points,under,18.5,18.5,0.5,-0.0283,0.2,PASS,-112,,,
2a4f649870db0148:points:18.5:over,2a4f649870db0148,Miles Bridges,points,over,18.5,18.5,0.5,-0.0327,0.2,PASS,-114,,,
2a4f649870db0148:points:18.5:under,2a4f649870db0148,Miles Bridges,points,under,18.5,18.5,0.5,-0.0392,0.2,PASS,-117,,,
0aa082da5aeeb340:points:6.5:over,0aa082da5aeeb340,Moussa Diabate,points,over,6.5,6.5,0.5,-0.0726,0.2,PASS,-134,,,
0aa082da5aeeb340:points:6.5:under,0aa082da5aeeb340,Moussa Diabate,points,under,6.5,6.5,0.5,0.0,0.2,PASS,100,,,
ada18546837dac41:points:15.5:over,ada18546837dac41,Jarrett Allen,points,over,15.5,15.5,0.5,-0.0192,0.2,PASS,-108,,,
ada18546837dac41:points:15.5:under,ada18546837dac41,Jarrett Allen,points,under,15.5,15.5,0.5,-0.0495,0.2,PASS,-122,,,
d6fa084d1a037f96:points:13.5:over,d6fa084d1a037f96,De'Andre Hunter,points,over,13.5,11.79,0.2812,-0.2262,0.4377,PASS,-103,,,
d6fa084d1a037f96:points:13.5:under,d6fa084d1a037f96,De'Andre Hunter,points,under,13.5,11.79,0.7188,0.1536,0.4377,UNDER,-130,,,
335aba9590921564:points:6.5:over,335aba9590921564,Lonzo Ball,points,over,6.5,6.5,0.5,-0.0261,0.2,PASS,-111,,,
335aba9590921564:points:6.5:under,335aba9590921564,Lonzo Ball,points,under,6.5,6.5,0.5,-0.0475,0.2,PASS,-121,,,
8a59c926ad0214ec:points:20.5:over,8a59c926ad0214ec,Darius Garland,points,over,20.5,20.09,0.4674,-0.0862,0.2,PASS,-124,,,
8a59c926ad0214ec:points:20.5:under,8a59c926ad0214ec,Darius Garland,points,under,20.5,20.09,0.5326,0.0134,0.2,PASS,-108,,,
a7dee1eef19c56f4:points:19.5:over,a7dee1eef19c56f4,LaMelo Ball,points,over,19.5,19.5,0.5,-0.0455,0.15,PASS,-120,PROBABLE,NBA Official Report,Injury/Illness - Right Wrist; Soreness
a7dee1eef19c56f4:points:19.5:under,a7dee1eef19c56f4,LaMelo Ball,points,under,19.5,19.5,0.5,-0.0283,0.15,PASS,-112,PROBABLE,NBA Official Report,Injury/Illness - Right Wrist; Soreness
facb6803046eab5c:pra:27.5:over,facb6803046eab5c,Brandon Miller,pra,over,27.5,29.19,0.5917,0.0484,0.2,PASS,-119,,,
facb6803046eab5c:pra:27.5:under,facb6803046eab5c,Brandon Miller,pra,under,27.5,29.19,0.4083,-0.1133,0.2,PASS,-109,,,
0fcc97fb82556cb2:pra:22.5:over,0fcc97fb82556cb2,Jaylon Tyson,pra,over,22.5,22.5,0.5,-0.0192,0.2,PASS,-108,,,
0fcc97fb82556cb2:pra:22.5:under,0fcc97fb82556cb2,Jaylon Tyson,pra,under,22.5,22.5,0.5,-0.0455,0.2,PASS,-120,,,
220e544c0e1716ed:pra:40.5:over,220e544c0e1716ed,Donovan Mitchell,pra,over,40.5,39.57,0.4626,-0.0612,0.15,PASS,-110,PROBABLE,NBA Official Report,Injury/Illness - Illness; Illness
220e544c0e1716ed:pra:40.5:under,220e544c0e1716ed,Donovan Mitchell,pra,under,40.5,39.57,0.5374,-0.0039,0.15,PASS,-118,PROBABLE,NBA Official Report,Injury/Illness - Illness; Illness
2a4f649870db0148:pra:26.5:over,2a4f649870db0148,Miles Bridges,pra,over,26.5,26.5,0.5,-0.0495,0.2,PASS,-122,,,
2a4f649870db0148:pra:26.5:under,2a4f649870db0148,Miles Bridges,pra,under,26.5,26.5,0.5,-0.0192,0.2,PASS,-108,,,
e300be223d9124fe:pra:9.5:over,e300be223d9124fe,Sion James,pra,over,9.5,9.5,0.5,-0.069,0.2,PASS,-132,,,
e300be223d9124fe:pra:9.5:under,e300be223d9124fe,Sion James,pra,under,9.5,9.5,0.5,0.005,0.2,PASS,102,,,
ada18546837dac41:pra:27.5:over,ada18546837dac41,Jarrett Allen,pra,over,27.5,27.5,0.5,-0.0146,0.2,PASS,-106,,,
ada18546837dac41:pra:27.5:under,ada18546837dac41,Jarrett Allen,pra,under,27.5,27.5,0.5,-0.0556,0.2,PASS,-125,,,
d6fa084d1a037f96:pra:18.5:over,d6fa084d1a037f96,De'Andre Hunter,pra,over,18.5,17.25,0.3858,-0.1597,0.2285,PASS,-120,,,
d6fa084d1a037f96:pra:18.5:under,d6fa084d1a037f96,De'Andre Hunter,pra,under,18.5,17.25,0.6142,0.095,0.2285,PASS,-108,,,
335aba9590921564:pra:14.5:over,335aba9590921564,Lonzo Ball,pra,over,14.5,14.5,0.5,-0.0495,0.2,PASS,-122,,,
335aba9590921564:pra:14.5:under,335aba9590921564,Lonzo Ball,pra,under,14.5,14.5,0.5,-0.0146,0.2,PASS,-106,,,
8a59c926ad0214ec:pra:31.5:over,8a59c926ad0214ec,Darius Garland,pra,over,31.5,29.9,0.4155,-0.1037,0.2,PASS,-108,,,
8a59c926ad0214ec:pra:31.5:under,8a59c926ad0214ec,Darius Garland,pra,under,31.5,29.9,0.5845,0.039,0.2,PASS,-120,,,
440168766d15343b:pra:27.5:over,440168766d15343b,Kon Knueppel,pra,over,27.5,27.5,0.5,-0.0261,0.2,PASS,-111,,,
440168766d15343b:pra:27.5:under,440168766d15343b,Kon Knueppel,pra,under,27.5,27.5,0.5,-0.037,0.2,PASS,-116,,,
a7dee1eef19c56f4:pra:32.5:over,a7dee1eef19c56f4,LaMelo Ball,pra,over,32.5,32.5,0.5,-0.0192,0.15,PASS,-108,PROBABLE,NBA Official Report,Injury/Illness - Right Wrist; Soreness
a7dee1eef19c56f4:pra:32.5:under,a7dee1eef19c56f4,LaMelo Ball,pra,under,32.5,32.5,0.5,-0.0455,0.15,PASS,-120,PROBABLE,NBA Official Report,Injury/Illness - Right Wrist; Soreness
b08b695cba57a107:rebounds:6.5:over,b08b695cba57a107,Ryan Kalkbrenner,rebounds,over,6.5,6.5,0.5,-0.0098,0.1,PASS,-104,QUESTIONABLE,NBA Official Report,Injury/Illness - Left Elbow; Sprain
b08b695cba57a107:rebounds:6.5:under,b08b695cba57a107,Ryan Kalkbrenner,rebounds,under,6.5,6.5,0.5,-0.0633,0.1,PASS,-129,QUESTIONABLE,NBA Official Report,Injury/Illness - Left Elbow; Sprain
220e544c0e1716ed:rebounds:4.5:over,220e544c0e1716ed,Donovan Mitchell,rebounds,over,4.5,3.38,0.1304,-0.3391,0.6892,PASS,113,PROBABLE,NBA Official Report,Injury/Illness - Illness; Illness
220e544c0e1716ed:rebounds:4.5:under,220e544c0e1716ed,Donovan Mitchell,rebounds,under,4.5,3.38,0.8696,0.2664,0.6892,UNDER,-152,PROBABLE,NBA Official Report,Injury/Illness - Illness; Illness
e300be223d9124fe:rebounds:2.5:over,e300be223d9124fe,Sion James,rebounds,over,2.5,2.5,0.5,-0.069,0.2,PASS,-132,,,
e300be223d9124fe:rebounds:2.5:under,e300be223d9124fe,Sion James,rebounds,under,2.5,2.5,0.5,0.0,0.2,PASS,100,,,
2a4f649870db0148:rebounds:5.5:over,2a4f649870db0148,Miles Bridges,rebounds,over,5.5,5.5,0.5,0.005,0.2,PASS,102,,,
2a4f649870db0148:rebounds:5.5:under,2a4f649870db0148,Miles Bridges,rebounds,under,5.5,5.5,0.5,-0.0763,0.2,PASS,-136,,,
0fcc97fb82556cb2:rebounds:5.5:over,0fcc97fb82556cb2,Jaylon Tyson,rebounds,over,5.5,5.5,0.5,-0.0851,0.2,PASS,-141,,,
0fcc97fb82556cb2:rebounds:5.5:under,0fcc97fb82556cb2,Jaylon Tyson,rebounds,under,5.5,5.5,0.5,0.0146,0.2,PASS,106,,,
0aa082da5aeeb340:rebounds:7.5:over,0aa082da5aeeb340,Moussa Diabate,rebounds,over,7.5,7.5,0.5,-0.0238,0.2,PASS,-110,,,
0aa082da5aeeb340:rebounds:7.5:under,0aa082da5aeeb340,Moussa Diabate,rebounds,under,7.5,7.5,0.5,-0.0475,0.2,PASS,-121,,,
ada18546837dac41:rebounds:8.5:over,ada18546837dac41,Jarrett Allen,rebounds,over,8.5,8.5,0.5,-0.0935,0.2,PASS,-146,,,
ada18546837dac41:rebounds:8.5:under,ada18546837dac41,Jarrett Allen,rebounds,under,8.5,8.5,0.5,0.0261,0.2,PASS,111,,,
facb6803046eab5c:rebounds:4.5:over,facb6803046eab5c,Brandon Miller,rebounds,over,4.5,5.87,0.8243,0.3121,0.6486,OVER,-105,,,
facb6803046eab5c:rebounds:4.5:under,facb6803046eab5c,Brandon Miller,rebounds,under,4.5,5.87,0.1757,-0.3876,0.6486,PASS,-129,,,
440168766d15343b:rebounds:4.5:over,440168766d15343b,Kon Knueppel,rebounds,over,4.5,4.5,0.5,-0.1032,0.2,PASS,-152,,,
440168766d15343b:rebounds:4.5:under,440168766d15343b,Kon Knueppel,rebounds,under,4.5,4.5,0.5,0.0327,0.2,PASS,114,,,
8a59c926ad0214ec:rebounds:2.5:over,8a59c926ad0214ec,Darius Garland,rebounds,over,2.5,3.24,0.7704,0.125,0.5407,OVER,-182,,,
8a59c926ad0214ec:rebounds:2.5:under,8a59c926ad0214ec,Darius Garland,rebounds,under,2.5,3.24,0.2296,-0.1941,0.5407,PASS,136,,,
a7dee1eef19c56f4:rebounds:4.5:over,a7dee1eef19c56f4,LaMelo Ball,rebounds,over,4.5,4.5,0.5,-0.0349,0.15,PASS,-115,PROBABLE,NBA Official Report,Injury/Illness - Right Wrist; Soreness
a7dee1eef19c56f4:rebounds:4.5:under,a7dee1eef19c56f4,LaMelo Ball,rebounds,under,4.5,4.5,0.5,-0.0349,0.15,PASS,-115,PROBABLE,NBA Official Report,Injury/Illness - Right Wrist; Soreness
d6fa084d1a037f96:rebounds:3.5:over,d6fa084d1a037f96,De'Andre Hunter,rebounds,over,3.5,3.99,0.6886,0.0919,0.3773,PASS,-148,,,
d6fa084d1a037f96:rebounds:3.5:under,d6fa084d1a037f96,De'Andre Hunter,rebounds,under,3.5,3.99,0.3114,-0.1626,0.3773,PASS,111,,,
335aba9590921564:rebounds:3.5:over,335aba9590921564,Lonzo Ball,rebounds,over,3.5,3.5,0.5,-0.1212,0.2,PASS,-164,,,
335aba9590921564:rebounds:3.5:under,335aba9590921564,Lonzo Ball,rebounds,under,3.5,3.5,0.5,0.0516,0.2,PASS,123,,,
1632dad36b5e936c:rebounds:4.5:over,1632dad36b5e936c,Dean Wade,rebounds,over,4.5,4.47,0.4876,-0.0777,0.2,PASS,-130,,,
1632dad36b5e936c:rebounds:4.5:under,1632dad36b5e936c,Dean Wade,rebounds,under,4.5,4.47,0.5124,0.0051,0.2,PASS,-103,,,
a7dee1eef19c56f4:threes:2.5:over,a7dee1eef19c56f4,LaMelo Ball,threes,over,2.5,2.5,0.5,-0.0475,0.15,PASS,-121,PROBABLE,NBA Official Report,Injury/Illness - Right Wrist; Soreness
a7dee1eef19c56f4:threes:2.5:under,a7dee1eef19c56f4,LaMelo Ball,threes,under,2.5,2.5,0.5,-0.0238,0.15,PASS,-110,PROBABLE,NBA Official Report,Injury/Illness - Right Wrist; Soreness
facb6803046eab5c:threes:2.5:over,facb6803046eab5c,Brandon Miller,threes,over,2.5,2.92,0.6628,0.0519,0.3255,PASS,-157,,,
facb6803046eab5c:threes:2.5:under,facb6803046eab5c,Brandon Miller,threes,under,2.5,2.92,0.3372,-0.1236,0.3255,PASS,117,,,
9ea8ae204f976e4e:threes:1.5:over,9ea8ae204f976e4e,Sam Merrill,threes,over,1.5,1.5,0.5,-0.1337,0.15,PASS,-173,PROBABLE,NBA Official Report,Injury/Illness - Right Hand; Sprain
9ea8ae204f976e4e:threes:1.5:under,9ea8ae204f976e4e,Sam Merrill,threes,under,1.5,1.5,0.5,0.0633,0.15,PASS,129,PROBABLE,NBA Official Report,Injury/Illness - Right Hand; Sprain
2a4f649870db0148:threes:1.5:over,2a4f649870db0148,Miles Bridges,threes,over,1.5,1.5,0.5,-0.1552,0.2,PASS,-190,,,
2a4f649870db0148:threes:1.5:under,2a4f649870db0148,Miles Bridges,threes,under,1.5,1.5,0.5,0.0816,0.2,PASS,139,,,
e300be223d9124fe:threes:1.5:over,e300be223d9124fe,Sion James,threes,over,1.5,1.5,0.5,0.1078,0.2,PASS,155,,,
e300be223d9124fe:threes:1.5:under,e300be223d9124fe,Sion James,threes,under,1.5,1.5,0.5,-0.1805,0.2,PASS,-213,,,
0fcc97fb82556cb2:threes:1.5:over,0fcc97fb82556cb2,Jaylon Tyson,threes,over,1.5,1.5,0.5,-0.0652,0.2,PASS,-130,,,
0fcc97fb82556cb2:threes:1.5:under,0fcc97fb82556cb2,Jaylon Tyson,threes,under,1.5,1.5,0.5,-0.0074,0.2,PASS,-103,,,
d6fa084d1a037f96:threes:1.5:over,d6fa084d1a037f96,De'Andre Hunter,threes,over,1.5,1.47,0.4888,-0.1566,0.2,PASS,-182,,,
d6fa084d1a037f96:threes:1.5:under,d6fa084d1a037f96,De'Andre Hunter,threes,under,1.5,1.47,0.5112,0.0874,0.2,PASS,136,,,
440168766d15343b:threes:3.5:over,440168766d15343b,Kon Knueppel,threes,over,3.5,3.5,0.5,0.0652,0.2,PASS,130,,,
440168766d15343b:threes:3.5:under,440168766d15343b,Kon Knueppel,threes,under,3.5,3.5,0.5,-0.1337,0.2,PASS,-173,,,
8a59c926ad0214ec:threes:2.5:over,8a59c926ad0214ec,Darius Garland,threes,over,2.5,2.45,0.481,-0.0726,0.2,PASS,-124,,,
8a59c926ad0214ec:threes:2.5:under,8a59c926ad0214ec,Darius Garland,threes,under,2.5,2.45,0.519,-0.0002,0.2,PASS,-108,,,
1632dad36b5e936c:threes:1.5:over,1632dad36b5e936c,Dean Wade,threes,over,1.5,0.88,0.2676,-0.149,0.4647,PASS,140,,,
1632dad36b5e936c:threes:1.5:under,1632dad36b5e936c,Dean Wade,threes,under,1.5,0.88,0.7324,0.0772,0.4647,UNDER,-190,,,
335aba9590921564:threes:1.5:over,335aba9590921564,Lonzo Ball,threes,over,1.5,1.5,0.5,0.1154,0.2,PASS,160,,,
335aba9590921564:threes:1.5:under,335aba9590921564,Lonzo Ball,threes,under,1.5,1.5,0.5,-0.1855,0.2,PASS,-218,,,
220e544c0e1716ed:threes:3.5:over,220e544c0e1716ed,Donovan Mitchell,threes,over,3.5,4.14,0.7306,0.1525,0.4112,OVER,-137,PROBABLE,NBA Official Report,Injury/Illness - Illness; Illness
220e544c0e1716ed:threes:3.5:under,220e544c0e1716ed,Donovan Mitchell,threes,under,3.5,4.14,0.2694,-0.2208,0.4112,PASS,104,PROBABLE,NBA Official Report,Injury/Illness - Illness; Illness
2a4f649870db0148:assists:2.5:over,2a4f649870db0148,Miles Bridges,assists,over,2.5,2.5,0.5,-0.1337,0.2,PASS,-173,,,
2a4f649870db0148:assists:2.5:under,2a4f649870db0148,Miles Bridges,assists,under,2.5,2.5,0.5,0.0633,0.2,PASS,129,,,
0fcc97fb82556cb2:assists:2.5:over,0fcc97fb82556cb2,Jaylon Tyson,assists,over,2.5,2.5,0.5,0.0595,0.2,PASS,127,,,
0fcc97fb82556cb2:assists:2.5:under,0fcc97fb82556cb2,Jaylon Tyson,assists,under,2.5,2.5,0.5,-0.1296,0.2,PASS,-170,,,
a7dee1eef19c56f4:pra:31.5:over,a7dee1eef19c56f4,LaMelo Ball,pra,over,31.5,31.5,0.5,-0.037,0.15,PASS,-116,PROBABLE,NBA Official Report,Injury/Illness - Right Wrist; Soreness
a7dee1eef19c56f4:pra:31.5:under,a7dee1eef19c56f4,LaMelo Ball,pra,under,31.5,31.5,0.5,-0.0327,0.15,PASS,-114,PROBABLE,NBA Official Report,Injury/Illness - Right Wrist; Soreness
2a4f649870db0148:pra:27.5:over,2a4f649870db0148,Miles Bridges,pra,over,27.5,27.5,0.5,-0.0283,0.2,PASS,-112,,,
2a4f649870db0148:pra:27.5:under,2a4f649870db0148,Miles Bridges,pra,under,27.5,27.5,0.5,-0.0349,0.2,PASS,-115,,,
8a59c926ad0214ec:rebounds:3.5:over,8a59c926ad0214ec,Darius Garland,rebounds,over,3.5,3.24,0.3974,-0.0318,0.2051,PASS,133,,,
8a59c926ad0214ec:rebounds:3.5:under,8a59c926ad0214ec,Darius Garland,rebounds,under,3.5,3.24,0.6026,-0.039,0.2051,PASS,-179,,,
335aba9590921564:assists:4.5:over,335aba9590921564,Lonzo Ball,assists,over,4.5,4.5,0.5,0.0652,0.2,PASS,130,,,
335aba9590921564:assists:4.5:under,335aba9590921564,Lonzo Ball,assists,under,4.5,4.5,0.5,-0.1283,0.2,PASS,-169,,,
0fcc97fb82556cb2:points:14.5:over,0fcc97fb82556cb2,Jaylon Tyson,points,over,14.5,14.5,0.5,0.0074,0.2,PASS,103,,,
0fcc97fb82556cb2:points:14.5:under,0fcc97fb82556cb2,Jaylon Tyson,points,under,14.5,14.5,0.5,-0.0708,0.2,PASS,-133,,,
ada18546837dac41:pra:26.5:over,ada18546837dac41,Jarrett Allen,pra,over,26.5,26.5,0.5,-0.0516,0.2,PASS,-123,,,
ada18546837dac41:pra:26.5:under,ada18546837dac41,Jarrett Allen,pra,under,26.5,26.5,0.5,-0.0122,0.2,PASS,-105,,,
335aba9590921564:rebounds:4.5:over,335aba9590921564,Lonzo Ball,rebounds,over,4.5,4.5,0.5,0.0495,0.2,PASS,122,,,
335aba9590921564:rebounds:4.5:under,335aba9590921564,Lonzo Ball,rebounds,under,4.5,4.5,0.5,-0.1139,0.2,PASS,-159,,,
ada18546837dac41:rebounds:9.5:over,ada18546837dac41,Jarrett Allen,rebounds,over,9.5,9.5,0.5,0.005,0.2,PASS,102,,,
ada18546837dac41:rebounds:9.5:under,ada18546837dac41,Jarrett Allen,rebounds,under,9.5,9.5,0.5,-0.0763,0.2,PASS,-136,,,
0fcc97fb82556cb2:rebounds:6.5:over,0fcc97fb82556cb2,Jaylon Tyson,rebounds,over,6.5,6.5,0.5,0.0455,0.2,PASS,120,,,
0fcc97fb82556cb2:rebounds:6.5:under,0fcc97fb82556cb2,Jaylon Tyson,rebounds,under,6.5,6.5,0.5,-0.1094,0.2,PASS,-156,,,
d6fa084d1a037f96:rebounds:4.5:over,d6fa084d1a037f96,De'Andre Hunter,rebounds,over,4.5,3.99,0.3057,-0.1291,0.3885,PASS,130,,,
d6fa084d1a037f96:rebounds:4.5:under,d6fa084d1a037f96,De'Andre Hunter,rebounds,under,4.5,3.99,0.6943,0.066,0.3885,PASS,-169,,,
9ea8ae204f976e4e:threes:2.5:over,9ea8ae204f976e4e,Sam Merrill,threes,over,2.5,2.5,0.5,0.1124,0.15,PASS,158,PROBABLE,NBA Official Report,Injury/Illness - Right Hand; Sprain
9ea8ae204f976e4e:threes:2.5:under,9ea8ae204f976e4e,Sam Merrill,threes,under,2.5,2.5,0.5,-0.1753,0.15,PASS,-208,PROBABLE,NBA Official Report,Injury/Illness - Right Hand; Sprain
2a4f649870db0148:threes:2.5:over,2a4f649870db0148,Miles Bridges,threes,over,2.5,2.5,0.5,0.1032,0.2,PASS,152,,,
2a4f649870db0148:threes:2.5:under,2a4f649870db0148,Miles Bridges,threes,under,2.5,2.5,0.5,-0.1667,0.2,PASS,-200,,,
220e544c0e1716ed:points:29.5:over,220e544c0e1716ed,Donovan Mitchell,points,over,29.5,30.77,0.5657,0.0062,0.15,PASS,-127,PROBABLE,NBA Official Report,Injury/Illness - Illness; Illness
220e544c0e1716ed:points:29.5:under,220e544c0e1716ed,Donovan Mitchell,points,under,29.5,30.77,0.4343,-0.0802,0.15,PASS,-106,PROBABLE,NBA Official Report,Injury/Illness - Illness; Illness
54ada52701661023:assists:6.5:over,54ada52701661023,Andrew Nembhard,assists,over,6.5,6.64,0.5336,0.0434,0.2,PASS,104,,,
54ada52701661023:assists:6.5:under,54ada52701661023,Andrew Nembhard,assists,under,6.5,6.64,0.4664,-0.1117,0.2,PASS,-137,,,
0149249a4eb6cf3f:assists:3.5:over,0149249a4eb6cf3f,Pascal Siakam,assists,over,3.5,3.5,0.5,0.0349,0.2,PASS,115,,,
0149249a4eb6cf3f:assists:3.5:under,0149249a4eb6cf3f,Pascal Siakam,assists,under,3.5,3.5,0.5,-0.1032,0.2,PASS,-152,,,
195708c325c4c735:assists:5.5:over,195708c325c4c735,Jaylen Brown,assists,over,5.5,5.5,0.5,-0.0074,0.1,PASS,-103,QUESTIONABLE,NBA Official Report,Injury/Illness - Illness; Non-Covid
195708c325c4c735:assists:5.5:under,195708c325c4c735,Jaylen Brown,assists,under,5.5,5.5,0.5,-0.0652,0.1,PASS,-130,QUESTIONABLE,NBA Official Report,Injury/Illness - Illness; Non-Covid
8266cd61c58c9517:assists:5.5:over,8266cd61c58c9517,Payton Pritchard,assists,over,5.5,5.5,0.5,-0.0455,0.2,PASS,-120,,,
8266cd61c58c9517:assists:5.5:under,8266cd61c58c9517,Payton Pritchard,assists,under,5.5,5.5,0.5,-0.0283,0.2,PASS,-112,,,
56366070652c315d:assists:5.5:over,56366070652c315d,Derrick White,assists,over,5.5,4.7,0.2477,-0.2195,0.5045,PASS,114,,,
56366070652c315d:assists:5.5:under,56366070652c315d,Derrick White,assists,under,5.5,4.7,0.7523,0.1491,0.5045,UNDER,-152,,,
d37bbae8653cdb2b:assists:4.5:over,d37bbae8653cdb2b,T.J. McConnell,assists,over,4.5,4.5,0.5,-0.0495,0.1,PASS,-122,QUESTIONABLE,NBA Official Report,Injury/Illness - Left Knee; Sore
d37bbae8653cdb2b:assists:4.5:under,d37bbae8653cdb2b,T.J. McConnell,assists,under,4.5,4.5,0.5,-0.0215,0.1,PASS,-109,QUESTIONABLE,NBA Official Report,Injury/Illness - Left Knee; Sore
c29cbd55ca2a2752:points:10.5:over,c29cbd55ca2a2752,Neemias Queta,points,over,10.5,10.5,0.5,-0.0652,0.2,PASS,-130,,,
c29cbd55ca2a2752:points:10.5:under,c29cbd55ca2a2752,Neemias Queta,points,under,10.5,10.5,0.5,-0.0098,0.2,PASS,-104,,,
54ada52701661023:points:15.5:over,54ada52701661023,Andrew Nembhard,points,over,15.5,17.9,0.7041,0.1587,0.4083,OVER,-120,,,
54ada52701661023:points:15.5:under,54ada52701661023,Andrew Nembhard,points,under,15.5,17.9,0.2959,-0.2324,0.4083,PASS,-112,,,
2c32eb67b1d23b03:points:6.5:over,2c32eb67b1d23b03,Jordan Walsh,points,over,6.5,6.5,0.5,-0.0556,0.1,PASS,-125,QUESTIONABLE,NBA Official Report,Injury/Illness - Illness; Non-Covid
2c32eb67b1d23b03:points:6.5:under,2c32eb67b1d23b03,Jordan Walsh,points,under,6.5,6.5,0.5,-0.0169,0.1,PASS,-107,QUESTIONABLE,NBA Official Report,Injury/Illness - Illness; Non-Covid
56366070652c315d:points:18.5:over,56366070652c315d,Derrick White,points,over,18.5,21.33,0.7021,0.1672,0.4043,OVER,-115,,,
56366070652c315d:points:18.5:under,56366070652c315d,Derrick White,points,under,18.5,21.33,0.2979,-0.237,0.4043,PASS,-115,,,
e3ae9d94a2714cb0:points:13.5:over,e3ae9d94a2714cb0,Anfernee Simons,points,over,13.5,12.07,0.3176,-0.2237,0.3648,PASS,-118,,,
e3ae9d94a2714cb0:points:13.5:under,e3ae9d94a2714cb0,Anfernee Simons,points,under,13.5,12.07,0.6824,0.1519,0.3648,PASS,-113,,,
a951bcf5a0035036:points:8.5:over,a951bcf5a0035036,Jay Huff,points,over,8.5,8.5,0.5,-0.0652,0.2,PASS,-130,,,
a951bcf5a0035036:points:8.5:under,a951bcf5a0035036,Jay Huff,points,under,8.5,8.5,0.5,-0.0074,0.2,PASS,-103,,,
8266cd61c58c9517:points:18.5:over,8266cd61c58c9517,Payton Pritchard,points,over,18.5,18.5,0.5,-0.0327,0.2,PASS,-114,,,
8266cd61c58c9517:points:18.5:under,8266cd61c58c9517,Payton Pritchard,points,under,18.5,18.5,0.5,-0.0392,0.2,PASS,-117,,,
195708c325c4c735:points:29.5:over,195708c325c4c735,Jaylen Brown,points,over,29.5,29.5,0.5,-0.0495,0.1,PASS,-122,QUESTIONABLE,NBA Official Report,Injury/Illness - Illness; Non-Covid
195708c325c4c735:points:29.5:under,195708c325c4c735,Jaylen Brown,points,under,29.5,29.5,0.5,-0.0215,0.1,PASS,-109,QUESTIONABLE,NBA Official Report,Injury/Illness - Illness; Non-Covid
d37bbae8653cdb2b:points:8.5:over,d37bbae8653cdb2b,T.J. McConnell,points,over,8.5,8.5,0.5,-0.0652,0.1,PASS,-130,QUESTIONABLE,NBA Official Report,Injury/Illness - Left Knee; Sore
d37bbae8653cdb2b:points:8.5:under,d37bbae8653cdb2b,T.J. McConnell,points,under,8.5,8.5,0.5,-0.0074,0.1,PASS,-103,QUESTIONABLE,NBA Official Report,Injury/Illness - Left Knee; Sore
a168fb201860affc:points:17.5:over,a168fb201860affc,Bennedict Mathurin,points,over,17.5,15.59,0.3123,-0.2225,0.3753,PASS,-115,,,
a168fb201860affc:points:17.5:under,a168fb201860affc,Bennedict Mathurin,points,under,17.5,15.59,0.6877,0.1528,0.3753,PASS,-115,,,
0149249a4eb6cf3f:points:22.5:over,0149249a4eb6cf3f,Pascal Siakam,points,over,22.5,22.5,0.5,-0.0595,0.2,PASS,-127,,,
0149249a4eb6cf3f:points:22.5:under,0149249a4eb6cf3f,Pascal Siakam,points,under,22.5,22.5,0.5,-0.0122,0.2,PASS,-105,,,
18b51ba0144cbe14:points:5.5:over,18b51ba0144cbe14,Isaiah Jackson,points,over,5.5,6.15,0.6635,0.118,0.3269,PASS,-120,,,
18b51ba0144cbe14:points:5.5:under,18b51ba0144cbe14,Isaiah Jackson,points,under,5.5,6.15,0.3365,-0.1918,0.3269,PASS,-112,,,
a168fb201860affc:pra:25.5:over,a168fb201860affc,Bennedict Mathurin,pra,over,25.5,23.14,0.3416,-0.173,0.3169,PASS,-106,,,
a168fb201860affc:pra:25.5:under,a168fb201860affc,Bennedict Mathurin,pra,under,25.5,23.14,0.6584,0.1089,0.3169,PASS,-122,,,
2c32eb67b1d23b03:pra:14.5:over,2c32eb67b1d23b03,Jordan Walsh,pra,over,14.5,14.5,0.5,-0.0495,0.1,PASS,-122,QUESTIONABLE,NBA Official Report,Injury/Illness - Illness; Non-Covid
2c32eb67b1d23b03:pra:14.5:under,2c32eb67b1d23b03,Jordan Walsh,pra,under,14.5,14.5,0.5,-0.0146,0.1,PASS,-106,QUESTIONABLE,NBA Official Report,Injury/Illness - Illness; Non-Covid
56366070652c315d:pra:28.5:over,56366070652c315d,Derrick White,pra,over,28.5,30.33,0.5952,0.0582,0.2,PASS,-116,,,
56366070652c315d:pra:28.5:under,56366070652c315d,Derrick White,pra,under,28.5,30.33,0.4048,-0.1213,0.2,PASS,-111,,,
e3ae9d94a2714cb0:pra:18.5:over,e3ae9d94a2714cb0,Anfernee Simons,pra,over,18.5,15.92,0.2587,-0.2605,0.4826,PASS,-108,,,
e3ae9d94a2714cb0:pra:18.5:under,e3ae9d94a2714cb0,Anfernee Simons,pra,under,18.5,15.92,0.7413,0.1918,0.4826,UNDER,-122,,,
c29cbd55ca2a2752:pra:22.5:over,c29cbd55ca2a2752,Neemias Queta,pra,over,22.5,22.5,0.5,-0.0215,0.2,PASS,-109,,,
c29cbd55ca2a2752:pra:22.5:under,c29cbd55ca2a2752,Neemias Queta,pra,under,22.5,22.5,0.5,-0.0434,0.2,PASS,-119,,,
d37bbae8653cdb2b:pra:16.5:over,d37bbae8653cdb2b,T.J. McConnell,pra,over,16.5,16.5,0.5,-0.0283,0.1,PASS,-112,QUESTIONABLE,NBA Official Report,Injury/Illness - Left Knee; Sore
d37bbae8653cdb2b:pra:16.5:under,d37bbae8653cdb2b,T.J. McConnell,pra,under,16.5,16.5,0.5,-0.0349,0.1,PASS,-115,QUESTIONABLE,NBA Official Report,Injury/Illness - Left Knee; Sore
0149249a4eb6cf3f:pra:32.5:over,0149249a4eb6cf3f,Pascal Siakam,pra,over,32.5,32.5,0.5,-0.0349,0.2,PASS,-115,,,
0149249a4eb6cf3f:pra:32.5:under,0149249a4eb6cf3f,Pascal Siakam,pra,under,32.5,32.5,0.5,-0.0283,0.2,PASS,-112,,,
195708c325c4c735:pra:42.5:over,195708c325c4c735,Jaylen Brown,pra,over,42.5,42.5,0.5,-0.037,0.1,PASS,-116,QUESTIONABLE,NBA Official Report,Injury/Illness - Illness; Non-Covid
195708c325c4c735:pra:42.5:under,195708c325c4c735,Jaylen Brown,pra,under,42.5,42.5,0.5,-0.0261,0.1,PASS,-111,QUESTIONABLE,NBA Official Report,Injury/Illness - Illness; Non-Covid
54ada52701661023:pra:24.5:over,54ada52701661023,Andrew Nembhard,pra,over,24.5,27.24,0.6563,0.1129,0.3126,PASS,-119,,,
54ada52701661023:pra:24.5:under,54ada52701661023,Andrew Nembhard,pra,under,24.5,27.24,0.3437,-0.1778,0.3126,PASS,-109,,,
8266cd61c58c9517:pra:28.5:over,8266cd61c58c9517,Payton Pritchard,pra,over,28.5,28.5,0.5,-0.037,0.2,PASS,-116,,,
8266cd61c58c9517:pra:28.5:under,8266cd61c58c9517,Payton Pritchard,pra,under,28.5,28.5,0.5,-0.0261,0.2,PASS,-111,,,
a168fb201860affc:rebounds:5.5:over,a168fb201860affc,Bennedict Mathurin,rebounds,over,5.5,5.45,0.4859,-0.0424,0.2,PASS,-112,,,
a168fb201860affc:rebounds:5.5:under,a168fb201860affc,Bennedict Mathurin,rebounds,under,5.5,5.45,0.5141,-0.0313,0.2,PASS,-120,,,
0149249a4eb6cf3f:rebounds:6.5:over,0149249a4eb6cf3f,Pascal Siakam,rebounds,over,6.5,6.5,0.5,0.0,0.2,PASS,100,,,
0149249a4eb6cf3f:rebounds:6.5:under,0149249a4eb6cf3f,Pascal Siakam,rebounds,under,6.5,6.5,0.5,-0.069,0.2,PASS,-132,,,
18b51ba0144cbe14:rebounds:6.5:over,18b51ba0144cbe14,Isaiah Jackson,rebounds,over,6.5,7.6,0.7191,0.2604,0.4382,OVER,118,,,
18b51ba0144cbe14:rebounds:6.5:under,18b51ba0144cbe14,Isaiah Jackson,rebounds,under,6.5,7.6,0.2809,-0.33,0.4382,PASS,-157,,,
d37bbae8653cdb2b:rebounds:2.5:over,d37bbae8653cdb2b,T.J. McConnell,rebounds,over,2.5,2.5,0.5,-0.0536,0.1,PASS,-124,QUESTIONABLE,NBA Official Report,Injury/Illness - Left Knee; Sore
d37bbae8653cdb2b:rebounds:2.5:under,d37bbae8653cdb2b,T.J. McConnell,rebounds,under,2.5,2.5,0.5,-0.0192,0.1,PASS,-108,QUESTIONABLE,NBA Official Report,Injury/Illness - Left Knee; Sore
54ada52701661023:rebounds:2.5:over,54ada52701661023,Andrew Nembhard,rebounds,over,2.5,2.7,0.5793,0.038,0.2,PASS,-118,,,
54ada52701661023:rebounds:2.5:under,54ada52701661023,Andrew Nembhard,rebounds,under,2.5,2.7,0.4207,-0.1098,0.2,PASS,-113,,,
a951bcf5a0035036:rebounds:5.5:over,a951bcf5a0035036,Jay Huff,rebounds,over,5.5,5.5,0.5,0.0192,0.2,PASS,108,,,
a951bcf5a0035036:rebounds:5.5:under,a951bcf5a0035036,Jay Huff,rebounds,under,5.5,5.5,0.5,-0.0885,0.2,PASS,-143,,,
56366070652c315d:rebounds:4.5:over,56366070652c315d,Derrick White,rebounds,over,4.5,4.3,0.4259,-0.1216,0.2,PASS,-121,,,
56366070652c315d:rebounds:4.5:under,56366070652c315d,Derrick White,rebounds,under,4.5,4.3,0.5741,0.0503,0.2,PASS,-110,,,
2c32eb67b1d23b03:rebounds:6.5:over,2c32eb67b1d23b03,Jordan Walsh,rebounds,over,6.5,6.5,0.5,0.0413,0.1,PASS,118,QUESTIONABLE,NBA Official Report,Injury/Illness - Illness; Non-Covid
2c32eb67b1d23b03:rebounds:6.5:under,2c32eb67b1d23b03,Jordan Walsh,rebounds,under,6.5,6.5,0.5,-0.1063,0.1,PASS,-154,QUESTIONABLE,NBA Official Report,Injury/Illness - Illness; Non-Covid
c29cbd55ca2a2752:rebounds:9.5:over,c29cbd55ca2a2752,Neemias Queta,rebounds,over,9.5,9.5,0.5,0.0,0.2,PASS,100,,,
c29cbd55ca2a2752:rebounds:9.5:under,c29cbd55ca2a2752,Neemias Queta,rebounds,under,9.5,9.5,0.5,-0.069,0.2,PASS,-132,,,
195708c325c4c735:rebounds:6.5:over,195708c325c4c735,Jaylen Brown,rebounds,over,6.5,6.5,0.5,-0.0851,0.1,PASS,-141,QUESTIONABLE,NBA Official Report,Injury/Illness - Illness; Non-Covid
195708c325c4c735:rebounds:6.5:under,195708c325c4c735,Jaylen Brown,rebounds,under,6.5,6.5,0.5,0.0146,0.1,PASS,106,QUESTIONABLE,NBA Official Report,Injury/Illness - Illness; Non-Covid
8266cd61c58c9517:rebounds:4.5:over,8266cd61c58c9517,Payton Pritchard,rebounds,over,4.5,4.5,0.5,0.0327,0.2,PASS,114,,,
8266cd61c58c9517:rebounds:4.5:under,8266cd61c58c9517,Payton Pritchard,rebounds,under,4.5,4.5,0.5,-0.1032,0.2,PASS,-152,,,
a168fb201860affc:threes:2.5:over,a168fb201860affc,Bennedict Mathurin,threes,over,2.5,1.92,0.2825,-0.1376,0.4349,PASS,138,,,
a168fb201860affc:threes:2.5:under,a168fb201860affc,Bennedict Mathurin,threes,under,2.5,1.92,0.7175,0.0623,0.4349,UNDER,-190,,,
54ada52701661023:threes:1.5:over,54ada52701661023,Andrew Nembhard,threes,over,1.5,1.8,0.6179,0.0941,0.2358,PASS,-110,,,
54ada52701661023:threes:1.5:under,54ada52701661023,Andrew Nembhard,threes,under,1.5,1.8,0.3821,-0.1654,0.2358,PASS,-121,,,
a951bcf5a0035036:threes:1.5:over,a951bcf5a0035036,Jay Huff,threes,over,1.5,1.5,0.5,-0.0851,0.2,PASS,-141,,,
a951bcf5a0035036:threes:1.5:under,a951bcf5a0035036,Jay Huff,threes,under,1.5,1.5,0.5,0.0146,0.2,PASS,106,,,
0149249a4eb6cf3f:threes:1.5:over,0149249a4eb6cf3f,Pascal Siakam,threes,over,1.5,1.5,0.5,-0.0556,0.2,PASS,-125,,,
0149249a4eb6cf3f:threes:1.5:under,0149249a4eb6cf3f,Pascal Siakam,threes,under,1.5,1.5,0.5,-0.0146,0.2,PASS,-106,,,
e3ae9d94a2714cb0:threes:2.5:over,e3ae9d94a2714cb0,Anfernee Simons,threes,over,2.5,1.62,0.1894,-0.2361,0.6211,PASS,135,,,
e3ae9d94a2714cb0:threes:2.5:under,e3ae9d94a2714cb0,Anfernee Simons,threes,under,2.5,1.62,0.8106,0.1652,0.6211,UNDER,-182,,,
8266cd61c58c9517:threes:3.5:over,8266cd61c58c9517,Payton Pritchard,threes,over,3.5,3.5,0.5,0.0575,0.2,PASS,126,,,
8266cd61c58c9517:threes:3.5:under,8266cd61c58c9517,Payton Pritchard,threes,under,3.5,3.5,0.5,-0.1296,0.2,PASS,-170,,,
195708c325c4c735:threes:1.5:over,195708c325c4c735,Jaylen Brown,threes,over,1.5,1.5,0.5,-0.1296,0.1,PASS,-170,QUESTIONABLE,NBA Official Report,Injury/Illness - Illness; Non-Covid
195708c325c4c735:threes:1.5:under,195708c325c4c735,Jaylen Brown,threes,under,1.5,1.5,0.5,0.0575,0.1,PASS,126,QUESTIONABLE,NBA Official Report,Injury/Illness - Illness; Non-Covid
56366070652c315d:threes:3.5:over,56366070652c315d,Derrick White,threes,over,3.5,4.47,0.8069,0.2764,0.6139,OVER,-113,,,
56366070652c315d:threes:3.5:under,56366070652c315d,Derrick White,threes,under,3.5,4.47,0.1931,-0.3482,0.6139,PASS,-118,,,
e3ae9d94a2714cb0:assists:2.5:over,e3ae9d94a2714cb0,Anfernee Simons,assists,over,2.5,1.78,0.2366,-0.3396,0.5267,PASS,-136,,,
e3ae9d94a2714cb0:assists:2.5:under,e3ae9d94a2714cb0,Anfernee Simons,assists,under,2.5,1.78,0.7634,0.2658,0.5267,UNDER,101,,,
a951bcf5a0035036:points:9.5:over,a951bcf5a0035036,Jay Huff,points,over,9.5,9.5,0.5,-0.0122,0.2,PASS,-105,,,
a951bcf5a0035036:points:9.5:under,a951bcf5a0035036,Jay Huff,points,under,9.5,9.5,0.5,-0.0516,0.2,PASS,-123,,,
a168fb201860affc:pra:24.5:over,a168fb201860affc,Bennedict Mathurin,pra,over,24.5,23.14,0.407,-0.1525,0.2,PASS,-127,,,
a168fb201860affc:pra:24.5:under,a168fb201860affc,Bennedict Mathurin,pra,under,24.5,23.14,0.593,0.0832,0.2,PASS,-104,,,
e3ae9d94a2714cb0:pra:19.5:over,e3ae9d94a2714cb0,Anfernee Simons,pra,over,19.5,15.92,0.1844,-0.3416,0.6311,PASS,-111,,,
e3ae9d94a2714cb0:pra:19.5:under,e3ae9d94a2714cb0,Anfernee Simons,pra,under,19.5,15.92,0.8156,0.2785,0.6311,UNDER,-116,,,
18b51ba0144cbe14:rebounds:5.5:over,18b51ba0144cbe14,Isaiah Jackson,rebounds,over,5.5,7.6,0.8657,0.2689,0.7314,OVER,-148,,,
18b51ba0144cbe14:rebounds:5.5:under,18b51ba0144cbe14,Isaiah Jackson,rebounds,under,5.5,7.6,0.1343,-0.3374,0.7314,PASS,112,,,
2c32eb67b1d23b03:rebounds:5.5:over,2c32eb67b1d23b03,Jordan Walsh,rebounds,over,5.5,5.5,0.5,-0.0918,0.1,PASS,-145,QUESTIONABLE,NBA Official Report,Injury/Illness - Illness; Non-Covid
2c32eb67b1d23b03:rebounds:5.5:under,2c32eb67b1d23b03,Jordan Walsh,rebounds,under,5.5,5.5,0.5,0.0215,0.1,PASS,109,QUESTIONABLE,NBA Official Report,Injury/Illness - Illness; Non-Covid
e3ae9d94a2714cb0:rebounds:2.5:over,e3ae9d94a2714cb0,Anfernee Simons,rebounds,over,2.5,2.07,0.3341,-0.2385,0.3318,PASS,-134,,,
e3ae9d94a2714cb0:rebounds:2.5:under,e3ae9d94a2714cb0,Anfernee Simons,rebounds,under,2.5,2.07,0.6659,0.1684,0.3318,PASS,101,,,
a168fb201860affc:assists:2.5:over,a168fb201860affc,Bennedict Mathurin,assists,over,2.5,2.09,0.3424,-0.0544,0.3152,PASS,152,,,
a168fb201860affc:assists:2.5:under,a168fb201860affc,Bennedict Mathurin,assists,under,2.5,2.09,0.6576,-0.0091,0.3152,PASS,-200,,,
56366070652c315d:points:19.5:over,56366070652c315d,Derrick White,points,over,19.5,21.33,0.6342,0.1488,0.2684,PASS,106,,,
56366070652c315d:points:19.5:under,56366070652c315d,Derrick White,points,under,19.5,21.33,0.3658,-0.2123,0.2684,PASS,-137,,,
8266cd61c58c9517:points:19.5:over,8266cd61c58c9517,Payton Pritchard,points,over,19.5,19.5,0.5,0.0215,0.2,PASS,109,,,
8266cd61c58c9517:points:19.5:under,8266cd61c58c9517,Payton Pritchard,points,under,19.5,19.5,0.5,-0.0851,0.2,PASS,-141,,,
d37bbae8653cdb2b:points:9.5:over,d37bbae8653cdb2b,T.J. McConnell,points,over,9.5,9.5,0.5,0.0215,0.1,PASS,109,QUESTIONABLE,NBA Official Report,Injury/Illness - Left Knee; Sore
d37bbae8653cdb2b:points:9.5:under,d37bbae8653cdb2b,T.J. McConnell,points,under,9.5,9.5,0.5,-0.0851,0.1,PASS,-141,QUESTIONABLE,NBA Official Report,Injury/Illness - Left Knee; Sore
e3ae9d94a2714cb0:points:14.5:over,e3ae9d94a2714cb0,Anfernee Simons,points,over,14.5,12.07,0.2102,-0.2825,0.5797,PASS,103,,,
e3ae9d94a2714cb0:points:14.5:under,e3ae9d94a2714cb0,Anfernee Simons,points,under,14.5,12.07,0.7898,0.219,0.5797,UNDER,-133,,,
a951bcf5a0035036:pra:16.5:over,a951bcf5a0035036,Jay Huff,pra,over,16.5,16.5,0.5,-0.0146,0.2,PASS,-106,,,
a951bcf5a0035036:pra:16.5:under,a951bcf5a0035036,Jay Huff,pra,under,16.5,16.5,0.5,-0.0495,0.2,PASS,-122,,,
2c32eb67b1d23b03:threes:0.5:over,2c32eb67b1d23b03,Jordan Walsh,threes,over,0.5,0.5,0.5,-0.0745,0.1,PASS,-135,QUESTIONABLE,NBA Official Report,Injury/Illness - Illness; Non-Covid
2c32eb67b1d23b03:threes:0.5:under,2c32eb67b1d23b03,Jordan Walsh,threes,under,0.5,0.5,0.5,0.0098,0.1,PASS,104,QUESTIONABLE,NBA Official Report,Injury/Illness - Illness; Non-Covid
195708c325c4c735:threes:2.5:over,195708c325c4c735,Jaylen Brown,threes,over,2.5,2.5,0.5,0.1169,0.1,PASS,161,QUESTIONABLE,NBA Official Report,Injury/Illness - Illness; Non-Covid
195708c325c4c735:threes:2.5:under,195708c325c4c735,Jaylen Brown,threes,under,2.5,2.5,0.5,-0.1805,0.1,PASS,-213,QUESTIONABLE,NBA Official Report,Injury/Illness - Illness; Non-Covid
a168fb201860affc:assists:1.5:over,a168fb201860affc,Bennedict Mathurin,assists,over,1.5,2.09,0.7238,0.0861,0.4476,OVER,-176,,,
a168fb201860affc:assists:1.5:under,a168fb201860affc,Bennedict Mathurin,assists,under,1.5,2.09,0.2762,-0.1586,0.4476,PASS,130,,,
75bb0beb4aef286b:assists:2.5:over,75bb0beb4aef286b,Naji Marshall,assists,over,2.5,2.5,0.5,-0.0868,0.2,PASS,-142,,,
75bb0beb4aef286b:assists:2.5:under,75bb0beb4aef286b,Naji Marshall,assists,under,2.5,2.5,0.5,0.0192,0.2,PASS,108,,,
56921d9666b86a8e:assists:2.5:over,56921d9666b86a8e,Jeremiah Fears,assists,over,2.5,2.5,0.5,-0.0074,0.2,PASS,-103,,,
56921d9666b86a8e:assists:2.5:under,56921d9666b86a8e,Jeremiah Fears,assists,under,2.5,2.5,0.5,-0.0595,0.2,PASS,-127,,,
be195dd4a64cb831:assists:3.5:over,be195dd4a64cb831,Zion Williamson,assists,over,3.5,3.5,0.5,-0.0595,0.2,PASS,-127,,,
be195dd4a64cb831:assists:3.5:under,be195dd4a64cb831,Zion Williamson,assists,under,3.5,3.5,0.5,-0.0074,0.2,PASS,-103,,,
d1991c3f6dd1389a:assists:3.5:over,d1991c3f6dd1389a,Anthony Davis,assists,over,3.5,3.0,0.3085,-0.1301,0.3829,PASS,128,,,
d1991c3f6dd1389a:assists:3.5:under,d1991c3f6dd1389a,Anthony Davis,assists,under,3.5,3.0,0.6915,0.0632,0.3829,PASS,-169,,,
08937c7231a9a619:assists:3.5:over,08937c7231a9a619,Cooper Flagg,assists,over,3.5,4.29,0.7703,0.229,0.4406,OVER,-118,QUESTIONABLE,NBA Official Report,Injury/Illness - Back; Contusion
08937c7231a9a619:assists:3.5:under,08937c7231a9a619,Cooper Flagg,assists,under,3.5,4.29,0.2297,-0.2986,0.4406,PASS,-112,QUESTIONABLE,NBA Official Report,Injury/Illness - Back; Contusion
f7e5f5c37ffec5f7:assists:2.5:over,f7e5f5c37ffec5f7,Trey Murphy III,assists,over,2.5,2.5,0.5,-0.0816,0.2,PASS,-139,,,
f7e5f5c37ffec5f7:assists:2.5:under,f7e5f5c37ffec5f7,Trey Murphy III,assists,under,2.5,2.5,0.5,0.0146,0.2,PASS,106,,,
edd43e3a6b6d2de3:assists:3.5:over,edd43e3a6b6d2de3,Derik Queen,assists,over,3.5,5.08,0.8933,0.2933,0.7865,OVER,-150,,,
edd43e3a6b6d2de3:assists:3.5:under,edd43e3a6b6d2de3,Derik Queen,assists,under,3.5,5.08,0.1067,-0.3584,0.7865,PASS,115,,,
ed12b766ab682805:assists:3.5:over,ed12b766ab682805,Jordan Poole,assists,over,3.5,3.5,0.5,0.0327,0.2,PASS,114,,,
ed12b766ab682805:assists:3.5:under,ed12b766ab682805,Jordan Poole,assists,under,3.5,3.5,0.5,-0.1016,0.2,PASS,-151,,,
7c0a71dba5efab2c:assists:2.5:over,7c0a71dba5efab2c,P.J. Washington,assists,over,2.5,2.5,0.5,0.0763,0.2,PASS,136,,,
7c0a71dba5efab2c:assists:2.5:under,7c0a71dba5efab2c,P.J. Washington,assists,under,2.5,2.5,0.5,-0.1441,0.2,PASS,-181,,,
ed12b766ab682805:points:15.5:over,ed12b766ab682805,Jordan Poole,points,over,15.5,15.5,0.5,-0.0098,0.2,PASS,-104,,,
ed12b766ab682805:points:15.5:under,ed12b766ab682805,Jordan Poole,points,under,15.5,15.5,0.5,-0.0495,0.2,PASS,-122,,,
be195dd4a64cb831:points:19.5:over,be195dd4a64cb831,Zion Williamson,points,over,19.5,19.5,0.5,-0.0392,0.2,PASS,-117,,,
be195dd4a64cb831:points:19.5:under,be195dd4a64cb831,Zion Williamson,points,under,19.5,19.5,0.5,-0.0215,0.2,PASS,-109,,,
edd43e3a6b6d2de3:points:12.5:over,edd43e3a6b6d2de3,Derik Queen,points,over,12.5,15.63,0.7882,0.2448,0.5764,OVER,-119,,,
edd43e3a6b6d2de3:points:12.5:under,edd43e3a6b6d2de3,Derik Queen,points,under,12.5,15.63,0.2118,-0.3051,0.5764,PASS,-107,,,
56921d9666b86a8e:points:12.5:over,56921d9666b86a8e,Jeremiah Fears,points,over,12.5,12.5,0.5,-0.0455,0.2,PASS,-120,,,
56921d9666b86a8e:points:12.5:under,56921d9666b86a8e,Jeremiah Fears,points,under,12.5,12.5,0.5,-0.0238,0.2,PASS,-110,,,
d1991c3f6dd1389a:points:24.5:over,d1991c3f6dd1389a,Anthony Davis,points,over,24.5,19.25,0.1376,-0.3722,0.7248,PASS,-104,,,
d1991c3f6dd1389a:points:24.5:under,d1991c3f6dd1389a,Anthony Davis,points,under,24.5,19.25,0.8624,0.3128,0.7248,UNDER,-122,,,
75bb0beb4aef286b:points:13.5:over,75bb0beb4aef286b,Naji Marshall,points,over,13.5,13.5,0.5,-0.0122,0.2,PASS,-105,,,
75bb0beb4aef286b:points:13.5:under,75bb0beb4aef286b,Naji Marshall,points,under,13.5,13.5,0.5,-0.0475,0.2,PASS,-121,,,
08937c7231a9a619:points:20.5:over,08937c7231a9a619,Cooper Flagg,points,over,20.5,23.11,0.6745,0.1093,0.249,PASS,-130,QUESTIONABLE,NBA Official Report,Injury/Illness - Back; Contusion
08937c7231a9a619:points:20.5:under,08937c7231a9a619,Cooper Flagg,points,under,20.5,23.11,0.3255,-0.1795,0.249,PASS,-102,QUESTIONABLE,NBA Official Report,Injury/Illness - Back; Contusion
7c0a71dba5efab2c:points:16.5:over,7c0a71dba5efab2c,P.J. Washington,points,over,16.5,16.5,0.5,-0.0192,0.2,PASS,-108,,,
7c0a71dba5efab2c:points:16.5:under,7c0a71dba5efab2c,P.J. Washington,points,under,16.5,16.5,0.5,-0.0413,0.2,PASS,-118,,,
f7e5f5c37ffec5f7:points:18.5:over,f7e5f5c37ffec5f7,Trey Murphy III,points,over,18.5,18.5,0.5,-0.0192,0.2,PASS,-108,,,
f7e5f5c37ffec5f7:points:18.5:under,f7e5f5c37ffec5f7,Trey Murphy III,points,under,18.5,18.5,0.5,-0.0434,0.2,PASS,-119,,,
231fe865ee873acd:points:9.5:over,231fe865ee873acd,Herb Jones,points,over,9.5,2.0,0.0,-0.495,0.95,PASS,102,,,
231fe865ee873acd:points:9.5:under,231fe865ee873acd,Herb Jones,points,under,9.5,2.0,1.0,0.4237,0.95,UNDER,-136,,,
4ca49f035ca2788b:points:10.5:over,4ca49f035ca2788b,Klay Thompson,points,over,10.5,10.5,0.5,-0.0455,0.1,PASS,-120,QUESTIONABLE,NBA Official Report,Injury/Illness - Left Knee; Soreness
4ca49f035ca2788b:points:10.5:under,4ca49f035ca2788b,Klay Thompson,points,under,10.5,10.5,0.5,-0.0169,0.1,PASS,-107,QUESTIONABLE,NBA Official Report,Injury/Illness - Left Knee; Soreness
7e17dfaa4418e311:points:12.5:over,7e17dfaa4418e311,Saddiq Bey,points,over,12.5,12.5,0.5,-0.0215,0.2,PASS,-109,,,
7e17dfaa4418e311:points:12.5:under,7e17dfaa4418e311,Saddiq Bey,points,under,12.5,12.5,0.5,-0.0392,0.2,PASS,-117,,,
08937c7231a9a619:pra:30.5:over,08937c7231a9a619,Cooper Flagg,pra,over,30.5,33.67,0.6468,0.0973,0.1936,PASS,-122,QUESTIONABLE,NBA Official Report,Injury/Illness - Back; Contusion
08937c7231a9a619:pra:30.5:under,08937c7231a9a619,Cooper Flagg,pra,under,30.5,33.67,0.3532,-0.1661,0.1936,PASS,-108,QUESTIONABLE,NBA Official Report,Injury/Illness - Back; Contusion
f7e5f5c37ffec5f7:pra:28.5:over,f7e5f5c37ffec5f7,Trey Murphy III,pra,over,28.5,28.5,0.5,-0.0146,0.2,PASS,-106,,,
f7e5f5c37ffec5f7:pra:28.5:under,f7e5f5c37ffec5f7,Trey Murphy III,pra,under,28.5,28.5,0.5,-0.0495,0.2,PASS,-122,,,
75bb0beb4aef286b:pra:21.5:over,75bb0beb4aef286b,Naji Marshall,pra,over,21.5,21.5,0.5,-0.0146,0.2,PASS,-106,,,
75bb0beb4aef286b:pra:21.5:under,75bb0beb4aef286b,Naji Marshall,pra,under,21.5,21.5,0.5,-0.0495,0.2,PASS,-122,,,
7c0a71dba5efab2c:pra:26.5:over,7c0a71dba5efab2c,P.J. Washington,pra,over,26.5,26.5,0.5,-0.0074,0.2,PASS,-103,,,
7c0a71dba5efab2c:pra:26.5:under,7c0a71dba5efab2c,P.J. Washington,pra,under,26.5,26.5,0.5,-0.0556,0.2,PASS,-125,,,
edd43e3a6b6d2de3:pra:24.5:over,edd43e3a6b6d2de3,Derik Queen,pra,over,24.5,28.8,0.7247,0.1834,0.4493,OVER,-118,,,
edd43e3a6b6d2de3:pra:24.5:under,edd43e3a6b6d2de3,Derik Queen,pra,under,24.5,28.8,0.2753,-0.253,0.4493,PASS,-112,,,
be195dd4a64cb831:pra:29.5:over,be195dd4a64cb831,Zion Williamson,pra,over,29.5,29.5,0.5,-0.0349,0.2,PASS,-115,,,
be195dd4a64cb831:pra:29.5:under,be195dd4a64cb831,Zion Williamson,pra,under,29.5,29.5,0.5,-0.0327,0.2,PASS,-114,,,
d1991c3f6dd1389a:pra:40.5:over,d1991c3f6dd1389a,Anthony Davis,pra,over,40.5,33.79,0.2135,-0.3103,0.5729,PASS,-110,,,
d1991c3f6dd1389a:pra:40.5:under,d1991c3f6dd1389a,Anthony Davis,pra,under,40.5,33.79,0.7865,0.2452,0.5729,UNDER,-118,,,
56921d9666b86a8e:pra:18.5:over,56921d9666b86a8e,Jeremiah Fears,pra,over,18.5,18.5,0.5,-0.0098,0.2,PASS,-104,,,
56921d9666b86a8e:pra:18.5:under,56921d9666b86a8e,Jeremiah Fears,pra,under,18.5,18.5,0.5,-0.0595,0.2,PASS,-127,,,
f7e5f5c37ffec5f7:rebounds:5.5:over,f7e5f5c37ffec5f7,Trey Murphy III,rebounds,over,5.5,5.5,0.5,-0.1139,0.2,PASS,-159,,,
f7e5f5c37ffec5f7:rebounds:5.5:under,f7e5f5c37ffec5f7,Trey Murphy III,rebounds,under,5.5,5.5,0.5,0.0413,0.2,PASS,118,,,
75bb0beb4aef286b:rebounds:4.5:over,75bb0beb4aef286b,Naji Marshall,rebounds,over,4.5,4.5,0.5,-0.0215,0.2,PASS,-109,,,
75bb0beb4aef286b:rebounds:4.5:under,75bb0beb4aef286b,Naji Marshall,rebounds,under,4.5,4.5,0.5,-0.0475,0.2,PASS,-121,,,
08937c7231a9a619:rebounds:5.5:over,08937c7231a9a619,Cooper Flagg,rebounds,over,5.5,6.26,0.687,0.1125,0.2739,PASS,-135,QUESTIONABLE,NBA Official Report,Injury/Illness - Back; Contusion
08937c7231a9a619:rebounds:5.5:under,08937c7231a9a619,Cooper Flagg,rebounds,under,5.5,6.26,0.313,-0.1796,0.2739,PASS,103,QUESTIONABLE,NBA Official Report,Injury/Illness - Back; Contusion
d1991c3f6dd1389a:rebounds:11.5:over,d1991c3f6dd1389a,Anthony Davis,rebounds,over,11.5,11.54,0.5057,-0.0669,0.2,PASS,-134,,,
d1991c3f6dd1389a:rebounds:11.5:under,d1991c3f6dd1389a,Anthony Davis,rebounds,under,11.5,11.54,0.4943,-0.0033,0.2,PASS,101,,,
231fe865ee873acd:rebounds:3.5:over,231fe865ee873acd,Herb Jones,rebounds,over,3.5,4.0,0.6915,0.1817,0.3829,PASS,-104,,,
231fe865ee873acd:rebounds:3.5:under,231fe865ee873acd,Herb Jones,rebounds,under,3.5,4.0,0.3085,-0.249,0.3829,PASS,-126,,,
be195dd4a64cb831:rebounds:5.5:over,be195dd4a64cb831,Zion Williamson,rebounds,over,5.5,5.5,0.5,-0.0671,0.2,PASS,-131,,,
be195dd4a64cb831:rebounds:5.5:under,be195dd4a64cb831,Zion Williamson,rebounds,under,5.5,5.5,0.5,-0.0025,0.2,PASS,-101,,,
edd43e3a6b6d2de3:rebounds:7.5:over,edd43e3a6b6d2de3,Derik Queen,rebounds,over,7.5,8.09,0.6147,0.0495,0.2294,PASS,-130,,,
edd43e3a6b6d2de3:rebounds:7.5:under,edd43e3a6b6d2de3,Derik Queen,rebounds,under,7.5,8.09,0.3853,-0.1147,0.2294,PASS,100,,,
7c0a71dba5efab2c:rebounds:7.5:over,7c0a71dba5efab2c,P.J. Washington,rebounds,over,7.5,7.5,0.5,0.0169,0.2,PASS,107,,,
7c0a71dba5efab2c:rebounds:7.5:under,7c0a71dba5efab2c,P.J. Washington,rebounds,under,7.5,7.5,0.5,-0.0851,0.2,PASS,-141,,,
7e17dfaa4418e311:rebounds:5.5:over,7e17dfaa4418e311,Saddiq Bey,rebounds,over,5.5,5.5,0.5,-0.0327,0.2,PASS,-114,,,
7e17dfaa4418e311:rebounds:5.5:under,7e17dfaa4418e311,Saddiq Bey,rebounds,under,5.5,5.5,0.5,-0.0349,0.2,PASS,-115,,,
56921d9666b86a8e:rebounds:3.5:over,56921d9666b86a8e,Jeremiah Fears,rebounds,over,3.5,3.5,0.5,0.0708,0.2,PASS,133,,,
56921d9666b86a8e:rebounds:3.5:under,56921d9666b86a8e,Jeremiah Fears,rebounds,under,3.5,3.5,0.5,-0.1377,0.2,PASS,-176,,,
f7e5f5c37ffec5f7:threes:2.5:over,f7e5f5c37ffec5f7,Trey Murphy III,threes,over,2.5,2.5,0.5,0.0652,0.2,PASS,130,,,
f7e5f5c37ffec5f7:threes:2.5:under,f7e5f5c37ffec5f7,Trey Murphy III,threes,under,2.5,2.5,0.5,-0.1324,0.2,PASS,-172,,,
7e17dfaa4418e311:threes:1.5:over,7e17dfaa4418e311,Saddiq Bey,threes,over,1.5,1.5,0.5,0.1016,0.2,PASS,151,,,
7e17dfaa4418e311:threes:1.5:under,7e17dfaa4418e311,Saddiq Bey,threes,under,1.5,1.5,0.5,-0.1678,0.2,PASS,-201,,,
231fe865ee873acd:threes:1.5:over,231fe865ee873acd,Herb Jones,threes,over,1.5,1.5,0.5,0.1269,0.2,PASS,168,,,
231fe865ee873acd:threes:1.5:under,231fe865ee873acd,Herb Jones,threes,under,1.5,1.5,0.5,-0.1923,0.2,PASS,-225,,,
4ca49f035ca2788b:threes:2.5:over,4ca49f035ca2788b,Klay Thompson,threes,over,2.5,2.5,0.5,-0.005,0.1,PASS,-102,QUESTIONABLE,NBA Official Report,Injury/Illness - Left Knee; Soreness
4ca49f035ca2788b:threes:2.5:under,4ca49f035ca2788b,Klay Thompson,threes,under,2.5,2.5,0.5,-0.0652,0.1,PASS,-130,QUESTIONABLE,NBA Official Report,Injury/Illness - Left Knee; Soreness
ed12b766ab682805:threes:2.5:over,ed12b766ab682805,Jordan Poole,threes,over,2.5,2.5,0.5,0.1032,0.2,PASS,152,,,
ed12b766ab682805:threes:2.5:under,ed12b766ab682805,Jordan Poole,threes,under,2.5,2.5,0.5,-0.1667,0.2,PASS,-200,,,
7c0a71dba5efab2c:threes:1.5:over,7c0a71dba5efab2c,P.J. Washington,threes,over,1.5,1.5,0.5,-0.0902,0.2,PASS,-144,,,
7c0a71dba5efab2c:threes:1.5:under,7c0a71dba5efab2c,P.J. Washington,threes,under,1.5,1.5,0.5,0.0215,0.2,PASS,109,,,
231fe865ee873acd:assists:2.5:over,231fe865ee873acd,Herb Jones,assists,over,2.5,2.0,0.3085,-0.0703,0.3829,PASS,164,,,
231fe865ee873acd:assists:2.5:under,231fe865ee873acd,Herb Jones,assists,under,2.5,2.0,0.6915,0.0069,0.3829,PASS,-217,,,
edd43e3a6b6d2de3:assists:4.5:over,edd43e3a6b6d2de3,Derik Queen,assists,over,4.5,5.08,0.6761,0.2523,0.3521,PASS,136,,,
edd43e3a6b6d2de3:assists:4.5:under,edd43e3a6b6d2de3,Derik Queen,assists,under,4.5,5.08,0.3239,-0.3176,0.3521,PASS,-179,,,
f7e5f5c37ffec5f7:points:19.5:over,f7e5f5c37ffec5f7,Trey Murphy III,points,over,19.5,19.5,0.5,0.0,0.2,PASS,100,,,
f7e5f5c37ffec5f7:points:19.5:under,f7e5f5c37ffec5f7,Trey Murphy III,points,under,19.5,19.5,0.5,-0.069,0.2,PASS,-132,,,
08937c7231a9a619:points:21.5:over,08937c7231a9a619,Cooper Flagg,points,over,21.5,23.11,0.61,0.0795,0.12,PASS,-113,QUESTIONABLE,NBA Official Report,Injury/Illness - Back; Contusion
08937c7231a9a619:points:21.5:under,08937c7231a9a619,Cooper Flagg,points,under,21.5,23.11,0.39,-0.1405,0.12,PASS,-113,QUESTIONABLE,NBA Official Report,Injury/Illness - Back; Contusion
231fe865ee873acd:pra:14.5:over,231fe865ee873acd,Herb Jones,pra,over,14.5,8.0,0.0006,-0.514,0.95,PASS,-106,,,
231fe865ee873acd:pra:14.5:under,231fe865ee873acd,Herb Jones,pra,under,14.5,8.0,0.9994,0.4439,0.95,UNDER,-125,,,
ed12b766ab682805:pra:21.5:over,ed12b766ab682805,Jordan Poole,pra,over,21.5,21.5,0.5,-0.0122,0.2,PASS,-105,,,
ed12b766ab682805:pra:21.5:under,ed12b766ab682805,Jordan Poole,pra,under,21.5,21.5,0.5,-0.0556,0.2,PASS,-125,,,
08937c7231a9a619:pra:31.5:over,08937c7231a9a619,Cooper Flagg,pra,over,31.5,33.67,0.6018,0.0647,0.1036,PASS,-116,QUESTIONABLE,NBA Official Report,Injury/Illness - Back; Contusion
08937c7231a9a619:pra:31.5:under,08937c7231a9a619,Cooper Flagg,pra,under,31.5,33.67,0.3982,-0.1323,0.1036,PASS,-113,QUESTIONABLE,NBA Official Report,Injury/Illness - Back; Contusion
7e17dfaa4418e311:pra:20.5:over,7e17dfaa4418e311,Saddiq Bey,pra,over,20.5,20.5,0.5,-0.0327,0.2,PASS,-114,,,
7e17dfaa4418e311:pra:20.5:under,7e17dfaa4418e311,Saddiq Bey,pra,under,20.5,20.5,0.5,-0.0327,0.2,PASS,-114,,,
be195dd4a64cb831:rebounds:6.5:over,be195dd4a64cb831,Zion Williamson,rebounds,over,6.5,6.5,0.5,0.0495,0.2,PASS,122,,,
be195dd4a64cb831:rebounds:6.5:under,be195dd4a64cb831,Zion Williamson,rebounds,under,6.5,6.5,0.5,-0.1139,0.2,PASS,-159,,,
f7e5f5c37ffec5f7:rebounds:6.5:over,f7e5f5c37ffec5f7,Trey Murphy III,rebounds,over,6.5,6.5,0.5,0.0146,0.2,PASS,106,,,
f7e5f5c37ffec5f7:rebounds:6.5:under,f7e5f5c37ffec5f7,Trey Murphy III,rebounds,under,6.5,6.5,0.5,-0.0816,0.2,PASS,-139,,,
ed12b766ab682805:rebounds:2.5:over,ed12b766ab682805,Jordan Poole,rebounds,over,2.5,2.5,0.5,0.0,0.2,PASS,100,,,
ed12b766ab682805:rebounds:2.5:under,ed12b766ab682805,Jordan Poole,rebounds,under,2.5,2.5,0.5,-0.069,0.2,PASS,-132,,,
d1991c3f6dd1389a:rebounds:12.5:over,d1991c3f6dd1389a,Anthony Davis,rebounds,over,12.5,11.54,0.3699,-0.1086,0.2602,PASS,109,,,
d1991c3f6dd1389a:rebounds:12.5:under,d1991c3f6dd1389a,Anthony Davis,rebounds,under,12.5,11.54,0.6301,0.0451,0.2602,PASS,-141,,,
08937c7231a9a619:rebounds:6.5:over,08937c7231a9a619,Cooper Flagg,rebounds,over,6.5,6.26,0.4398,-0.0106,0.1,PASS,122,QUESTIONABLE,NBA Official Report,Injury/Illness - Back; Contusion
08937c7231a9a619:rebounds:6.5:under,08937c7231a9a619,Cooper Flagg,rebounds,under,6.5,6.26,0.5602,-0.0537,0.1,PASS,-159,QUESTIONABLE,NBA Official Report,Injury/Illness - Back; Contusion
75bb0beb4aef286b:threes:0.5:over,75bb0beb4aef286b,Naji Marshall,threes,over,0.5,0.5,0.5,-0.1855,0.2,PASS,-218,,,
75bb0beb4aef286b:threes:0.5:under,75bb0beb4aef286b,Naji Marshall,threes,under,0.5,0.5,0.5,0.1198,0.2,PASS,163,,,
d1991c3f6dd1389a:threes:0.5:over,d1991c3f6dd1389a,Anthony Davis,threes,over,0.5,0.37,0.4468,-0.1451,0.2,PASS,-145,,,
d1991c3f6dd1389a:threes:0.5:under,d1991c3f6dd1389a,Anthony Davis,threes,under,0.5,0.37,0.5532,0.0793,0.2,PASS,111,,,
08937c7231a9a619:threes:0.5:over,08937c7231a9a619,Cooper Flagg,threes,over,0.5,0.55,0.5216,-0.1394,0.1,PASS,-195,QUESTIONABLE,NBA Official Report,Injury/Illness - Back; Contusion
08937c7231a9a619:threes:0.5:under,08937c7231a9a619,Cooper Flagg,threes,under,0.5,0.55,0.4784,0.0735,0.1,PASS,147,QUESTIONABLE,NBA Official Report,Injury/Illness - Back; Contusion
56921d9666b86a8e:threes:0.5:over,56921d9666b86a8e,Jeremiah Fears,threes,over,0.5,0.5,0.5,-0.1575,0.2,PASS,-192,,,
56921d9666b86a8e:threes:0.5:under,56921d9666b86a8e,Jeremiah Fears,threes,under,0.5,0.5,0.5,0.0935,0.2,PASS,146,,,
7c0a71dba5efab2c:assists:1.5:over,7c0a71dba5efab2c,P.J. Washington,assists,over,1.5,1.5,0.5,-0.1667,0.2,PASS,-200,,,
7c0a71dba5efab2c:assists:1.5:under,7c0a71dba5efab2c,P.J. Washington,assists,under,1.5,1.5,0.5,0.0951,0.2,PASS,147,,,
ed12b766ab682805:threes:1.5:over,ed12b766ab682805,Jordan Poole,threes,over,1.5,1.5,0.5,-0.1552,0.2,PASS,-190,,,
ed12b766ab682805:threes:1.5:under,ed12b766ab682805,Jordan Poole,threes,under,1.5,1.5,0.5,0.0652,0.2,PASS,130,,,
7e17dfaa4418e311:assists:1.5:over,7e17dfaa4418e311,Saddiq Bey,assists,over,1.5,1.5,0.5,-0.0798,0.2,PASS,-138,,,
7e17dfaa4418e311:assists:1.5:under,7e17dfaa4418e311,Saddiq Bey,assists,under,1.5,1.5,0.5,0.0122,0.2,PASS,105,,,
231fe865ee873acd:points:8.5:over,231fe865ee873acd,Herb Jones,points,over,8.5,2.0,0.0,-0.5327,0.95,PASS,-114,,,
231fe865ee873acd:points:8.5:under,231fe865ee873acd,Herb Jones,points,under,8.5,2.0,1.0,0.4717,0.95,UNDER,-112,,,
d1991c3f6dd1389a:pra:39.5:over,d1991c3f6dd1389a,Anthony Davis,pra,over,39.5,33.79,0.2496,-0.2809,0.5009,PASS,-113,,,
d1991c3f6dd1389a:pra:39.5:under,d1991c3f6dd1389a,Anthony Davis,pra,under,39.5,33.79,0.7504,0.2113,0.5009,UNDER,-117,,,
f7e5f5c37ffec5f7:pra:27.5:over,f7e5f5c37ffec5f7,Trey Murphy III,pra,over,27.5,27.5,0.5,-0.0455,0.2,PASS,-120,,,
f7e5f5c37ffec5f7:pra:27.5:under,f7e5f5c37ffec5f7,Trey Murphy III,pra,under,27.5,27.5,0.5,-0.0238,0.2,PASS,-110,,,
7c0a71dba5efab2c:pra:25.5:over,7c0a71dba5efab2c,P.J. Washington,pra,over,25.5,25.5,0.5,-0.0536,0.2,PASS,-124,,,
7c0a71dba5efab2c:pra:25.5:under,7c0a71dba5efab2c,P.J. Washington,pra,under,25.5,25.5,0.5,-0.0146,0.2,PASS,-106,,,
75bb0beb4aef286b:pra:20.5:over,75bb0beb4aef286b,Naji Marshall,pra,over,20.5,20.5,0.5,-0.0434,0.2,PASS,-119,,,
75bb0beb4aef286b:pra:20.5:under,75bb0beb4aef286b,Naji Marshall,pra,under,20.5,20.5,0.5,-0.0261,0.2,PASS,-111,,,
7e17dfaa4418e311:pra:19.5:over,7e17dfaa4418e311,Saddiq Bey,pra,over,19.5,19.5,0.5,-0.0575,0.2,PASS,-126,,,
7e17dfaa4418e311:pra:19.5:under,7e17dfaa4418e311,Saddiq Bey,pra,under,19.5,19.5,0.5,-0.0098,0.2,PASS,-104,,,
b0cd7d8d9d34eeb6:assists:3.5:over,b0cd7d8d9d34eeb6,Jusuf Nurkic,assists,over,3.5,3.5,0.5,-0.0261,0.2,PASS,-111,,,
b0cd7d8d9d34eeb6:assists:3.5:under,b0cd7d8d9d34eeb6,Jusuf Nurkic,assists,under,3.5,3.5,0.5,-0.037,0.2,PASS,-116,,,
230a681311fee4a4:assists:6.5:over,230a681311fee4a4,Isaiah Collier,assists,over,6.5,7.1,0.6325,0.0912,0.2651,PASS,-118,,,
230a681311fee4a4:assists:6.5:under,230a681311fee4a4,Isaiah Collier,assists,under,6.5,7.1,0.3675,-0.1563,0.2651,PASS,-110,,,
6a94a28b80e340be:assists:10.5:over,6a94a28b80e340be,Nikola Jokic,assists,over,10.5,10.5,0.5,-0.0261,0.2,PASS,-111,,,
6a94a28b80e340be:assists:10.5:under,6a94a28b80e340be,Nikola Jokic,assists,under,10.5,10.5,0.5,-0.037,0.2,PASS,-116,,,
eebbd3f8dcedbe8e:assists:6.5:over,eebbd3f8dcedbe8e,Keyonte George,assists,over,6.5,6.5,0.5,-0.0495,0.2,PASS,-122,,,
eebbd3f8dcedbe8e:assists:6.5:under,eebbd3f8dcedbe8e,Keyonte George,assists,under,6.5,6.5,0.5,-0.0146,0.2,PASS,-106,,,
bfaa0573315cc3e9:assists:6.5:over,bfaa0573315cc3e9,Jamal Murray,assists,over,6.5,6.5,0.5,-0.0652,0.2,PASS,-130,,,
bfaa0573315cc3e9:assists:6.5:under,bfaa0573315cc3e9,Jamal Murray,assists,under,6.5,6.5,0.5,0.0,0.2,PASS,100,,,
1245618580f0afa4:points:10.5:over,1245618580f0afa4,Kyle Filipowski,points,over,10.5,10.5,0.5,-0.0238,0.2,PASS,-110,,,
1245618580f0afa4:points:10.5:under,1245618580f0afa4,Kyle Filipowski,points,under,10.5,10.5,0.5,-0.0413,0.2,PASS,-118,,,
eebbd3f8dcedbe8e:points:25.5:over,eebbd3f8dcedbe8e,Keyonte George,points,over,25.5,25.5,0.5,-0.037,0.2,PASS,-116,,,
eebbd3f8dcedbe8e:points:25.5:under,eebbd3f8dcedbe8e,Keyonte George,points,under,25.5,25.5,0.5,-0.0261,0.2,PASS,-111,,,
bfaa0573315cc3e9:points:25.5:over,bfaa0573315cc3e9,Jamal Murray,points,over,25.5,25.5,0.5,-0.0146,0.2,PASS,-106,,,
bfaa0573315cc3e9:points:25.5:under,bfaa0573315cc3e9,Jamal Murray,points,under,25.5,25.5,0.5,-0.0495,0.2,PASS,-122,,,
83eecd7c0f1f6407:points:12.5:over,83eecd7c0f1f6407,Tim Hardaway Jr,points,over,12.5,12.5,0.5,-0.0238,0.2,PASS,-110,,,
83eecd7c0f1f6407:points:12.5:under,83eecd7c0f1f6407,Tim Hardaway Jr,points,under,12.5,12.5,0.5,-0.0455,0.2,PASS,-120,,,
75f316b5b6d83f3f:points:9.5:over,75f316b5b6d83f3f,Bruce Brown,points,over,9.5,6.73,0.0499,-0.485,0.9002,PASS,-115,,,
75f316b5b6d83f3f:points:9.5:under,75f316b5b6d83f3f,Bruce Brown,points,under,9.5,6.73,0.9501,0.4218,0.9002,UNDER,-112,,,
179b8654e93bf924:points:15.5:over,179b8654e93bf924,Cameron Johnson,points,over,15.5,12.04,0.1252,-0.3798,0.7497,PASS,-102,,,
179b8654e93bf924:points:15.5:under,179b8654e93bf924,Cameron Johnson,points,under,15.5,12.04,0.8748,0.3154,0.7497,UNDER,-127,,,
fcc0ec5b74fbc46f:points:11.5:over,fcc0ec5b74fbc46f,Peyton Watson,points,over,11.5,11.5,0.5,-0.0146,0.1,PASS,-106,QUESTIONABLE,NBA Official Report,Injury/Illness - Right Trunk; Contusion
fcc0ec5b74fbc46f:points:11.5:under,fcc0ec5b74fbc46f,Peyton Watson,points,under,11.5,11.5,0.5,-0.0495,0.1,PASS,-122,QUESTIONABLE,NBA Official Report,Injury/Illness - Right Trunk; Contusion
6a94a28b80e340be:points:30.5:over,6a94a28b80e340be,Nikola Jokic,points,over,30.5,30.5,0.5,-0.0283,0.2,PASS,-112,,,
6a94a28b80e340be:points:30.5:under,6a94a28b80e340be,Nikola Jokic,points,under,30.5,30.5,0.5,-0.0349,0.2,PASS,-115,,,
b0cd7d8d9d34eeb6:points:9.5:over,b0cd7d8d9d34eeb6,Jusuf Nurkic,points,over,9.5,9.5,0.5,-0.1094,0.2,PASS,-156,,,
b0cd7d8d9d34eeb6:points:9.5:under,b0cd7d8d9d34eeb6,Jusuf Nurkic,points,under,9.5,9.5,0.5,0.0455,0.2,PASS,120,,,
920b4c0f03d8363f:points:7.5:over,920b4c0f03d8363f,Svi Mykhailiuk,points,over,7.5,7.5,0.5,-0.0261,0.2,PASS,-111,,,
920b4c0f03d8363f:points:7.5:under,920b4c0f03d8363f,Svi Mykhailiuk,points,under,7.5,7.5,0.5,-0.037,0.2,PASS,-116,,,
6528127ba219e939:points:25.5:over,6528127ba219e939,Lauri Markkanen,points,over,25.5,25.5,0.5,-0.0327,0.1,PASS,-114,QUESTIONABLE,NBA Official Report,Injury/Illness - Right Groin; Injury Management
6528127ba219e939:points:25.5:under,6528127ba219e939,Lauri Markkanen,points,under,25.5,25.5,0.5,-0.0327,0.1,PASS,-114,QUESTIONABLE,NBA Official Report,Injury/Illness - Right Groin; Injury Management
b1bff13b9c210da8:points:13.5:over,b1bff13b9c210da8,Ace Bailey,points,over,13.5,11.53,0.2468,-0.3007,0.5063,PASS,-121,,,
b1bff13b9c210da8:points:13.5:under,b1bff13b9c210da8,Ace Bailey,points,under,13.5,11.53,0.7532,0.2294,0.5063,UNDER,-110,,,
230a681311fee4a4:points:9.5:over,230a681311fee4a4,Isaiah Collier,points,over,9.5,9.53,0.5051,-0.0232,0.2,PASS,-112,,,
230a681311fee4a4:points:9.5:under,230a681311fee4a4,Isaiah Collier,points,under,9.5,9.53,0.4949,-0.04,0.2,PASS,-115,,,
83eecd7c0f1f6407:pra:16.5:over,83eecd7c0f1f6407,Tim Hardaway Jr,pra,over,16.5,16.5,0.5,-0.0215,0.2,PASS,-109,,,
83eecd7c0f1f6407:pra:16.5:under,83eecd7c0f1f6407,Tim Hardaway Jr,pra,under,16.5,16.5,0.5,-0.0434,0.2,PASS,-119,,,
b1bff13b9c210da8:pra:19.5:over,b1bff13b9c210da8,Ace Bailey,pra,over,19.5,16.53,0.2359,-0.2901,0.5281,PASS,-111,,,
b1bff13b9c210da8:pra:19.5:under,b1bff13b9c210da8,Ace Bailey,pra,under,19.5,16.53,0.7641,0.227,0.5281,UNDER,-116,,,
6a94a28b80e340be:pra:52.5:over,6a94a28b80e340be,Nikola Jokic,pra,over,52.5,52.5,0.5,-0.0413,0.2,PASS,-118,,,
6a94a28b80e340be:pra:52.5:under,6a94a28b80e340be,Nikola Jokic,pra,under,52.5,52.5,0.5,-0.0283,0.2,PASS,-112,,,
6528127ba219e939:pra:35.5:over,6528127ba219e939,Lauri Markkanen,pra,over,35.5,35.5,0.5,-0.037,0.1,PASS,-116,QUESTIONABLE,NBA Official Report,Injury/Illness - Right Groin; Injury Management
6528127ba219e939:pra:35.5:under,6528127ba219e939,Lauri Markkanen,pra,under,35.5,35.5,0.5,-0.0261,0.1,PASS,-111,QUESTIONABLE,NBA Official Report,Injury/Illness - Right Groin; Injury Management
b0cd7d8d9d34eeb6:pra:21.5:over,b0cd7d8d9d34eeb6,Jusuf Nurkic,pra,over,21.5,21.5,0.5,-0.0556,0.2,PASS,-125,,,
b0cd7d8d9d34eeb6:pra:21.5:under,b0cd7d8d9d34eeb6,Jusuf Nurkic,pra,under,21.5,21.5,0.5,-0.0146,0.2,PASS,-106,,,
75f316b5b6d83f3f:pra:16.5:over,75f316b5b6d83f3f,Bruce Brown,pra,over,16.5,14.23,0.2617,-0.2666,0.4767,PASS,-112,,,
75f316b5b6d83f3f:pra:16.5:under,75f316b5b6d83f3f,Bruce Brown,pra,under,16.5,14.23,0.7383,0.2034,0.4767,UNDER,-115,,,
eebbd3f8dcedbe8e:pra:36.5:over,eebbd3f8dcedbe8e,Keyonte George,pra,over,36.5,36.5,0.5,-0.0261,0.2,PASS,-111,,,
eebbd3f8dcedbe8e:pra:36.5:under,eebbd3f8dcedbe8e,Keyonte George,pra,under,36.5,36.5,0.5,-0.037,0.2,PASS,-116,,,
bfaa0573315cc3e9:pra:35.5:over,bfaa0573315cc3e9,Jamal Murray,pra,over,35.5,35.5,0.5,-0.0192,0.2,PASS,-108,,,
bfaa0573315cc3e9:pra:35.5:under,bfaa0573315cc3e9,Jamal Murray,pra,under,35.5,35.5,0.5,-0.0495,0.2,PASS,-122,,,
920b4c0f03d8363f:pra:11.5:over,920b4c0f03d8363f,Svi Mykhailiuk,pra,over,11.5,11.5,0.5,-0.0413,0.2,PASS,-118,,,
920b4c0f03d8363f:pra:11.5:under,920b4c0f03d8363f,Svi Mykhailiuk,pra,under,11.5,11.5,0.5,-0.0238,0.2,PASS,-110,,,
1245618580f0afa4:pra:20.5:over,1245618580f0afa4,Kyle Filipowski,pra,over,20.5,20.5,0.5,-0.0238,0.2,PASS,-110,,,
1245618580f0afa4:pra:20.5:under,1245618580f0afa4,Kyle Filipowski,pra,under,20.5,20.5,0.5,-0.0413,0.2,PASS,-118,,,
179b8654e93bf924:pra:21.5:over,179b8654e93bf924,Cameron Johnson,pra,over,21.5,18.86,0.2881,-0.2573,0.4237,PASS,-120,,,
179b8654e93bf924:pra:21.5:under,179b8654e93bf924,Cameron Johnson,pra,under,21.5,18.86,0.7119,0.1926,0.4237,UNDER,-108,,,
6528127ba219e939:rebounds:7.5:over,6528127ba219e939,Lauri Markkanen,rebounds,over,7.5,7.5,0.5,-0.0122,0.1,PASS,-105,QUESTIONABLE,NBA Official Report,Injury/Illness - Right Groin; Injury Management
6528127ba219e939:rebounds:7.5:under,6528127ba219e939,Lauri Markkanen,rebounds,under,7.5,7.5,0.5,-0.0516,0.1,PASS,-123,QUESTIONABLE,NBA Official Report,Injury/Illness - Right Groin; Injury Management
b1bff13b9c210da8:rebounds:3.5:over,b1bff13b9c210da8,Ace Bailey,rebounds,over,3.5,3.12,0.3514,-0.1724,0.2972,PASS,-110,,,
b1bff13b9c210da8:rebounds:3.5:under,b1bff13b9c210da8,Ace Bailey,rebounds,under,3.5,3.12,0.6486,0.1073,0.2972,PASS,-118,,,
fcc0ec5b74fbc46f:rebounds:4.5:over,fcc0ec5b74fbc46f,Peyton Watson,rebounds,over,4.5,4.5,0.5,-0.0516,0.1,PASS,-123,QUESTIONABLE,NBA Official Report,Injury/Illness - Right Trunk; Contusion
fcc0ec5b74fbc46f:rebounds:4.5:under,fcc0ec5b74fbc46f,Peyton Watson,rebounds,under,4.5,4.5,0.5,-0.0098,0.1,PASS,-104,QUESTIONABLE,NBA Official Report,Injury/Illness - Right Trunk; Contusion
eebbd3f8dcedbe8e:rebounds:3.5:over,eebbd3f8dcedbe8e,Keyonte George,rebounds,over,3.5,3.5,0.5,-0.0708,0.2,PASS,-133,,,
eebbd3f8dcedbe8e:rebounds:3.5:under,eebbd3f8dcedbe8e,Keyonte George,rebounds,under,3.5,3.5,0.5,0.0074,0.2,PASS,103,,,
bfaa0573315cc3e9:rebounds:3.5:over,bfaa0573315cc3e9,Jamal Murray,rebounds,over,3.5,3.5,0.5,0.0098,0.2,PASS,104,,,
bfaa0573315cc3e9:rebounds:3.5:under,bfaa0573315cc3e9,Jamal Murray,rebounds,under,3.5,3.5,0.5,-0.0745,0.2,PASS,-135,,,
6a94a28b80e340be:rebounds:12.5:over,6a94a28b80e340be,Nikola Jokic,rebounds,over,12.5,12.5,0.5,0.0215,0.2,PASS,109,,,
6a94a28b80e340be:rebounds:12.5:under,6a94a28b80e340be,Nikola Jokic,rebounds,under,12.5,12.5,0.5,-0.0851,0.2,PASS,-141,,,
75f316b5b6d83f3f:rebounds:4.5:over,75f316b5b6d83f3f,Bruce Brown,rebounds,over,4.5,5.0,0.6566,0.1541,0.3132,PASS,-101,,,
75f316b5b6d83f3f:rebounds:4.5:under,75f316b5b6d83f3f,Bruce Brown,rebounds,under,4.5,5.0,0.3434,-0.218,0.3132,PASS,-128,,,
179b8654e93bf924:rebounds:4.5:over,179b8654e93bf924,Cameron Johnson,rebounds,over,4.5,4.48,0.4918,0.0493,0.2,PASS,126,,,
179b8654e93bf924:rebounds:4.5:under,179b8654e93bf924,Cameron Johnson,rebounds,under,4.5,4.48,0.5082,-0.113,0.2,PASS,-164,,,
b0cd7d8d9d34eeb6:rebounds:7.5:over,b0cd7d8d9d34eeb6,Jusuf Nurkic,rebounds,over,7.5,7.5,0.5,-0.1063,0.2,PASS,-154,,,
b0cd7d8d9d34eeb6:rebounds:7.5:under,b0cd7d8d9d34eeb6,Jusuf Nurkic,rebounds,under,7.5,7.5,0.5,0.037,0.2,PASS,116,,,
1245618580f0afa4:rebounds:7.5:over,1245618580f0afa4,Kyle Filipowski,rebounds,over,7.5,7.5,0.5,0.005,0.2,PASS,102,,,
1245618580f0afa4:rebounds:7.5:under,1245618580f0afa4,Kyle Filipowski,rebounds,under,7.5,7.5,0.5,-0.069,0.2,PASS,-132,,,
920b4c0f03d8363f:threes:1.5:over,920b4c0f03d8363f,Svi Mykhailiuk,threes,over,1.5,1.5,0.5,0.0413,0.2,PASS,118,,,
920b4c0f03d8363f:threes:1.5:under,920b4c0f03d8363f,Svi Mykhailiuk,threes,under,1.5,1.5,0.5,-0.1063,0.2,PASS,-154,,,
fcc0ec5b74fbc46f:threes:1.5:over,fcc0ec5b74fbc46f,Peyton Watson,threes,over,1.5,1.5,0.5,0.0763,0.1,PASS,136,QUESTIONABLE,NBA Official Report,Injury/Illness - Right Trunk; Contusion
fcc0ec5b74fbc46f:threes:1.5:under,fcc0ec5b74fbc46f,Peyton Watson,threes,under,1.5,1.5,0.5,-0.1416,0.1,PASS,-179,QUESTIONABLE,NBA Official Report,Injury/Illness - Right Trunk; Contusion
6528127ba219e939:threes:2.5:over,6528127ba219e939,Lauri Markkanen,threes,over,2.5,2.5,0.5,-0.0516,0.1,PASS,-123,QUESTIONABLE,NBA Official Report,Injury/Illness - Right Groin; Injury Management
6528127ba219e939:threes:2.5:under,6528127ba219e939,Lauri Markkanen,threes,under,2.5,2.5,0.5,-0.0122,0.1,PASS,-105,QUESTIONABLE,NBA Official Report,Injury/Illness - Right Groin; Injury Management
83eecd7c0f1f6407:threes:2.5:over,83eecd7c0f1f6407,Tim Hardaway Jr,threes,over,2.5,2.5,0.5,0.0556,0.2,PASS,125,,,
83eecd7c0f1f6407:threes:2.5:under,83eecd7c0f1f6407,Tim Hardaway Jr,threes,under,2.5,2.5,0.5,-0.1364,0.2,PASS,-175,,,
6a94a28b80e340be:threes:1.5:over,6a94a28b80e340be,Nikola Jokic,threes,over,1.5,1.5,0.5,-0.1416,0.2,PASS,-179,,,
6a94a28b80e340be:threes:1.5:under,6a94a28b80e340be,Nikola Jokic,threes,under,1.5,1.5,0.5,0.0708,0.2,PASS,133,,,
eebbd3f8dcedbe8e:threes:2.5:over,eebbd3f8dcedbe8e,Keyonte George,threes,over,2.5,2.5,0.5,-0.1296,0.2,PASS,-170,,,
eebbd3f8dcedbe8e:threes:2.5:under,eebbd3f8dcedbe8e,Keyonte George,threes,under,2.5,2.5,0.5,0.0575,0.2,PASS,126,,,
bfaa0573315cc3e9:threes:3.5:over,bfaa0573315cc3e9,Jamal Murray,threes,over,3.5,3.5,0.5,0.0575,0.2,PASS,126,,,
bfaa0573315cc3e9:threes:3.5:under,bfaa0573315cc3e9,Jamal Murray,threes,under,3.5,3.5,0.5,-0.1212,0.2,PASS,-164,,,
179b8654e93bf924:threes:2.5:over,179b8654e93bf924,Cameron Johnson,threes,over,2.5,1.67,0.2026,-0.2625,0.5948,PASS,115,,,
179b8654e93bf924:threes:2.5:under,179b8654e93bf924,Cameron Johnson,threes,under,2.5,1.67,0.7974,0.199,0.5948,UNDER,-149,,,
b1bff13b9c210da8:threes:1.5:over,b1bff13b9c210da8,Ace Bailey,threes,over,1.5,1.69,0.5743,-0.0469,0.2,PASS,-164,,,
b1bff13b9c210da8:threes:1.5:under,b1bff13b9c210da8,Ace Bailey,threes,under,1.5,1.69,0.4257,-0.0168,0.2,PASS,126,,,
b0cd7d8d9d34eeb6:points:10.5:over,b0cd7d8d9d34eeb6,Jusuf Nurkic,points,over,10.5,10.5,0.5,-0.0595,0.2,PASS,-127,,,
b0cd7d8d9d34eeb6:points:10.5:under,b0cd7d8d9d34eeb6,Jusuf Nurkic,points,under,10.5,10.5,0.5,-0.0025,0.2,PASS,-101,,,
6a94a28b80e340be:pra:54.5:over,6a94a28b80e340be,Nikola Jokic,pra,over,54.5,54.5,0.5,-0.0025,0.2,PASS,-101,,,
6a94a28b80e340be:pra:54.5:under,6a94a28b80e340be,Nikola Jokic,pra,under,54.5,54.5,0.5,-0.0614,0.2,PASS,-128,,,
bfaa0573315cc3e9:pra:36.5:over,bfaa0573315cc3e9,Jamal Murray,pra,over,36.5,36.5,0.5,-0.005,0.2,PASS,-102,,,
bfaa0573315cc3e9:pra:36.5:under,bfaa0573315cc3e9,Jamal Murray,pra,under,36.5,36.5,0.5,-0.0595,0.2,PASS,-127,,,
b0cd7d8d9d34eeb6:pra:23.5:over,b0cd7d8d9d34eeb6,Jusuf Nurkic,pra,over,23.5,23.5,0.5,0.0215,0.2,PASS,109,,,
b0cd7d8d9d34eeb6:pra:23.5:under,b0cd7d8d9d34eeb6,Jusuf Nurkic,pra,under,23.5,23.5,0.5,-0.0851,0.2,PASS,-141,,,
b0cd7d8d9d34eeb6:rebounds:8.5:over,b0cd7d8d9d34eeb6,Jusuf Nurkic,rebounds,over,8.5,8.5,0.5,0.0146,0.2,PASS,106,,,
b0cd7d8d9d34eeb6:rebounds:8.5:under,b0cd7d8d9d34eeb6,Jusuf Nurkic,rebounds,under,8.5,8.5,0.5,-0.0781,0.2,PASS,-137,,,
179b8654e93bf924:rebounds:3.5:over,179b8654e93bf924,Cameron Johnson,rebounds,over,3.5,4.48,0.8086,0.186,0.6173,OVER,-165,,,
179b8654e93bf924:rebounds:3.5:under,179b8654e93bf924,Cameron Johnson,rebounds,under,3.5,4.48,0.1914,-0.2632,0.6173,PASS,120,,,
eebbd3f8dcedbe8e:threes:3.5:over,eebbd3f8dcedbe8e,Keyonte George,threes,over,3.5,3.5,0.5,0.0652,0.2,PASS,130,,,
eebbd3f8dcedbe8e:threes:3.5:under,eebbd3f8dcedbe8e,Keyonte George,threes,under,3.5,3.5,0.5,-0.1283,0.2,PASS,-169,,,
83eecd7c0f1f6407:assists:1.5:over,83eecd7c0f1f6407,Tim Hardaway Jr,assists,over,1.5,1.5,0.5,-0.0327,0.2,PASS,-114,,,
83eecd7c0f1f6407:assists:1.5:under,83eecd7c0f1f6407,Tim Hardaway Jr,assists,under,1.5,1.5,0.5,-0.0392,0.2,PASS,-117,,,
179b8654e93bf924:assists:1.5:over,179b8654e93bf924,Cameron Johnson,assists,over,1.5,2.35,0.8017,0.0684,0.6034,OVER,-275,,,
179b8654e93bf924:assists:1.5:under,179b8654e93bf924,Cameron Johnson,assists,under,1.5,2.35,0.1983,-0.1442,0.6034,PASS,192,,,
b1bff13b9c210da8:assists:1.5:over,b1bff13b9c210da8,Ace Bailey,assists,over,1.5,1.88,0.6486,0.0149,0.2972,PASS,-173,,,
b1bff13b9c210da8:assists:1.5:under,b1bff13b9c210da8,Ace Bailey,assists,under,1.5,1.88,0.3514,-0.0853,0.2972,PASS,129,,,
75f316b5b6d83f3f:assists:1.5:over,75f316b5b6d83f3f,Bruce Brown,assists,over,1.5,2.49,0.8401,0.1546,0.6802,OVER,-218,,,
75f316b5b6d83f3f:assists:1.5:under,75f316b5b6d83f3f,Bruce Brown,assists,under,1.5,2.49,0.1599,-0.2232,0.6802,PASS,161,,,
920b4c0f03d8363f:assists:1.5:over,920b4c0f03d8363f,Svi Mykhailiuk,assists,over,1.5,1.5,0.5,-0.0726,0.2,PASS,-134,,,
920b4c0f03d8363f:assists:1.5:under,920b4c0f03d8363f,Svi Mykhailiuk,assists,under,1.5,1.5,0.5,0.0,0.2,PASS,100,,,
1245618580f0afa4:assists:1.5:over,1245618580f0afa4,Kyle Filipowski,assists,over,1.5,1.5,0.5,-0.1454,0.2,PASS,-182,,,
1245618580f0afa4:assists:1.5:under,1245618580f0afa4,Kyle Filipowski,assists,under,1.5,1.5,0.5,0.0763,0.2,PASS,136,,,
920b4c0f03d8363f:rebounds:2.5:over,920b4c0f03d8363f,Svi Mykhailiuk,rebounds,over,2.5,2.5,0.5,0.0495,0.2,PASS,122,,,
920b4c0f03d8363f:rebounds:2.5:under,920b4c0f03d8363f,Svi Mykhailiuk,rebounds,under,2.5,2.5,0.5,-0.1139,0.2,PASS,-159,,,
83eecd7c0f1f6407:rebounds:3.5:over,83eecd7c0f1f6407,Tim Hardaway Jr,rebounds,over,3.5,3.5,0.5,0.2297,0.2,PASS,270,,,
83eecd7c0f1f6407:rebounds:3.5:under,83eecd7c0f1f6407,Tim Hardaway Jr,rebounds,under,3.5,3.5,0.5,-0.3,0.2,PASS,-400,,,
1245618580f0afa4:assists:2.5:over,1245618580f0afa4,Kyle Filipowski,assists,over,2.5,2.5,0.5,0.0763,0.2,PASS,136,,,
1245618580f0afa4:assists:2.5:under,1245618580f0afa4,Kyle Filipowski,assists,under,2.5,2.5,0.5,-0.1416,0.2,PASS,-179,,,
b1bff13b9c210da8:assists:2.5:over,b1bff13b9c210da8,Ace Bailey,assists,over,2.5,1.88,0.2681,-0.1384,0.4638,PASS,146,,,
b1bff13b9c210da8:assists:2.5:under,b1bff13b9c210da8,Ace Bailey,assists,under,2.5,1.88,0.7319,0.0743,0.4638,UNDER,-192,,,
179b8654e93bf924:assists:2.5:over,179b8654e93bf924,Cameron Johnson,assists,over,2.5,2.35,0.4395,-0.0556,0.2,PASS,102,,,
179b8654e93bf924:assists:2.5:under,179b8654e93bf924,Cameron Johnson,assists,under,2.5,2.35,0.5605,-0.0084,0.2,PASS,-132,,,
75f316b5b6d83f3f:assists:2.5:over,75f316b5b6d83f3f,Bruce Brown,assists,over,2.5,2.49,0.4979,0.0053,0.2,PASS,103,,,
75f316b5b6d83f3f:assists:2.5:under,75f316b5b6d83f3f,Bruce Brown,assists,under,2.5,2.49,0.5021,-0.0687,0.2,PASS,-133,,,
b1bff13b9c210da8:points:14.5:over,b1bff13b9c210da8,Ace Bailey,points,over,14.5,11.53,0.1512,-0.3343,0.6977,PASS,106,,,
b1bff13b9c210da8:points:14.5:under,b1bff13b9c210da8,Ace Bailey,points,under,14.5,11.53,0.8488,0.2708,0.6977,UNDER,-137,,,
230a681311fee4a4:pra:19.5:over,230a681311fee4a4,Isaiah Collier,pra,over,19.5,18.65,0.4279,-0.0575,0.2,PASS,106,,,
230a681311fee4a4:pra:19.5:under,230a681311fee4a4,Isaiah Collier,pra,under,19.5,18.65,0.5721,-0.006,0.2,PASS,-137,,,
230a681311fee4a4:rebounds:2.5:over,230a681311fee4a4,Isaiah Collier,rebounds,over,2.5,2.02,0.316,-0.184,0.368,PASS,100,,,
230a681311fee4a4:rebounds:2.5:under,230a681311fee4a4,Isaiah Collier,rebounds,under,2.5,2.02,0.684,0.1188,0.368,PASS,-130,,,
83eecd7c0f1f6407:rebounds:2.5:over,83eecd7c0f1f6407,Tim Hardaway Jr,rebounds,over,2.5,2.5,0.5,0.0349,0.2,PASS,115,,,
83eecd7c0f1f6407:rebounds:2.5:under,83eecd7c0f1f6407,Tim Hardaway Jr,rebounds,under,2.5,2.5,0.5,-0.0984,0.2,PASS,-149,,,
75f316b5b6d83f3f:threes:0.5:over,75f316b5b6d83f3f,Bruce Brown,threes,over,0.5,0.33,0.4315,-0.143,0.2,PASS,-135,,,
75f316b5b6d83f3f:threes:0.5:under,75f316b5b6d83f3f,Bruce Brown,threes,under,0.5,0.33,0.5685,0.0783,0.2,PASS,104,,,
1245618580f0afa4:threes:1.5:over,1245618580f0afa4,Kyle Filipowski,threes,over,1.5,1.5,0.5,0.1169,0.2,PASS,161,,,
1245618580f0afa4:threes:1.5:under,1245618580f0afa4,Kyle Filipowski,threes,under,1.5,1.5,0.5,-0.1805,0.2,PASS,-213,,,
230a681311fee4a4:threes:0.5:over,230a681311fee4a4,Isaiah Collier,threes,over,0.5,0.39,0.4552,-0.0165,0.2,PASS,112,,,
230a681311fee4a4:threes:0.5:under,230a681311fee4a4,Isaiah Collier,threes,under,0.5,0.39,0.5448,-0.047,0.2,PASS,-145,,,
b0cd7d8d9d34eeb6:threes:0.5:over,b0cd7d8d9d34eeb6,Jusuf Nurkic,threes,over,0.5,0.5,0.5,0.1078,0.2,PASS,155,,,
b0cd7d8d9d34eeb6:threes:0.5:under,b0cd7d8d9d34eeb6,Jusuf Nurkic,threes,under,0.5,0.5,0.5,-0.1711,0.2,PASS,-204,,,
6a94a28b80e340be:threes:2.5:over,6a94a28b80e340be,Nikola Jokic,threes,over,2.5,2.5,0.5,0.1124,0.2,PASS,158,,,
6a94a28b80e340be:threes:2.5:under,6a94a28b80e340be,Nikola Jokic,threes,under,2.5,2.5,0.5,-0.1753,0.2,PASS,-208,,,
d63216a88b094398:assists:2.5:over,d63216a88b094398,Cedric Coward,assists,over,2.5,3.17,0.7481,0.1104,0.4962,OVER,-176,,,
d63216a88b094398:assists:2.5:under,d63216a88b094398,Cedric Coward,assists,under,2.5,3.17,0.2519,-0.181,0.4962,PASS,131,,,
72618e8212979bf6:assists:2.5:over,72618e8212979bf6,Ajay Mitchell,assists,over,2.5,3.74,0.892,0.2637,0.784,OVER,-169,,,
72618e8212979bf6:assists:2.5:under,72618e8212979bf6,Ajay Mitchell,assists,under,2.5,3.74,0.108,-0.3268,0.784,PASS,130,,,
b8557de9d9477231:assists:5.5:over,b8557de9d9477231,Jalen Williams,assists,over,5.5,5.01,0.3489,-0.1986,0.3022,PASS,-121,,,
b8557de9d9477231:assists:5.5:under,b8557de9d9477231,Jalen Williams,assists,under,5.5,5.01,0.6511,0.1273,0.3022,PASS,-110,,,
f0f6cdc30bf237c9:assists:3.5:over,f0f6cdc30bf237c9,Santi Aldama,assists,over,3.5,3.5,0.5,0.0516,0.2,PASS,123,,,
f0f6cdc30bf237c9:assists:3.5:under,f0f6cdc30bf237c9,Santi Aldama,assists,under,3.5,3.5,0.5,-0.1212,0.2,PASS,-164,,,
4e45d282ab40fb92:assists:6.5:over,4e45d282ab40fb92,Cam Spencer,assists,over,6.5,5.77,0.3061,-0.1526,0.3878,PASS,118,,,
4e45d282ab40fb92:assists:6.5:under,4e45d282ab40fb92,Cam Spencer,assists,under,6.5,5.77,0.6939,0.083,0.3878,PASS,-157,,,
29e79437a2214ca3:assists:2.5:over,29e79437a2214ca3,Jaren Jackson Jr,assists,over,2.5,2.5,0.5,-0.0392,0.2,PASS,-117,,,
29e79437a2214ca3:assists:2.5:under,29e79437a2214ca3,Jaren Jackson Jr,assists,under,2.5,2.5,0.5,-0.0349,0.2,PASS,-115,,,
56e46e859e224d01:assists:2.5:over,56e46e859e224d01,Cason Wallace,assists,over,2.5,2.27,0.4083,-0.0771,0.2,PASS,106,,,
56e46e859e224d01:assists:2.5:under,56e46e859e224d01,Cason Wallace,assists,under,2.5,2.27,0.5917,0.0066,0.2,PASS,-141,,,
8df7d668b3bc738d:assists:3.5:over,8df7d668b3bc738d,Kentavious Caldwell-Pope,assists,over,3.5,3.5,0.5,0.0575,0.2,PASS,126,,,
8df7d668b3bc738d:assists:3.5:under,8df7d668b3bc738d,Kentavious Caldwell-Pope,assists,under,3.5,3.5,0.5,-0.1296,0.2,PASS,-170,,,
0c6544ad9eae0712:assists:6.5:over,0c6544ad9eae0712,Shai Gilgeous-Alexander,assists,over,6.5,6.5,0.5,0.0122,0.2,PASS,105,,,
0c6544ad9eae0712:assists:6.5:under,0c6544ad9eae0712,Shai Gilgeous-Alexander,assists,under,6.5,6.5,0.5,-0.0816,0.2,PASS,-139,,,
8df7d668b3bc738d:points:8.5:over,8df7d668b3bc738d,Kentavious Caldwell-Pope,points,over,8.5,8.5,0.5,-0.0074,0.2,PASS,-103,,,
8df7d668b3bc738d:points:8.5:under,8df7d668b3bc738d,Kentavious Caldwell-Pope,points,under,8.5,8.5,0.5,-0.0652,0.2,PASS,-130,,,
3e873fa1da1e572b:points:16.5:over,3e873fa1da1e572b,Chet Holmgren,points,over,16.5,19.71,0.7424,0.183,0.3849,PASS,-127,QUESTIONABLE,NBA Official Report,Injury/Illness - Low Back; Spasms
3e873fa1da1e572b:points:16.5:under,3e873fa1da1e572b,Chet Holmgren,points,under,16.5,19.71,0.2576,-0.257,0.3849,PASS,-106,QUESTIONABLE,NBA Official Report,Injury/Illness - Low Back; Spasms
6a272d519405d94b:points:6.5:over,6a272d519405d94b,Luguentz Dort,points,over,6.5,6.5,0.5,-0.069,0.2,PASS,-132,,,
6a272d519405d94b:points:6.5:under,6a272d519405d94b,Luguentz Dort,points,under,6.5,6.5,0.5,-0.005,0.2,PASS,-102,,,
f90abdac8476856e:points:10.5:over,f90abdac8476856e,Jock Landale,points,over,10.5,10.5,0.5,-0.0392,0.2,PASS,-117,,,
f90abdac8476856e:points:10.5:under,f90abdac8476856e,Jock Landale,points,under,10.5,10.5,0.5,-0.0327,0.2,PASS,-114,,,
4e45d282ab40fb92:points:16.5:over,4e45d282ab40fb92,Cam Spencer,points,over,16.5,16.32,0.4823,-0.037,0.2,PASS,-108,,,
4e45d282ab40fb92:points:16.5:under,4e45d282ab40fb92,Cam Spencer,points,under,16.5,16.32,0.5177,-0.0318,0.2,PASS,-122,,,
0c6544ad9eae0712:points:32.5:over,0c6544ad9eae0712,Shai Gilgeous-Alexander,points,over,32.5,32.5,0.5,-0.0327,0.2,PASS,-114,,,
0c6544ad9eae0712:points:32.5:under,0c6544ad9eae0712,Shai Gilgeous-Alexander,points,under,32.5,32.5,0.5,-0.0392,0.2,PASS,-117,,,
29e79437a2214ca3:points:17.5:over,29e79437a2214ca3,Jaren Jackson Jr,points,over,17.5,17.5,0.5,-0.0238,0.2,PASS,-110,,,
29e79437a2214ca3:points:17.5:under,29e79437a2214ca3,Jaren Jackson Jr,points,under,17.5,17.5,0.5,-0.0475,0.2,PASS,-121,,,
00417796df3a3a94:points:13.5:over,00417796df3a3a94,Jaylen Wells,points,over,13.5,13.5,0.5,-0.0074,0.2,PASS,-103,,,
00417796df3a3a94:points:13.5:under,00417796df3a3a94,Jaylen Wells,points,under,13.5,13.5,0.5,-0.0652,0.2,PASS,-130,,,
56e46e859e224d01:points:7.5:over,56e46e859e224d01,Cason Wallace,points,over,7.5,6.69,0.3152,-0.261,0.3695,PASS,-136,,,
56e46e859e224d01:points:7.5:under,56e46e859e224d01,Cason Wallace,points,under,7.5,6.69,0.6848,0.1873,0.3695,PASS,101,,,
72618e8212979bf6:points:10.5:over,72618e8212979bf6,Ajay Mitchell,points,over,10.5,12.23,0.7141,0.1605,0.4282,OVER,-124,,,
72618e8212979bf6:points:10.5:under,72618e8212979bf6,Ajay Mitchell,points,under,10.5,12.23,0.2859,-0.231,0.4282,PASS,-107,,,
d63216a88b094398:points:12.5:over,d63216a88b094398,Cedric Coward,points,over,12.5,13.41,0.6071,0.0766,0.2143,PASS,-113,,,
d63216a88b094398:points:12.5:under,d63216a88b094398,Cedric Coward,points,under,12.5,13.41,0.3929,-0.1484,0.2143,PASS,-118,,,
d69c641c471ac3e0:points:5.5:over,d69c641c471ac3e0,Alex Caruso,points,over,5.5,5.8,0.5809,0.0028,0.1,PASS,-137,QUESTIONABLE,NBA Official Report,Injury/Illness - Right Middle Finger; Sprain
d69c641c471ac3e0:points:5.5:under,d69c641c471ac3e0,Alex Caruso,points,under,5.5,5.8,0.4191,-0.0735,0.1,PASS,103,QUESTIONABLE,NBA Official Report,Injury/Illness - Right Middle Finger; Sprain
f0f6cdc30bf237c9:points:14.5:over,f0f6cdc30bf237c9,Santi Aldama,points,over,14.5,14.5,0.5,-0.0455,0.2,PASS,-120,,,
f0f6cdc30bf237c9:points:14.5:under,f0f6cdc30bf237c9,Santi Aldama,points,under,14.5,14.5,0.5,-0.0283,0.2,PASS,-112,,,
b8557de9d9477231:points:19.5:over,b8557de9d9477231,Jalen Williams,points,over,19.5,18.3,0.3967,-0.1568,0.2065,PASS,-124,,,
b8557de9d9477231:points:19.5:under,b8557de9d9477231,Jalen Williams,points,under,19.5,18.3,0.6033,0.084,0.2065,PASS,-108,,,
4e45d282ab40fb92:pra:25.5:over,4e45d282ab40fb92,Cam Spencer,pra,over,25.5,25.02,0.4692,-0.0742,0.2,PASS,-119,,,
4e45d282ab40fb92:pra:25.5:under,4e45d282ab40fb92,Cam Spencer,pra,under,25.5,25.02,0.5308,0.0093,0.2,PASS,-109,,,
b8557de9d9477231:pra:31.5:over,b8557de9d9477231,Jalen Williams,pra,over,31.5,28.12,0.3153,-0.1992,0.3693,PASS,-106,,,
b8557de9d9477231:pra:31.5:under,b8557de9d9477231,Jalen Williams,pra,under,31.5,28.12,0.6847,0.1351,0.3693,PASS,-122,,,
0c6544ad9eae0712:pra:43.5:over,0c6544ad9eae0712,Shai Gilgeous-Alexander,pra,over,43.5,43.5,0.5,-0.0455,0.2,PASS,-120,,,
0c6544ad9eae0712:pra:43.5:under,0c6544ad9eae0712,Shai Gilgeous-Alexander,pra,under,43.5,43.5,0.5,-0.0192,0.2,PASS,-108,,,
3e873fa1da1e572b:pra:27.5:over,3e873fa1da1e572b,Chet Holmgren,pra,over,27.5,28.39,0.5501,0.0308,0.1,PASS,-108,QUESTIONABLE,NBA Official Report,Injury/Illness - Low Back; Spasms
3e873fa1da1e572b:pra:27.5:under,3e873fa1da1e572b,Chet Holmgren,pra,under,27.5,28.39,0.4499,-0.0955,0.1,PASS,-120,QUESTIONABLE,NBA Official Report,Injury/Illness - Low Back; Spasms
f0f6cdc30bf237c9:pra:25.5:over,f0f6cdc30bf237c9,Santi Aldama,pra,over,25.5,25.5,0.5,-0.0192,0.2,PASS,-108,,,
f0f6cdc30bf237c9:pra:25.5:under,f0f6cdc30bf237c9,Santi Aldama,pra,under,25.5,25.5,0.5,-0.0455,0.2,PASS,-120,,,
56e46e859e224d01:pra:13.5:over,56e46e859e224d01,Cason Wallace,pra,over,13.5,11.59,0.2546,-0.2887,0.4907,PASS,-119,,,
56e46e859e224d01:pra:13.5:under,56e46e859e224d01,Cason Wallace,pra,under,13.5,11.59,0.7454,0.2238,0.4907,UNDER,-109,,,
8df7d668b3bc738d:pra:13.5:over,8df7d668b3bc738d,Kentavious Caldwell-Pope,pra,over,13.5,13.5,0.5,-0.0652,0.2,PASS,-130,,,
8df7d668b3bc738d:pra:13.5:under,8df7d668b3bc738d,Kentavious Caldwell-Pope,pra,under,13.5,13.5,0.5,-0.005,0.2,PASS,-102,,,
72618e8212979bf6:pra:16.5:over,72618e8212979bf6,Ajay Mitchell,pra,over,16.5,19.62,0.7375,0.1761,0.475,OVER,-128,,,
72618e8212979bf6:pra:16.5:under,72618e8212979bf6,Ajay Mitchell,pra,under,16.5,19.62,0.2625,-0.2473,0.475,PASS,-104,,,
29e79437a2214ca3:pra:25.5:over,29e79437a2214ca3,Jaren Jackson Jr,pra,over,25.5,25.5,0.5,-0.0413,0.2,PASS,-118,,,
29e79437a2214ca3:pra:25.5:under,29e79437a2214ca3,Jaren Jackson Jr,pra,under,25.5,25.5,0.5,-0.0238,0.2,PASS,-110,,,
00417796df3a3a94:pra:18.5:over,00417796df3a3a94,Jaylen Wells,pra,over,18.5,18.5,0.5,-0.0652,0.2,PASS,-130,,,
00417796df3a3a94:pra:18.5:under,00417796df3a3a94,Jaylen Wells,pra,under,18.5,18.5,0.5,-0.005,0.2,PASS,-102,,,
f90abdac8476856e:pra:19.5:over,f90abdac8476856e,Jock Landale,pra,over,19.5,19.5,0.5,-0.0495,0.2,PASS,-122,,,
f90abdac8476856e:pra:19.5:under,f90abdac8476856e,Jock Landale,pra,under,19.5,19.5,0.5,-0.0146,0.2,PASS,-106,,,
d63216a88b094398:pra:21.5:over,d63216a88b094398,Cedric Coward,pra,over,21.5,22.77,0.5884,0.0535,0.2,PASS,-115,,,
d63216a88b094398:pra:21.5:under,d63216a88b094398,Cedric Coward,pra,under,21.5,22.77,0.4116,-0.1167,0.2,PASS,-112,,,
f90abdac8476856e:rebounds:7.5:over,f90abdac8476856e,Jock Landale,rebounds,over,7.5,7.5,0.5,0.0349,0.2,PASS,115,,,
f90abdac8476856e:rebounds:7.5:under,f90abdac8476856e,Jock Landale,rebounds,under,7.5,7.5,0.5,-0.1063,0.2,PASS,-154,,,
d63216a88b094398:rebounds:6.5:over,d63216a88b094398,Cedric Coward,rebounds,over,6.5,6.19,0.421,-0.0441,0.2,PASS,115,,,
d63216a88b094398:rebounds:6.5:under,d63216a88b094398,Cedric Coward,rebounds,under,6.5,6.19,0.579,-0.0194,0.2,PASS,-149,,,
00417796df3a3a94:rebounds:4.5:over,00417796df3a3a94,Jaylen Wells,rebounds,over,4.5,4.5,0.5,0.0575,0.2,PASS,126,,,
00417796df3a3a94:rebounds:4.5:under,00417796df3a3a94,Jaylen Wells,rebounds,under,4.5,4.5,0.5,-0.1296,0.2,PASS,-170,,,
29e79437a2214ca3:rebounds:5.5:over,29e79437a2214ca3,Jaren Jackson Jr,rebounds,over,5.5,5.5,0.5,-0.0455,0.2,PASS,-120,,,
29e79437a2214ca3:rebounds:5.5:under,29e79437a2214ca3,Jaren Jackson Jr,rebounds,under,5.5,5.5,0.5,-0.0283,0.2,PASS,-112,,,
72618e8212979bf6:rebounds:3.5:over,72618e8212979bf6,Ajay Mitchell,rebounds,over,3.5,3.65,0.5602,0.0994,0.2,PASS,117,,,
72618e8212979bf6:rebounds:3.5:under,72618e8212979bf6,Ajay Mitchell,rebounds,under,3.5,3.65,0.4398,-0.1711,0.2,PASS,-157,,,
0c6544ad9eae0712:rebounds:4.5:over,0c6544ad9eae0712,Shai Gilgeous-Alexander,rebounds,over,4.5,4.5,0.5,-0.1063,0.2,PASS,-154,,,
0c6544ad9eae0712:rebounds:4.5:under,0c6544ad9eae0712,Shai Gilgeous-Alexander,rebounds,under,4.5,4.5,0.5,0.037,0.2,PASS,116,,,
6a272d519405d94b:rebounds:3.5:over,6a272d519405d94b,Luguentz Dort,rebounds,over,3.5,3.5,0.5,-0.0098,0.2,PASS,-104,,,
6a272d519405d94b:rebounds:3.5:under,6a272d519405d94b,Luguentz Dort,rebounds,under,3.5,3.5,0.5,-0.0633,0.2,PASS,-129,,,
56e46e859e224d01:rebounds:3.5:over,56e46e859e224d01,Cason Wallace,rebounds,over,3.5,2.63,0.1908,-0.2497,0.6183,PASS,127,,,
56e46e859e224d01:rebounds:3.5:under,56e46e859e224d01,Cason Wallace,rebounds,under,3.5,2.63,0.8092,0.1795,0.6183,UNDER,-170,,,
3e873fa1da1e572b:rebounds:8.5:over,3e873fa1da1e572b,Chet Holmgren,rebounds,over,8.5,7.45,0.2872,-0.225,0.3257,PASS,-105,QUESTIONABLE,NBA Official Report,Injury/Illness - Low Back; Spasms
3e873fa1da1e572b:rebounds:8.5:under,3e873fa1da1e572b,Chet Holmgren,rebounds,under,8.5,7.45,0.7128,0.1534,0.3257,PASS,-127,QUESTIONABLE,NBA Official Report,Injury/Illness - Low Back; Spasms
b8557de9d9477231:rebounds:5.5:over,b8557de9d9477231,Jalen Williams,rebounds,over,5.5,4.8,0.2813,-0.2403,0.4375,PASS,-109,,,
b8557de9d9477231:rebounds:5.5:under,b8557de9d9477231,Jalen Williams,rebounds,under,5.5,4.8,0.7187,0.1692,0.4375,UNDER,-122,,,
4e45d282ab40fb92:rebounds:3.5:over,4e45d282ab40fb92,Cam Spencer,rebounds,over,3.5,2.93,0.284,-0.179,0.4321,PASS,116,,,
4e45d282ab40fb92:rebounds:3.5:under,4e45d282ab40fb92,Cam Spencer,rebounds,under,3.5,2.93,0.716,0.1097,0.4321,UNDER,-154,,,
d69c641c471ac3e0:rebounds:2.5:over,d69c641c471ac3e0,Alex Caruso,rebounds,over,2.5,4.84,0.9735,0.3439,0.847,OVER,-170,QUESTIONABLE,NBA Official Report,Injury/Illness - Right Middle Finger; Sprain
d69c641c471ac3e0:rebounds:2.5:under,d69c641c471ac3e0,Alex Caruso,rebounds,under,2.5,4.84,0.0265,-0.416,0.847,PASS,126,QUESTIONABLE,NBA Official Report,Injury/Illness - Right Middle Finger; Sprain
f0f6cdc30bf237c9:rebounds:7.5:over,f0f6cdc30bf237c9,Santi Aldama,rebounds,over,7.5,7.5,0.5,0.0305,0.2,PASS,113,,,
f0f6cdc30bf237c9:rebounds:7.5:under,f0f6cdc30bf237c9,Santi Aldama,rebounds,under,7.5,7.5,0.5,-0.1,0.2,PASS,-150,,,
29e79437a2214ca3:threes:1.5:over,29e79437a2214ca3,Jaren Jackson Jr,threes,over,1.5,1.5,0.5,-0.005,0.2,PASS,-102,,,
29e79437a2214ca3:threes:1.5:under,29e79437a2214ca3,Jaren Jackson Jr,threes,under,1.5,1.5,0.5,-0.069,0.2,PASS,-132,,,
f0f6cdc30bf237c9:threes:1.5:over,f0f6cdc30bf237c9,Santi Aldama,threes,over,1.5,1.5,0.5,-0.0633,0.2,PASS,-129,,,
f0f6cdc30bf237c9:threes:1.5:under,f0f6cdc30bf237c9,Santi Aldama,threes,under,1.5,1.5,0.5,-0.0098,0.2,PASS,-104,,,
3e873fa1da1e572b:threes:1.5:over,3e873fa1da1e572b,Chet Holmgren,threes,over,1.5,1.68,0.5714,0.0907,0.1,PASS,108,QUESTIONABLE,NBA Official Report,Injury/Illness - Low Back; Spasms
3e873fa1da1e572b:threes:1.5:under,3e873fa1da1e572b,Chet Holmgren,threes,under,1.5,1.68,0.4286,-0.1599,0.1,PASS,-143,QUESTIONABLE,NBA Official Report,Injury/Illness - Low Back; Spasms
6a272d519405d94b:threes:1.5:over,6a272d519405d94b,Luguentz Dort,threes,over,1.5,1.5,0.5,-0.0349,0.2,PASS,-115,,,
6a272d519405d94b:threes:1.5:under,6a272d519405d94b,Luguentz Dort,threes,under,1.5,1.5,0.5,-0.0349,0.2,PASS,-115,,,
0c6544ad9eae0712:threes:1.5:over,0c6544ad9eae0712,Shai Gilgeous-Alexander,threes,over,1.5,1.5,0.5,-0.1552,0.2,PASS,-190,,,
0c6544ad9eae0712:threes:1.5:under,0c6544ad9eae0712,Shai Gilgeous-Alexander,threes,under,1.5,1.5,0.5,0.0833,0.2,PASS,140,,,
4e45d282ab40fb92:threes:2.5:over,4e45d282ab40fb92,Cam Spencer,threes,over,2.5,3.56,0.8548,0.2409,0.7095,OVER,-159,,,
4e45d282ab40fb92:threes:2.5:under,4e45d282ab40fb92,Cam Spencer,threes,under,2.5,3.56,0.1452,-0.3114,0.7095,PASS,119,,,
00417796df3a3a94:threes:1.5:over,00417796df3a3a94,Jaylen Wells,threes,over,1.5,1.5,0.5,-0.1032,0.2,PASS,-152,,,
00417796df3a3a94:threes:1.5:under,00417796df3a3a94,Jaylen Wells,threes,under,1.5,1.5,0.5,0.0327,0.2,PASS,114,,,
56e46e859e224d01:threes:1.5:over,56e46e859e224d01,Cason Wallace,threes,over,1.5,1.18,0.3736,-0.0362,0.2527,PASS,144,,,
56e46e859e224d01:threes:1.5:under,56e46e859e224d01,Cason Wallace,threes,under,1.5,1.18,0.6264,-0.0369,0.2527,PASS,-197,,,
b8557de9d9477231:threes:1.5:over,b8557de9d9477231,Jalen Williams,threes,over,1.5,1.4,0.4619,0.0175,0.2,PASS,125,,,
b8557de9d9477231:threes:1.5:under,b8557de9d9477231,Jalen Williams,threes,under,1.5,1.4,0.5381,-0.0916,0.2,PASS,-170,,,
d63216a88b094398:threes:1.5:over,d63216a88b094398,Cedric Coward,threes,over,1.5,1.17,0.3712,-0.0812,0.2575,PASS,121,,,
d63216a88b094398:threes:1.5:under,d63216a88b094398,Cedric Coward,threes,under,1.5,1.17,0.6288,0.0104,0.2575,PASS,-162,,,
72618e8212979bf6:assists:3.5:over,72618e8212979bf6,Ajay Mitchell,assists,over,3.5,3.74,0.5937,0.1589,0.2,PASS,130,,,
72618e8212979bf6:assists:3.5:under,72618e8212979bf6,Ajay Mitchell,assists,under,3.5,3.74,0.4063,-0.2314,0.2,PASS,-176,,,
72618e8212979bf6:points:11.5:over,72618e8212979bf6,Ajay Mitchell,points,over,11.5,12.23,0.5942,0.1016,0.2,PASS,103,,,
72618e8212979bf6:points:11.5:under,72618e8212979bf6,Ajay Mitchell,points,under,11.5,12.23,0.4058,-0.165,0.2,PASS,-133,,,
72618e8212979bf6:pra:18.5:over,72618e8212979bf6,Ajay Mitchell,pra,over,18.5,19.62,0.5901,0.0509,0.2,PASS,-117,,,
72618e8212979bf6:pra:18.5:under,72618e8212979bf6,Ajay Mitchell,pra,under,18.5,19.62,0.4099,-0.1184,0.2,PASS,-112,,,
8df7d668b3bc738d:pra:14.5:over,8df7d668b3bc738d,Kentavious Caldwell-Pope,pra,over,14.5,14.5,0.5,-0.0074,0.2,PASS,-103,,,
8df7d668b3bc738d:pra:14.5:under,8df7d668b3bc738d,Kentavious Caldwell-Pope,pra,under,14.5,14.5,0.5,-0.0556,0.2,PASS,-125,,,
8df7d668b3bc738d:rebounds:2.5:over,8df7d668b3bc738d,Kentavious Caldwell-Pope,rebounds,over,2.5,2.5,0.5,-0.069,0.2,PASS,-132,,,
8df7d668b3bc738d:rebounds:2.5:under,8df7d668b3bc738d,Kentavious Caldwell-Pope,rebounds,under,2.5,2.5,0.5,-0.005,0.2,PASS,-102,,,
d63216a88b094398:assists:3.5:over,d63216a88b094398,Cedric Coward,assists,over,3.5,3.17,0.3702,-0.0844,0.2597,PASS,120,,,
d63216a88b094398:assists:3.5:under,d63216a88b094398,Cedric Coward,assists,under,3.5,3.17,0.6298,0.0072,0.2597,PASS,-165,,,
00417796df3a3a94:points:12.5:over,00417796df3a3a94,Jaylen Wells,points,over,12.5,12.5,0.5,-0.0745,0.2,PASS,-135,,,
00417796df3a3a94:points:12.5:under,00417796df3a3a94,Jaylen Wells,points,under,12.5,12.5,0.5,0.0098,0.2,PASS,104,,,
56e46e859e224d01:points:8.5:over,56e46e859e224d01,Cason Wallace,points,over,8.5,6.69,0.1404,-0.345,0.7192,PASS,106,,,
56e46e859e224d01:points:8.5:under,56e46e859e224d01,Cason Wallace,points,under,8.5,6.69,0.8596,0.2815,0.7192,UNDER,-137,,,
72618e8212979bf6:pra:17.5:over,72618e8212979bf6,Ajay Mitchell,pra,over,17.5,19.62,0.667,0.13,0.334,PASS,-116,,,
72618e8212979bf6:pra:17.5:under,72618e8212979bf6,Ajay Mitchell,pra,under,17.5,19.62,0.333,-0.1931,0.334,PASS,-111,,,
6a272d519405d94b:pra:11.5:over,6a272d519405d94b,Luguentz Dort,pra,over,11.5,11.5,0.5,-0.0516,0.2,PASS,-123,,,
6a272d519405d94b:pra:11.5:under,6a272d519405d94b,Luguentz Dort,pra,under,11.5,11.5,0.5,-0.0098,0.2,PASS,-104,,,
00417796df3a3a94:pra:19.5:over,00417796df3a3a94,Jaylen Wells,pra,over,19.5,19.5,0.5,-0.0238,0.2,PASS,-110,,,
00417796df3a3a94:pra:19.5:under,00417796df3a3a94,Jaylen Wells,pra,under,19.5,19.5,0.5,-0.0413,0.2,PASS,-118,,,
0c6544ad9eae0712:threes:2.5:over,0c6544ad9eae0712,Shai Gilgeous-Alexander,threes,over,2.5,2.5,0.5,0.0935,0.2,PASS,146,,,
0c6544ad9eae0712:threes:2.5:under,0c6544ad9eae0712,Shai Gilgeous-Alexander,threes,under,2.5,2.5,0.5,-0.1575,0.2,PASS,-192,,,
00417796df3a3a94:assists:1.5:over,00417796df3a3a94,Jaylen Wells,assists,over,1.5,1.5,0.5,-0.0851,0.2,PASS,-141,,,
00417796df3a3a94:assists:1.5:under,00417796df3a3a94,Jaylen Wells,assists,under,1.5,1.5,0.5,0.0146,0.2,PASS,106,,,
d63216a88b094398:rebounds:5.5:over,d63216a88b094398,Cedric Coward,rebounds,over,5.5,6.19,0.6725,0.0616,0.3449,PASS,-157,,,
d63216a88b094398:rebounds:5.5:under,d63216a88b094398,Cedric Coward,rebounds,under,5.5,6.19,0.3275,-0.1333,0.3449,PASS,117,,,
