prop_id,player_id,player_name,prop_type,side,line,event_id,home_team,away_team,game_time,player_team,opponent_team,is_home,rest_days,b2b,projection,probability,raw_model_probability,model_probability,market_probability,market_prob,market_over_odds,market_under_odds,edge,confidence,confidence_tier,adjustments,adjustment_notes,avg_5,avg_10,avg_15,trend,recent_std,recent_hit_rate_10,recent_hit_rate_15,recent_streak,team_out_count,team_questionable_count,team_probable_count,team_out_detail,team_questionable_detail,team_probable_detail,usage_expectation,expected_usage_factor,expected_usage_notes,pick,odds,market_vig,edge_threshold,confidence_threshold,risk_factor,volatility_factor,volatility_ratio,odds_min,odds_max,odds_confidence_min,odds_confidence_max,confidence_cap_outside_band,reason,calibration_source,calibration_slope,calibration_intercept,injury_status,injury_source,injury_detail,odds_fetched_at,odds_source,game
e8e371aa543245b3:threes:2.5:over,e8e371aa543245b3,VJ Edgecombe,threes,over,2.5,42968c17840b14e2b40f2f6274d22367,CHI,PHI,2025-12-27T00:40:00Z,PHI,CHI,False,7,False,3.46,0.4209,0.8322,0.5496,0.3658,0.3658,158,-205,0.0333,0.13,LOW,"{'minutes_trend': 1.1386, 'usage_trend': 1.1058, 'expected_usage': 0.9641, 'team_usage': 1.035, 'injury_risk': 0.99, 'rest': 1.02, 'opp_def': 1.03}","minutes trend, usage trend, usage shift (Joel Embiid RETURN x0.96), usage boost (injuries), injury caution, extra rest, soft defense, high variance",3.0,2.3,2.2,UP,0.9486832980505138,0.4,0.3333333333333333,4,2,1,3,Trendon Watford (Injury/Illness - Left Adductor; Strain); Kelly Oubre Jr. (Injury/Illness - Left Knee; Sprain),Joel Embiid (Injury/Illness - Right Knee; Injury Management),Quentin Grimes (Injury/Illness - N/a; Illness); VJ Edgecombe (Injury/Illness - N/a; Illness); Dominick Barlow (Injury/Illness - N/a; Illness),Usage up; Expected usage: Joel Embiid RETURN x0.96; Teammates OUT: 2; Teammates Q: 1; Player status: PROBABLE,0.9640884316076298,Joel Embiid RETURN x0.96,OVER,158,0.0597,0.0,0.0,1.1,1.08,0.3795,,,-120,120,0.65,,threes,0.3,0.3,PROBABLE,NBA Official Report,Injury/Illness - N/a; Illness,1766786834.0246358,odds_api,PHI @ CHI
3b09314818626f62:pra:26.5:over,3b09314818626f62,Anthony Black,pra,over,26.5,c4c6703488303b6b8ee37437a8910548,ORL,CHA,2025-12-27T00:10:00Z,ORL,CHA,True,4,False,32.29,0.5405,0.8618,0.6786,0.4812,0.4812,-104,-122,0.0307,0.3573,LOW,"{'minutes_trend': 1.1079, 'usage_trend': 1.01, 'team_usage': 1.075, 'rest': 1.02, 'home': 1.01}","minutes trend, usage trend, usage boost (injuries), extra rest, home",29.0,27.4,26.066666666666666,UP,5.316640543300503,0.7,0.5333333333333333,4,5,0,0,Moritz Wagner (Injury/Illness - Left Knee; Injury recovery); Franz Wagner (Injury/Illness - Left High Ankle; Sprain); Jalen Suggs (Injury/Illness - Left Hip; Contusion); Colin Castleton (G League - Two-Way da); Goga Bitadze (Injury/Illness - Left Knee; Strain),,,Teammates OUT: 5,1.0,,OVER,-104,0.0594,0.0,0.0,1.05,1.0,0.2006,,,-120,120,0.65,,pra,0.507397,0.241351,,,,1766786834.0246358,odds_api,CHA @ ORL
8e899df2ab8672fc:pra:41.5:over,8e899df2ab8672fc,Deni Avdija,pra,over,41.5,d634cf294ef9b80b7fabb5ab9f52173d,POR,LAC,2025-12-27T03:10:00Z,POR,LAC,True,4,False,50.96,0.5536,0.9083,0.7022,0.4899,0.4899,-110,-120,0.0298,0.364,LOW,"{'minutes_trend': 1.067, 'usage_trend': 1.0245, 'team_usage': 1.08, 'rest': 1.02, 'home': 1.01, 'opp_def': 1.03, 'pace': 1.02}","minutes trend, usage trend, usage boost (injuries), extra rest, home, soft defense, fast pace, market divergence",40.4,40.1,40.333333333333336,FLAT,7.1094616142465,0.5,0.5333333333333333,-2,7,0,2,Blake Wesley (Injury/Illness - Right Foot; Fracture); Matisse Thybulle (Injury/Illness - Left Thumb; Ligament Tear); Damian Lillard (Injury/Illness - Left Achilles Tendon; Injury Management); Jrue Holiday (Injury/Illness - Right Calf; Strain); Scoot Henderson (Injury/Illness - Left Hamstring; Tear); Jerami Grant (Injury/Illness - Left Achilles; Tendonitis); Javonte Cooke (G League - Two-Way),,Robert Williams III (Injury/Illness - Left Knee; Injury Management); Kris Murray (Injury/Illness - Right Cervical; Soreness),Teammates OUT: 7,1.0,,OVER,-110,0.0693,0.0,0.0,1.05,1.0,0.1713,,,-120,120,0.65,,pra,0.507397,0.241351,,,,1766786834.0246358,odds_api,LAC @ POR
ae90d97d37441694:threes:1.5:over,ae90d97d37441694,Tyus Jones,threes,over,1.5,c4c6703488303b6b8ee37437a8910548,ORL,CHA,2025-12-27T00:10:00Z,ORL,CHA,True,4,False,1.71,0.3619,0.5741,0.4722,0.3147,0.3147,200,-265,0.0286,0.16,LOW,"{'minutes_trend': 1.15, 'usage_trend': 1.108, 'team_usage': 1.075, 'rest': 1.02, 'home': 1.01}","minutes trend, usage trend, usage boost (injuries), extra rest, home, high variance",1.6,1.2,1.0,UP,1.1352924243950933,0.2,0.2,1,5,0,0,Moritz Wagner (Injury/Illness - Left Knee; Injury recovery); Franz Wagner (Injury/Illness - Left High Ankle; Sprain); Jalen Suggs (Injury/Illness - Left Hip; Contusion); Colin Castleton (G League - Two-Way da); Goga Bitadze (Injury/Illness - Left Knee; Strain),,,Usage up; Teammates OUT: 5,1.0,,OVER,200,0.0594,0.0,0.0,1.1,1.15,0.7569,,,-120,120,0.65,,threes,0.3,0.3,,,,1766786834.0246358,odds_api,CHA @ ORL
e8e371aa543245b3:pra:23.5:over,e8e371aa543245b3,VJ Edgecombe,pra,over,23.5,42968c17840b14e2b40f2f6274d22367,CHI,PHI,2025-12-27T00:40:00Z,PHI,CHI,False,7,False,37.45,0.589,0.9617,0.7293,0.5289,0.5289,-128,100,0.0276,0.3628,LOW,"{'minutes_trend': 1.1386, 'usage_trend': 1.1058, 'expected_usage': 0.9641, 'team_usage': 1.035, 'injury_risk': 0.99, 'rest': 1.02, 'opp_def': 1.03}","minutes trend, usage trend, usage shift (Joel Embiid RETURN x0.96), usage boost (injuries), injury caution, extra rest, soft defense, market divergence",30.8,24.9,24.333333333333332,UP,7.880355321938218,0.5,0.5333333333333333,4,2,1,3,Trendon Watford (Injury/Illness - Left Adductor; Strain); Kelly Oubre Jr. (Injury/Illness - Left Knee; Sprain),Joel Embiid (Injury/Illness - Right Knee; Injury Management),Quentin Grimes (Injury/Illness - N/a; Illness); VJ Edgecombe (Injury/Illness - N/a; Illness); Dominick Barlow (Injury/Illness - N/a; Illness),Usage up; Expected usage: Joel Embiid RETURN x0.96; Teammates OUT: 2; Teammates Q: 1; Player status: PROBABLE,0.9640884316076298,Joel Embiid RETURN x0.96,OVER,-128,0.0614,0.0,0.0,1.05,1.08,0.3353,,,-120,120,0.65,,pra,0.507397,0.241351,PROBABLE,NBA Official Report,Injury/Illness - N/a; Illness,1766786834.0246358,odds_api,PHI @ CHI
d1fb36bbd833e915:pra:33.5:over,d1fb36bbd833e915,Shaedon Sharpe,pra,over,33.5,d634cf294ef9b80b7fabb5ab9f52173d,POR,LAC,2025-12-27T03:10:00Z,POR,LAC,True,4,False,40.54,0.5576,0.8879,0.6918,0.5,0.5,-114,-114,0.0248,0.3837,LOW,"{'minutes_trend': 1.0719, 'usage_trend': 1.0394, 'team_usage': 1.08, 'rest': 1.02, 'home': 1.01, 'opp_def': 1.03, 'pace': 1.02}","minutes trend, usage trend, usage boost (injuries), extra rest, home, soft defense, fast pace",32.6,31.0,29.8,UP,5.792715732327589,0.4,0.4,-3,7,0,2,Blake Wesley (Injury/Illness - Right Foot; Fracture); Matisse Thybulle (Injury/Illness - Left Thumb; Ligament Tear); Damian Lillard (Injury/Illness - Left Achilles Tendon; Injury Management); Jrue Holiday (Injury/Illness - Right Calf; Strain); Scoot Henderson (Injury/Illness - Left Hamstring; Tear); Jerami Grant (Injury/Illness - Left Achilles; Tendonitis); Javonte Cooke (G League - Two-Way),,Robert Williams III (Injury/Illness - Left Knee; Injury Management); Kris Murray (Injury/Illness - Right Cervical; Soreness),Teammates OUT: 7,1.0,,OVER,-114,0.0654,0.0,0.0,1.05,1.0,0.1729,,,-120,120,0.65,,pra,0.507397,0.241351,,,,1766786834.0246358,odds_api,LAC @ POR
5f14e644f6af651b:threes:1.5:over,5f14e644f6af651b,Kris Dunn,threes,over,1.5,d634cf294ef9b80b7fabb5ab9f52173d,POR,LAC,2025-12-27T03:10:00Z,LAC,POR,False,4,False,2.7,0.4271,0.8139,0.5442,0.3769,0.3769,148,-200,0.0238,0.16,LOW,"{'minutes_trend': 1.0265, 'usage_trend': 1.141, 'team_usage': 1.075, 'rest': 1.02, 'pace': 0.98}","minutes trend, usage trend, usage boost (injuries), extra rest, slow pace, high variance",2.8,1.6,1.4666666666666666,UP,1.3498971154211057,0.5,0.4666666666666667,5,5,0,0,Ivica Zubac (Injury/Illness - Left Ankle; Sprain); Chris Paul (Not With Team); Derrick Jones Jr. (Injury/Illness - Right Knee; Sprain); RayJ Dennis (G League - Two-Way); Bradley Beal (Injury/Illness - Left Hip; Fracture),,,Usage up; Teammates OUT: 5,1.0,,OVER,148,0.0699,0.0,0.0,1.1,1.15,0.8999,,,-120,120,0.65,,threes,0.3,0.3,,,,1766786834.0246358,odds_api,LAC @ POR
659af3acc1931730:pra:14.5:under,659af3acc1931730,Pelle Larsson,pra,under,14.5,c8523141aaa4ff1f5221721713a92dca,ATL,MIA,2025-12-27T00:10:00Z,MIA,ATL,False,18,False,7.75,0.5368,0.8188,0.6568,0.4854,0.4854,-120,-106,0.0223,0.2666,LOW,"{'minutes_trend': 0.85, 'usage_trend': 0.85, 'team_usage': 1.075, 'rest': 1.02, 'pace': 1.02}","minutes trend, usage trend, usage boost (injuries), extra rest, fast pace, high variance",6.4,12.6,14.8,DOWN,7.411702458499891,0.6,0.4666666666666667,6,5,0,0,Tyler Herro (Injury/Illness - Right Big Toe; Contusion); Vladislav Goldin (G League - Two-Way); Bam Adebayo (Injury/Illness - Lower Back; Soreness); Jahmir Young (G League - Two-Way); Terry Rozier (Not With Team),,,Usage down; Teammates OUT: 5; Player status: AVAILABLE,1.0,,UNDER,-106,0.06,0.0,0.0,1.05,1.15,0.5112,,,-120,120,0.65,,pra,0.507397,0.241351,AVAILABLE,NBA Official Report,Injury/Illness - Left Ankle; Sprain,1766786834.0246358,odds_api,MIA @ ATL
440168766d15343b:pra:24.5:over,440168766d15343b,Kon Knueppel,pra,over,24.5,c4c6703488303b6b8ee37437a8910548,ORL,CHA,2025-12-27T00:10:00Z,CHA,ORL,False,4,False,34.95,0.5708,0.8889,0.6924,0.5188,0.5188,-122,-104,0.0213,0.3847,LOW,"{'minutes_trend': 1.0138, 'usage_trend': 1.0531, 'team_usage': 1.08, 'rest': 1.02}","minutes trend, usage trend, usage boost (injuries), extra rest",30.8,30.3,28.733333333333334,UP,8.56413711032492,0.6,0.6,-2,6,0,0,Grant Williams (Injury/Illness - Right Knee; Surgery); KJ Simpson (G League - Two-Way); Antonio Reeves (G League - Two-Way); Mason Plumlee (Injury/Illness - Right Groin; Strain); Liam McNeeley (G League - On Assignment); Ryan Kalkbrenner (Injury/Illness - Left Elbow; Sprain),,,Usage up; Teammates OUT: 6,1.0,,OVER,-122,0.0594,0.0,0.0,1.05,1.08,0.3496,,,-120,120,0.65,,pra,0.507397,0.241351,,,,1766786834.0246358,odds_api,CHA @ ORL
4e45d282ab40fb92:pra:25.5:over,4e45d282ab40fb92,Cam Spencer,pra,over,25.5,5b9deb3a7a25c3efea6e5baf9123366f,MEM,MIL,2025-12-27T01:10:00Z,MEM,MIL,True,4,False,31.69,0.5472,0.8388,0.6669,0.4958,0.4958,-111,-115,0.0211,0.3339,LOW,"{'minutes_trend': 1.15, 'usage_trend': 0.9092, 'expected_usage': 1.028, 'team_usage': 1.08, 'rest': 1.02, 'home': 1.01, 'opp_def': 1.03}","minutes trend, usage trend, usage shift (Ja Morant RETURN x1.03), usage boost (injuries), extra rest, home, soft defense",30.0,26.3,24.533333333333335,UP,6.254775952999614,0.7,0.5333333333333333,5,6,2,0,Vince Williams Jr. (Injury/Illness - Left Patellar; Tendinitis); John Konchar (Injury/Illness - Left Thumb; UCL Surgery Recovery); Ty Jerome (Injury/Illness - Right Calf; Strain); Zach Edey (Injury/Illness - Left Ankle; Stress Reaction); Brandon Clarke (Injury/Illness - Right Calf; Strain); Scotty Pippen Jr. (Injury/Illness - Left Great Toe; Surgery Recovery),Ja Morant (Injury/Illness - Left Ankle; Sprain); Cedric Coward (Injury/Illness - Left Heel; Soreness),,Usage down; Expected usage: Ja Morant RETURN x1.03; Teammates OUT: 6; Teammates Q: 2,1.0280423330593607,Ja Morant RETURN x1.03,OVER,-111,0.061,0.0,0.0,1.05,1.0,0.2453,,,-120,120,0.65,,pra,0.507397,0.241351,,,,1766786834.0246358,odds_api,MIL @ MEM
fefc8e5721ae8522:pra:22.5:over,fefc8e5721ae8522,Wendell Carter Jr,pra,over,22.5,c4c6703488303b6b8ee37437a8910548,ORL,CHA,2025-12-27T00:10:00Z,ORL,CHA,True,4,False,30.22,0.575,0.8929,0.6944,0.5239,0.5239,-125,-102,0.0195,0.3888,LOW,"{'minutes_trend': 1.0615, 'usage_trend': 1.1121, 'team_usage': 1.075, 'rest': 1.02, 'home': 1.01}","minutes trend, usage trend, usage boost (injuries), extra rest, home",24.0,22.0,22.0,UP,6.2182527020592095,0.4,0.3333333333333333,-2,5,0,0,Moritz Wagner (Injury/Illness - Left Knee; Injury recovery); Franz Wagner (Injury/Illness - Left High Ankle; Sprain); Jalen Suggs (Injury/Illness - Left Hip; Contusion); Colin Castleton (G League - Two-Way da); Goga Bitadze (Injury/Illness - Left Knee; Strain),,,Usage up; Teammates OUT: 5,1.0,,OVER,-125,0.0605,0.0,0.0,1.05,1.0,0.2764,,,-120,120,0.65,,pra,0.507397,0.241351,,,,1766786834.0246358,odds_api,CHA @ ORL
d3db177138d369cc:pra:23.5:over,d3db177138d369cc,Kyle Kuzma,pra,over,23.5,5b9deb3a7a25c3efea6e5baf9123366f,MEM,MIL,2025-12-27T01:10:00Z,MIL,MEM,False,4,False,32.07,0.5606,0.8599,0.6777,0.5104,0.5104,-118,-108,0.0193,0.3554,LOW,"{'minutes_trend': 1.1369, 'usage_trend': 1.0955, 'team_usage': 1.06, 'rest': 1.02}","minutes trend, usage trend, usage boost (injuries), extra rest",26.0,21.4,21.333333333333332,UP,7.933053216343208,0.4,0.4,2,4,0,0,Gary Trent Jr. (Injury/Illness - Left Calf; Contusion); Taurean Prince (Injury/Illness - Neck; Surgery); Giannis Antetokounmpo (Injury/Illness - Right Calf; Strain); Alex Antetokounmpo (G League - Two-Way),,,Usage up; Teammates OUT: 4,1.0,,OVER,-118,0.0605,0.0,0.0,1.05,1.08,0.3376,,,-120,120,0.65,,pra,0.507397,0.241351,,,,1766786834.0246358,odds_api,MIL @ MEM
776947d150358207:assists:1.5:over,776947d150358207,Sam Hauser,assists,over,1.5,9cafdf413bd8f5b8971a72a3e7452df6,IND,BOS,2025-12-27T00:10:00Z,BOS,IND,False,5,False,1.43,0.3558,0.4751,0.4425,0.3187,0.3187,196,-260,0.018,0.17,LOW,"{'minutes_trend': 0.8829, 'usage_trend': 1.15, 'team_usage': 1.075, 'rest': 1.02, 'opp_def': 1.03, 'pace': 0.98}","minutes trend, usage trend, usage boost (injuries), extra rest, soft defense, slow pace, high variance",1.2,1.2,1.4666666666666666,FLAT,1.1352924243950933,0.3,0.4,-2,5,0,0,Chris Boucher (Personal Reasons); Amari Williams (G League - Two-Way); Jayson Tatum (Injury/Illness - Right Achilles; Repair); Max Shulga (G League - Two-Way); Ron Harper Jr. (G League - Two-Way),,,Usage up; Teammates OUT: 5,1.0,,OVER,196,0.0601,0.0,0.0,1.0,1.15,0.7569,,,-120,120,0.65,,assists,0.3,0.3,,,,1766786834.0246358,odds_api,BOS @ IND
6528127ba219e939:pra:33.5:over,6528127ba219e939,Lauri Markkanen,pra,over,33.5,19d20865216afacaaeba1cc609103741,UTA,DET,2025-12-27T02:40:00Z,UTA,DET,True,5,False,41.93,0.5562,0.8511,0.6732,0.5061,0.5061,-118,-112,0.0149,0.3464,LOW,"{'minutes_trend': 0.9756, 'usage_trend': 1.0422, 'team_usage': 1.06, 'rest': 1.02, 'home': 1.01, 'opp_def': 0.97, 'pace': 1.02}","minutes trend, usage trend, usage boost (injuries), extra rest, home, tough defense, fast pace",39.0,35.2,37.53333333333333,UP,8.093893445747302,0.6,0.6666666666666666,3,4,0,0,Elijah Harkless (G League - Two-Way); Walker Kessler (Injury/Illness - Left Shoulder; Injury Recovery); Georges Niang (Injury/Illness - Left Foot; fourth metatarsal stress reaction); John Tonje (G League - Two-Way),,,Teammates OUT: 4,1.0,,OVER,-118,0.0696,0.0,0.0,1.05,1.0,0.2416,,,-120,120,0.65,,pra,0.507397,0.241351,,,,1766786834.0246358,odds_api,DET @ UTA
86c3c54ce38bd221:pra:15.5:over,86c3c54ce38bd221,Khris Middleton,pra,over,15.5,2452dd9a484d893bca40a2059218e2e3,WAS,TOR,2025-12-27T00:10:00Z,WAS,TOR,True,4,False,22.96,0.576,0.8759,0.6858,0.5289,0.5289,-128,100,0.0146,0.3419,LOW,"{'minutes_trend': 1.0027, 'usage_trend': 1.15, 'team_usage': 1.035, 'rest': 1.02, 'home': 1.01, 'opp_def': 0.97}","minutes trend, usage trend, usage boost (injuries), extra rest, home, tough defense, high variance",20.2,19.2,17.266666666666666,UP,6.460134157533676,0.7,0.5333333333333333,1,2,1,0,Cam Whitmore (Injury/Illness - Right Shoulder; Deep Vein Thrombosis); Corey Kispert (Injury/Illness - Left Hamstring; Tightness),Justin Champagnie (Injury/Illness - N/a; illness),,Usage up; Teammates OUT: 2; Teammates Q: 1,1.0,,OVER,-128,0.0614,0.0,0.0,1.05,1.15,0.4168,,,-120,120,0.65,,pra,0.507397,0.241351,,,,1766786834.0246358,odds_api,TOR @ WAS
bca8c361d7811ab2:pra:28.5:over,bca8c361d7811ab2,Nikola Vucevic,pra,over,28.5,42968c17840b14e2b40f2f6274d22367,CHI,PHI,2025-12-27T00:40:00Z,CHI,PHI,True,4,False,35.73,0.5405,0.7949,0.6447,0.4958,0.4958,-111,-115,0.0144,0.2893,LOW,"{'minutes_trend': 1.0552, 'usage_trend': 0.9959, 'team_usage': 1.065, 'rest': 1.02, 'home': 1.01, 'pace': 1.02}","minutes trend, usage trend, usage boost (injuries), extra rest, home, fast pace",31.4,27.2,28.266666666666666,UP,8.778762251403478,0.4,0.5333333333333333,1,4,1,0,Lachlan Olbrich (G League - Two-Way); Emanuel Miller (G League - Two-Way); Trentyn Flowers (G League - Two-Way); Noa Essengue (Injury/Illness - Left Shoulder; Surgery),Patrick Williams (Injury/Illness - N/a; Illness),,Teammates OUT: 4; Teammates Q: 1,1.0,,OVER,-111,0.061,0.0,0.0,1.05,1.08,0.308,,,-120,120,0.65,,pra,0.507397,0.241351,,,,1766786834.0246358,odds_api,PHI @ CHI
d37bbae8653cdb2b:pra:15.5:over,d37bbae8653cdb2b,T.J. McConnell,pra,over,15.5,9cafdf413bd8f5b8971a72a3e7452df6,IND,BOS,2025-12-27T00:10:00Z,IND,BOS,True,4,False,22.75,0.5596,0.8345,0.6648,0.5146,0.5146,-120,-106,0.0142,0.3032,LOW,"{'minutes_trend': 1.0152, 'usage_trend': 1.046, 'team_usage': 1.075, 'rest': 1.02, 'home': 1.01}","minutes trend, usage trend, usage boost (injuries), extra rest, home, high variance",20.8,16.5,19.133333333333333,UP,7.457285773732365,0.6,0.7333333333333333,3,5,0,0,Obi Toppin (Injury/Illness - Right Foot; Stress Fracture); Ben Sheppard (Injury/Illness - Left Calf; Strain); Aaron Nesmith (Injury/Illness - Left Knee MCL; Sprain); Isaiah Jackson (Injury/Illness - N/A; Concussion); Tyrese Haliburton (Injury/Illness - Right Achilles Tendon; Tear),,,Teammates OUT: 5,1.0,,OVER,-120,0.06,0.0,0.0,1.05,1.15,0.4811,,,-120,120,0.65,,pra,0.507397,0.241351,,,,1766786834.0246358,odds_api,BOS @ IND
5f14e644f6af651b:pra:14.5:over,5f14e644f6af651b,Kris Dunn,pra,over,14.5,d634cf294ef9b80b7fabb5ab9f52173d,POR,LAC,2025-12-27T03:10:00Z,LAC,POR,False,4,False,21.65,0.5814,0.8963,0.6961,0.5323,0.5323,-132,100,0.0125,0.3922,LOW,"{'minutes_trend': 1.0265, 'usage_trend': 1.141, 'team_usage': 1.075, 'rest': 1.02, 'pace': 0.98}","minutes trend, usage trend, usage boost (injuries), extra rest, slow pace",19.2,16.2,16.133333333333333,UP,5.672545969648706,0.7,0.6666666666666666,6,5,0,0,Ivica Zubac (Injury/Illness - Left Ankle; Sprain); Chris Paul (Not With Team); Derrick Jones Jr. (Injury/Illness - Right Knee; Sprain); RayJ Dennis (G League - Two-Way); Bradley Beal (Injury/Illness - Left Hip; Fracture),,,Usage up; Teammates OUT: 5,1.0,,OVER,-132,0.069,0.0,0.0,1.05,1.08,0.3912,,,-120,120,0.65,,pra,0.507397,0.241351,,,,1766786834.0246358,odds_api,LAC @ POR
29e79437a2214ca3:assists:2.5:over,29e79437a2214ca3,Jaren Jackson Jr,assists,over,2.5,5b9deb3a7a25c3efea6e5baf9123366f,MEM,MIL,2025-12-27T01:10:00Z,MEM,MIL,True,4,False,2.86,0.3996,0.5951,0.4785,0.3658,0.3658,158,-205,0.012,0.17,LOW,"{'minutes_trend': 1.0323, 'usage_trend': 1.0487, 'expected_usage': 0.9708, 'team_usage': 1.08, 'rest': 1.02, 'home': 1.01, 'opp_def': 1.03}","minutes trend, usage trend, usage shift (Ja Morant RETURN x0.97), usage boost (injuries), extra rest, home, soft defense, high variance",2.6,2.7,2.6666666666666665,FLAT,1.4944341180973264,0.6,0.5333333333333333,-2,6,2,0,Vince Williams Jr. (Injury/Illness - Left Patellar; Tendinitis); John Konchar (Injury/Illness - Left Thumb; UCL Surgery Recovery); Ty Jerome (Injury/Illness - Right Calf; Strain); Zach Edey (Injury/Illness - Left Ankle; Stress Reaction); Brandon Clarke (Injury/Illness - Right Calf; Strain); Scotty Pippen Jr. (Injury/Illness - Left Great Toe; Surgery Recovery),Ja Morant (Injury/Illness - Left Ankle; Sprain); Cedric Coward (Injury/Illness - Left Heel; Soreness),,Expected usage: Ja Morant RETURN x0.97; Teammates OUT: 6; Teammates Q: 2,0.9708306781492344,Ja Morant RETURN x0.97,OVER,158,0.0597,0.0,0.0,1.0,1.15,0.5978,,,-120,120,0.65,,assists,0.3,0.3,,,,1766786834.0246358,odds_api,MIL @ MEM
3edc1f6904fc5558:threes:1.5:over,3edc1f6904fc5558,Davion Mitchell,threes,over,1.5,c8523141aaa4ff1f5221721713a92dca,ATL,MIA,2025-12-27T00:10:00Z,MIA,ATL,False,4,False,1.67,0.389,0.5463,0.4639,0.3569,0.3569,164,-215,0.0102,0.16,LOW,"{'minutes_trend': 1.0443, 'usage_trend': 1.1262, 'team_usage': 1.075, 'rest': 1.02, 'pace': 1.02}","minutes trend, usage trend, usage boost (injuries), extra rest, fast pace, high variance",1.4,1.1,1.0,FLAT,1.449137674618944,0.3,0.26666666666666666,-1,5,0,0,Tyler Herro (Injury/Illness - Right Big Toe; Contusion); Vladislav Goldin (G League - Two-Way); Bam Adebayo (Injury/Illness - Lower Back; Soreness); Jahmir Young (G League - Two-Way); Terry Rozier (Not With Team),,,Usage up; Teammates OUT: 5; Player status: AVAILABLE,1.0,,OVER,164,0.0613,0.0,0.0,1.1,1.15,0.9661,,,-120,120,0.65,,threes,0.3,0.3,AVAILABLE,NBA Official Report,Injury/Illness - Left Ankle; Sprain,1766786834.0246358,odds_api,MIA @ ATL
3b09314818626f62:threes:1.5:over,3b09314818626f62,Anthony Black,threes,over,1.5,c4c6703488303b6b8ee37437a8910548,ORL,CHA,2025-12-27T00:10:00Z,ORL,CHA,True,4,False,2.1,0.4268,0.6837,0.5051,0.3933,0.3933,140,-180,0.0102,0.16,LOW,"{'minutes_trend': 1.1079, 'usage_trend': 1.01, 'team_usage': 1.075, 'rest': 1.02, 'home': 1.01}","minutes trend, usage trend, usage boost (injuries), extra rest, home, high variance",2.0,1.3,1.4666666666666666,UP,1.2516655570345725,0.4,0.4,2,5,0,0,Moritz Wagner (Injury/Illness - Left Knee; Injury recovery); Franz Wagner (Injury/Illness - Left High Ankle; Sprain); Jalen Suggs (Injury/Illness - Left Hip; Contusion); Colin Castleton (G League - Two-Way da); Goga Bitadze (Injury/Illness - Left Knee; Strain),,,Teammates OUT: 5,1.0,,OVER,140,0.0595,0.0,0.0,1.1,1.15,0.8344,,,-120,120,0.65,,threes,0.3,0.3,,,,1766786834.0246358,odds_api,CHA @ ORL
29e79437a2214ca3:pra:25.5:over,29e79437a2214ca3,Jaren Jackson Jr,pra,over,25.5,5b9deb3a7a25c3efea6e5baf9123366f,MEM,MIL,2025-12-27T01:10:00Z,MEM,MIL,True,4,False,35.25,0.5597,0.8157,0.6552,0.5188,0.5188,-122,-104,0.0101,0.2856,LOW,"{'minutes_trend': 1.0323, 'usage_trend': 1.0487, 'expected_usage': 0.9708, 'team_usage': 1.08, 'rest': 1.02, 'home': 1.01, 'opp_def': 1.03}","minutes trend, usage trend, usage shift (Ja Morant RETURN x0.97), usage boost (injuries), extra rest, home, soft defense, high variance",32.0,24.8,26.4,UP,10.850499220466004,0.4,0.6,1,6,2,0,Vince Williams Jr. (Injury/Illness - Left Patellar; Tendinitis); John Konchar (Injury/Illness - Left Thumb; UCL Surgery Recovery); Ty Jerome (Injury/Illness - Right Calf; Strain); Zach Edey (Injury/Illness - Left Ankle; Stress Reaction); Brandon Clarke (Injury/Illness - Right Calf; Strain); Scotty Pippen Jr. (Injury/Illness - Left Great Toe; Surgery Recovery),Ja Morant (Injury/Illness - Left Ankle; Sprain); Cedric Coward (Injury/Illness - Left Heel; Soreness),,Expected usage: Ja Morant RETURN x0.97; Teammates OUT: 6; Teammates Q: 2,0.9708306781492344,Ja Morant RETURN x0.97,OVER,-122,0.0594,0.0,0.0,1.05,1.15,0.4255,,,-120,120,0.65,,pra,0.507397,0.241351,,,,1766786834.0246358,odds_api,MIL @ MEM
56366070652c315d:threes:3.5:over,56366070652c315d,Derrick White,threes,over,3.5,9cafdf413bd8f5b8971a72a3e7452df6,IND,BOS,2025-12-27T00:10:00Z,BOS,IND,False,5,False,4.8,0.4406,0.7344,0.5203,0.4064,0.4064,132,-170,0.0095,0.16,LOW,"{'minutes_trend': 1.0, 'usage_trend': 1.056, 'team_usage': 1.075, 'rest': 1.02, 'opp_def': 1.03, 'pace': 0.98}","minutes trend, usage trend, usage boost (injuries), extra rest, soft defense, slow pace, high variance",4.6,4.5,4.066666666666666,UP,2.068278940998476,0.7,0.6,-1,5,0,0,Chris Boucher (Personal Reasons); Amari Williams (G League - Two-Way); Jayson Tatum (Injury/Illness - Right Achilles; Repair); Max Shulga (G League - Two-Way); Ron Harper Jr. (G League - Two-Way),,,Usage up; Teammates OUT: 5,1.0,,OVER,132,0.0607,0.0,0.0,1.1,1.15,0.5909,,,-120,120,0.65,,threes,0.3,0.3,,,,1766786834.0246358,odds_api,BOS @ IND
eebbd3f8dcedbe8e:pra:32.5:over,eebbd3f8dcedbe8e,Keyonte George,pra,over,32.5,19d20865216afacaaeba1cc609103741,UTA,DET,2025-12-27T02:40:00Z,UTA,DET,True,4,False,43.57,0.5589,0.8312,0.6631,0.5142,0.5142,-122,-108,0.0093,0.3262,LOW,"{'minutes_trend': 1.1176, 'usage_trend': 0.955, 'team_usage': 1.06, 'rest': 1.02, 'home': 1.01, 'opp_def': 0.97, 'pace': 1.02}","minutes trend, usage trend, usage boost (injuries), extra rest, home, tough defense, fast pace",39.8,37.5,35.46666666666667,UP,11.549410759380276,0.7,0.6666666666666666,-1,4,0,0,Elijah Harkless (G League - Two-Way); Walker Kessler (Injury/Illness - Left Shoulder; Injury Recovery); Georges Niang (Injury/Illness - Left Foot; fourth metatarsal stress reaction); John Tonje (G League - Two-Way),,,Teammates OUT: 4,1.0,,OVER,-122,0.0688,0.0,0.0,1.05,1.08,0.3554,,,-120,120,0.65,,pra,0.507397,0.241351,,,,1766786834.0246358,odds_api,DET @ UTA
776947d150358207:rebounds:3.5:over,776947d150358207,Sam Hauser,rebounds,over,3.5,9cafdf413bd8f5b8971a72a3e7452df6,IND,BOS,2025-12-27T00:10:00Z,BOS,IND,False,5,False,4.26,0.4189,0.6483,0.4945,0.3866,0.3866,144,-186,0.0091,0.17,LOW,"{'minutes_trend': 0.8829, 'usage_trend': 1.15, 'team_usage': 1.075, 'rest': 1.02, 'opp_def': 1.03, 'pace': 0.98}","minutes trend, usage trend, usage boost (injuries), extra rest, soft defense, slow pace, high variance",4.0,3.7,3.7333333333333334,FLAT,2.002775851439974,0.5,0.5333333333333333,-1,5,0,0,Chris Boucher (Personal Reasons); Amari Williams (G League - Two-Way); Jayson Tatum (Injury/Illness - Right Achilles; Repair); Max Shulga (G League - Two-Way); Ron Harper Jr. (G League - Two-Way),,,Usage up; Teammates OUT: 5,1.0,,OVER,144,0.0602,0.0,0.0,0.95,1.15,0.5722,,,-120,120,0.65,,rebounds,0.3,0.3,,,,1766786834.0246358,odds_api,BOS @ IND
8dc2b7956478814b:threes:1.5:over,8dc2b7956478814b,Alex Sarr,threes,over,1.5,2452dd9a484d893bca40a2059218e2e3,WAS,TOR,2025-12-27T00:10:00Z,WAS,TOR,True,4,False,1.18,0.3469,0.3754,0.4126,0.3187,0.3187,196,-260,0.009,0.16,LOW,"{'minutes_trend': 0.9977, 'usage_trend': 0.9684, 'team_usage': 1.035, 'rest': 1.02, 'home': 1.01, 'opp_def': 0.97}","minutes trend, usage trend, usage boost (injuries), extra rest, home, tough defense, high variance",1.2,1.2,1.2,FLAT,0.7888106377466155,0.4,0.4,-1,2,1,0,Cam Whitmore (Injury/Illness - Right Shoulder; Deep Vein Thrombosis); Corey Kispert (Injury/Illness - Left Hamstring; Tightness),Justin Champagnie (Injury/Illness - N/a; illness),,Teammates OUT: 2; Teammates Q: 1,1.0,,OVER,196,0.0601,0.0,0.0,1.1,1.15,0.5259,,,-120,120,0.65,,threes,0.3,0.3,,,,1766786834.0246358,odds_api,TOR @ WAS
440168766d15343b:threes:3.5:over,440168766d15343b,Kon Knueppel,threes,over,3.5,c4c6703488303b6b8ee37437a8910548,ORL,CHA,2025-12-27T00:10:00Z,CHA,ORL,False,4,False,4.96,0.4675,0.824,0.5472,0.4333,0.4333,118,-150,0.0087,0.18,LOW,"{'minutes_trend': 1.0138, 'usage_trend': 1.0531, 'team_usage': 1.08, 'rest': 1.02}","minutes trend, usage trend, usage boost (injuries), extra rest, high variance",4.6,4.0,3.933333333333333,UP,1.5634719199411433,0.7,0.6666666666666666,4,6,0,0,Grant Williams (Injury/Illness - Right Knee; Surgery); KJ Simpson (G League - Two-Way); Antonio Reeves (G League - Two-Way); Mason Plumlee (Injury/Illness - Right Groin; Strain); Liam McNeeley (G League - On Assignment); Ryan Kalkbrenner (Injury/Illness - Left Elbow; Sprain),,,Usage up; Teammates OUT: 6,1.0,,OVER,118,0.0587,0.0,0.0,1.1,1.15,0.4467,,,-120,120,0.65,,threes,0.3,0.3,,,,1766786834.0246358,odds_api,CHA @ ORL
e79e366ce3926930:pra:23.5:over,e79e366ce3926930,Dyson Daniels,pra,over,23.5,c8523141aaa4ff1f5221721713a92dca,ATL,MIA,2025-12-27T00:10:00Z,ATL,MIA,True,6,False,29.57,0.554,0.7973,0.6459,0.5146,0.5146,-120,-106,0.0085,0.2918,LOW,"{'minutes_trend': 0.9751, 'usage_trend': 1.0428, 'team_usage': 1.06, 'rest': 1.02, 'home': 1.01}","minutes trend, usage trend, usage boost (injuries), extra rest, home",28.6,26.4,26.666666666666668,UP,7.290785661062569,0.5,0.6,1,3,3,0,Kristaps Porzingis (Injury/Illness - N/A; Illness); Eli John Ndiaye (G League - Two-Way); N'Faly Dante (Injury/Illness - Right Knee; Torn ACL),Malik Williams (G League - Two-Way); Caleb Houstan (G League - Two-Way); Nikola Djurisic (G League - On Assignment),,Teammates OUT: 3; Teammates Q: 3,1.0,,OVER,-120,0.06,0.0,0.0,1.05,1.08,0.3102,,,-120,120,0.65,,pra,0.507397,0.241351,,,,1766786834.0246358,odds_api,MIA @ ATL
b90d46e90cecc8d4:assists:2.5:over,b90d46e90cecc8d4,Tobias Harris,assists,over,2.5,19d20865216afacaaeba1cc609103741,UTA,DET,2025-12-27T02:40:00Z,DET,UTA,False,4,False,3.29,0.4285,0.7088,0.5126,0.3925,0.3925,138,-186,0.0084,0.17,LOW,"{'minutes_trend': 0.9952, 'usage_trend': 0.9588, 'team_usage': 1.065, 'rest': 1.02, 'opp_def': 1.03}","minutes trend, usage trend, usage boost (injuries), extra rest, soft defense, high variance",3.4,2.5,2.4,UP,1.4337208778404378,0.6,0.5333333333333333,5,4,1,0,Wendell Moore Jr. (G League - Two-Way); Bobi Klintman (G League - On Assignment); Isaac Jones (G League - On Assignment); Tolu Smith (G League - Two-Way),Ronald Holland II (Injury/Illness - Left Knee; Sprain),,Teammates OUT: 4; Teammates Q: 1,1.0,,OVER,138,0.0705,0.0,0.0,1.0,1.15,0.5735,,,-120,120,0.65,,assists,0.3,0.3,,,,1766786834.0246358,odds_api,DET @ UTA
3edc1f6904fc5558:pra:19.5:over,3edc1f6904fc5558,Davion Mitchell,pra,over,19.5,c8523141aaa4ff1f5221721713a92dca,ATL,MIA,2025-12-27T00:10:00Z,MIA,ATL,False,4,False,24.3,0.5424,0.7693,0.6317,0.5042,0.5042,-115,-111,0.0075,0.2634,LOW,"{'minutes_trend': 1.0443, 'usage_trend': 1.1262, 'team_usage': 1.075, 'rest': 1.02, 'pace': 1.02}","minutes trend, usage trend, usage boost (injuries), extra rest, fast pace",17.6,18.5,19.2,DOWN,6.519202405202649,0.4,0.4666666666666667,-1,5,0,0,Tyler Herro (Injury/Illness - Right Big Toe; Contusion); Vladislav Goldin (G League - Two-Way); Bam Adebayo (Injury/Illness - Lower Back; Soreness); Jahmir Young (G League - Two-Way); Terry Rozier (Not With Team),,,Usage up; Teammates OUT: 5; Player status: AVAILABLE,1.0,,OVER,-115,0.061,0.0,0.0,1.05,1.08,0.3343,,,-120,120,0.65,,pra,0.507397,0.241351,AVAILABLE,NBA Official Report,Injury/Illness - Left Ankle; Sprain,1766786834.0246358,odds_api,MIA @ ATL
d1fb36bbd833e915:threes:2.5:over,d1fb36bbd833e915,Shaedon Sharpe,threes,over,2.5,d634cf294ef9b80b7fabb5ab9f52173d,POR,LAC,2025-12-27T03:10:00Z,POR,LAC,True,4,False,3.19,0.4204,0.669,0.5007,0.3859,0.3859,142,-192,0.0071,0.16,LOW,"{'minutes_trend': 1.0719, 'usage_trend': 1.0394, 'team_usage': 1.08, 'rest': 1.02, 'home': 1.01, 'opp_def': 1.03, 'pace': 1.02}","minutes trend, usage trend, usage boost (injuries), extra rest, home, soft defense, fast pace, high variance",2.8,2.4,1.9333333333333333,UP,1.577621275493231,0.4,0.3333333333333333,-3,7,0,2,Blake Wesley (Injury/Illness - Right Foot; Fracture); Matisse Thybulle (Injury/Illness - Left Thumb; Ligament Tear); Damian Lillard (Injury/Illness - Left Achilles Tendon; Injury Management); Jrue Holiday (Injury/Illness - Right Calf; Strain); Scoot Henderson (Injury/Illness - Left Hamstring; Tear); Jerami Grant (Injury/Illness - Left Achilles; Tendonitis); Javonte Cooke (G League - Two-Way),,Robert Williams III (Injury/Illness - Left Knee; Injury Management); Kris Murray (Injury/Illness - Right Cervical; Soreness),Teammates OUT: 7,1.0,,OVER,142,0.0708,0.0,0.0,1.1,1.15,0.631,,,-120,120,0.65,,threes,0.3,0.3,,,,1766786834.0246358,odds_api,LAC @ POR
8f000e294202436b:pra:42.5:over,8f000e294202436b,Jalen Johnson,pra,over,42.5,c8523141aaa4ff1f5221721713a92dca,ATL,MIA,2025-12-27T00:10:00Z,ATL,MIA,True,4,False,50.11,0.5416,0.7637,0.6289,0.5042,0.5042,-115,-111,0.0067,0.2577,LOW,"{'minutes_trend': 0.973, 'usage_trend': 1.0574, 'team_usage': 1.06, 'rest': 1.02, 'home': 1.01}","minutes trend, usage trend, usage boost (injuries), extra rest, home",46.0,49.2,46.4,FLAT,10.591401124392267,0.7,0.6666666666666666,2,3,3,0,Kristaps Porzingis (Injury/Illness - N/A; Illness); Eli John Ndiaye (G League - Two-Way); N'Faly Dante (Injury/Illness - Right Knee; Torn ACL),Malik Williams (G League - Two-Way); Caleb Houstan (G League - Two-Way); Nikola Djurisic (G League - On Assignment),,Usage up; Teammates OUT: 3; Teammates Q: 3,1.0,,OVER,-115,0.061,0.0,0.0,1.05,1.0,0.2492,,,-120,120,0.65,,pra,0.507397,0.241351,,,,1766786834.0246358,odds_api,MIA @ ATL
938d8e1c6776330d:pra:24.5:under,938d8e1c6776330d,Andrew Wiggins,pra,under,24.5,c8523141aaa4ff1f5221721713a92dca,ATL,MIA,2025-12-27T00:10:00Z,MIA,ATL,False,4,False,18.71,0.5367,0.7506,0.6222,0.5,0.5,-113,-113,0.0062,0.2445,LOW,"{'minutes_trend': 0.9691, 'usage_trend': 0.867, 'team_usage': 1.075, 'rest': 1.02, 'pace': 1.02}","minutes trend, usage trend, usage boost (injuries), extra rest, fast pace",17.6,22.5,22.4,DOWN,8.553751613570894,0.8,0.7333333333333333,8,5,0,0,Tyler Herro (Injury/Illness - Right Big Toe; Contusion); Vladislav Goldin (G League - Two-Way); Bam Adebayo (Injury/Illness - Lower Back; Soreness); Jahmir Young (G League - Two-Way); Terry Rozier (Not With Team),,,Usage down; Teammates OUT: 5; Player status: AVAILABLE,1.0,,UNDER,-113,0.061,0.0,0.0,1.05,1.08,0.3491,,,-120,120,0.65,,pra,0.507397,0.241351,AVAILABLE,NBA Official Report,Injury/Illness - Lower Back; Pain,1766786834.0246358,odds_api,MIA @ ATL
650d10f8fbd660d6:threes:1.5:over,650d10f8fbd660d6,Zaccharie Risacher,threes,over,1.5,c8523141aaa4ff1f5221721713a92dca,ATL,MIA,2025-12-27T00:10:00Z,ATL,MIA,True,4,False,2.34,0.4408,0.7038,0.5111,0.4106,0.4106,130,-166,0.006,0.16,LOW,"{'minutes_trend': 0.9405, 'usage_trend': 1.1241, 'team_usage': 1.06, 'rest': 1.02, 'home': 1.01}","minutes trend, usage trend, usage boost (injuries), extra rest, home, high variance",2.4,1.3,1.4,UP,1.5670212364724214,0.4,0.4,3,3,3,0,Kristaps Porzingis (Injury/Illness - N/A; Illness); Eli John Ndiaye (G League - Two-Way); N'Faly Dante (Injury/Illness - Right Knee; Torn ACL),Malik Williams (G League - Two-Way); Caleb Houstan (G League - Two-Way); Nikola Djurisic (G League - On Assignment),,Usage up; Teammates OUT: 3; Teammates Q: 3,1.0,,OVER,130,0.0588,0.0,0.0,1.1,1.15,1.0447,,,-120,120,0.65,,threes,0.3,0.3,,,,1766786834.0246358,odds_api,MIA @ ATL
facb6803046eab5c:pra:25.5:over,facb6803046eab5c,Brandon Miller,pra,over,25.5,c4c6703488303b6b8ee37437a8910548,ORL,CHA,2025-12-27T00:10:00Z,CHA,ORL,False,4,False,32.75,0.5504,0.7735,0.6338,0.5146,0.5146,-120,-106,0.0049,0.2677,LOW,"{'minutes_trend': 1.1103, 'usage_trend': 0.924, 'team_usage': 1.08, 'rest': 1.02}","minutes trend, usage trend, usage boost (injuries), extra rest",31.2,27.2,25.642857142857142,UP,9.65861733836106,0.6,0.5,1,6,0,0,Grant Williams (Injury/Illness - Right Knee; Surgery); KJ Simpson (G League - Two-Way); Antonio Reeves (G League - Two-Way); Mason Plumlee (Injury/Illness - Right Groin; Strain); Liam McNeeley (G League - On Assignment); Ryan Kalkbrenner (Injury/Illness - Left Elbow; Sprain),,,Usage down; Teammates OUT: 6,1.0,,OVER,-120,0.06,0.0,0.0,1.05,1.08,0.3788,,,-120,120,0.65,,pra,0.507397,0.241351,,,,1766786834.0246358,odds_api,CHA @ ORL
650d10f8fbd660d6:rebounds:3.5:over,650d10f8fbd660d6,Zaccharie Risacher,rebounds,over,3.5,c8523141aaa4ff1f5221721713a92dca,ATL,MIA,2025-12-27T00:10:00Z,ATL,MIA,True,4,False,4.0,0.4145,0.5984,0.4795,0.3866,0.3866,144,-186,0.0046,0.17,LOW,"{'minutes_trend': 0.9405, 'usage_trend': 1.1241, 'team_usage': 1.06, 'rest': 1.02, 'home': 1.01}","minutes trend, usage trend, usage boost (injuries), extra rest, home, high variance",3.8,3.4,3.2666666666666666,UP,2.0110804171997807,0.3,0.26666666666666666,1,3,3,0,Kristaps Porzingis (Injury/Illness - N/A; Illness); Eli John Ndiaye (G League - Two-Way); N'Faly Dante (Injury/Illness - Right Knee; Torn ACL),Malik Williams (G League - Two-Way); Caleb Houstan (G League - Two-Way); Nikola Djurisic (G League - On Assignment),,Usage up; Teammates OUT: 3; Teammates Q: 3,1.0,,OVER,144,0.0602,0.0,0.0,0.95,1.15,0.5746,,,-120,120,0.65,,rebounds,0.3,0.3,,,,1766786834.0246358,odds_api,MIA @ ATL
ce02a0a873b2f402:pra:16.5:over,ce02a0a873b2f402,Carlton Carrington,pra,over,16.5,2452dd9a484d893bca40a2059218e2e3,WAS,TOR,2025-12-27T00:10:00Z,WAS,TOR,True,4,False,22.08,0.5302,0.7271,0.6103,0.4958,0.4958,-111,-115,0.0041,0.1875,LOW,"{'minutes_trend': 1.1411, 'usage_trend': 0.9381, 'team_usage': 1.035, 'rest': 1.02, 'home': 1.01, 'opp_def': 0.97}","minutes trend, usage trend, usage boost (injuries), extra rest, home, tough defense, high variance",22.0,21.6,18.666666666666668,UP,9.240009620004612,0.6,0.4,-1,2,1,0,Cam Whitmore (Injury/Illness - Right Shoulder; Deep Vein Thrombosis); Corey Kispert (Injury/Illness - Left Hamstring; Tightness),Justin Champagnie (Injury/Illness - N/a; illness),,Usage down; Teammates OUT: 2; Teammates Q: 1,1.0,,OVER,-111,0.061,0.0,0.0,1.05,1.15,0.56,,,-120,120,0.65,,pra,0.507397,0.241351,,,,1766786834.0246358,odds_api,TOR @ WAS
56366070652c315d:pra:27.5:over,56366070652c315d,Derrick White,pra,over,27.5,9cafdf413bd8f5b8971a72a3e7452df6,IND,BOS,2025-12-27T00:10:00Z,BOS,IND,False,5,False,34.33,0.5521,0.7656,0.6298,0.5188,0.5188,-122,-104,0.0025,0.2596,LOW,"{'minutes_trend': 1.0, 'usage_trend': 1.056, 'team_usage': 1.075, 'rest': 1.02, 'opp_def': 1.03, 'pace': 0.98}","minutes trend, usage trend, usage boost (injuries), extra rest, soft defense, slow pace",30.6,31.6,30.266666666666666,FLAT,9.430447143870397,0.7,0.6666666666666666,1,5,0,0,Chris Boucher (Personal Reasons); Amari Williams (G League - Two-Way); Jayson Tatum (Injury/Illness - Right Achilles; Repair); Max Shulga (G League - Two-Way); Ron Harper Jr. (G League - Two-Way),,,Usage up; Teammates OUT: 5,1.0,,OVER,-122,0.0594,0.0,0.0,1.05,1.08,0.3429,,,-120,120,0.65,,pra,0.507397,0.241351,,,,1766786834.0246358,odds_api,BOS @ IND
362deb2fd051446a:pra:39.5:over,362deb2fd051446a,Paolo Banchero,pra,over,39.5,c4c6703488303b6b8ee37437a8910548,ORL,CHA,2025-12-27T00:10:00Z,ORL,CHA,True,4,False,48.8,0.5478,0.7565,0.6252,0.5146,0.5146,-120,-106,0.0023,0.2504,LOW,"{'minutes_trend': 1.15, 'usage_trend': 1.0597, 'team_usage': 1.075, 'rest': 1.02, 'home': 1.01}","minutes trend, usage trend, usage boost (injuries), extra rest, home",38.0,30.5,32.86666666666667,UP,13.377011790547412,0.4,0.4,-1,5,0,0,Moritz Wagner (Injury/Illness - Left Knee; Injury recovery); Franz Wagner (Injury/Illness - Left High Ankle; Sprain); Jalen Suggs (Injury/Illness - Left Hip; Contusion); Colin Castleton (G League - Two-Way da); Goga Bitadze (Injury/Illness - Left Knee; Strain),,,Usage up; Teammates OUT: 5,1.0,,OVER,-120,0.06,0.0,0.0,1.05,1.08,0.3387,,,-120,120,0.65,,pra,0.507397,0.241351,,,,1766786834.0246358,odds_api,CHA @ ORL
195708c325c4c735:pra:42.5:over,195708c325c4c735,Jaylen Brown,pra,over,42.5,9cafdf413bd8f5b8971a72a3e7452df6,IND,BOS,2025-12-27T00:10:00Z,BOS,IND,False,5,False,44.96,0.5166,0.686,0.5894,0.4854,0.4854,-106,-120,0.0021,0.2,LOW,"{'minutes_trend': 1.0038, 'usage_trend': 0.9593, 'team_usage': 1.075, 'rest': 1.02, 'opp_def': 1.03, 'pace': 0.98}","minutes trend, usage trend, usage boost (injuries), extra rest, soft defense, slow pace",43.2,45.6,43.86666666666667,DOWN,5.081557066709201,0.7,0.6,-1,5,0,0,Chris Boucher (Personal Reasons); Amari Williams (G League - Two-Way); Jayson Tatum (Injury/Illness - Right Achilles; Repair); Max Shulga (G League - Two-Way); Ron Harper Jr. (G League - Two-Way),,,Teammates OUT: 5,1.0,,OVER,-106,0.06,0.0,0.0,1.05,0.9,0.1196,,,-120,120,0.65,,pra,0.507397,0.241351,,,,1766786834.0246358,odds_api,BOS @ IND
86c3c54ce38bd221:rebounds:3.5:over,86c3c54ce38bd221,Khris Middleton,rebounds,over,3.5,2452dd9a484d893bca40a2059218e2e3,WAS,TOR,2025-12-27T00:10:00Z,WAS,TOR,True,4,False,4.31,0.4365,0.6562,0.4969,0.4106,0.4106,130,-166,0.0017,0.17,LOW,"{'minutes_trend': 1.0027, 'usage_trend': 1.15, 'team_usage': 1.035, 'rest': 1.02, 'home': 1.01, 'opp_def': 0.97}","minutes trend, usage trend, usage boost (injuries), extra rest, home, tough defense, high variance",3.4,3.9,3.8666666666666667,FLAT,2.0248456731316584,0.5,0.4,-3,2,1,0,Cam Whitmore (Injury/Illness - Right Shoulder; Deep Vein Thrombosis); Corey Kispert (Injury/Illness - Left Hamstring; Tightness),Justin Champagnie (Injury/Illness - N/a; illness),,Usage up; Teammates OUT: 2; Teammates Q: 1,1.0,,OVER,130,0.0588,0.0,0.0,0.95,1.15,0.5785,,,-120,120,0.65,,rebounds,0.3,0.3,,,,1766786834.0246358,odds_api,TOR @ WAS
440168766d15343b:points:17.5:over,440168766d15343b,Kon Knueppel,points,over,17.5,c4c6703488303b6b8ee37437a8910548,ORL,CHA,2025-12-27T00:10:00Z,CHA,ORL,False,4,False,25.34,0.4964,0.8843,0.5653,0.4669,0.4669,102,-130,0.0014,0.2,LOW,"{'minutes_trend': 1.0138, 'usage_trend': 1.0531, 'team_usage': 1.08, 'rest': 1.02}","minutes trend, usage trend, usage boost (injuries), extra rest",23.0,21.4,20.4,UP,6.552353266829662,0.8,0.7333333333333333,6,6,0,0,Grant Williams (Injury/Illness - Right Knee; Surgery); KJ Simpson (G League - Two-Way); Antonio Reeves (G League - Two-Way); Mason Plumlee (Injury/Illness - Right Groin; Strain); Liam McNeeley (G League - On Assignment); Ryan Kalkbrenner (Injury/Illness - Left Elbow; Sprain),,,Usage up; Teammates OUT: 6,1.0,,OVER,102,0.0603,0.0,0.0,1.0,1.08,0.3744,,,-120,120,0.65,,points,0.3,0.3,,,,1766786834.0246358,odds_api,CHA @ ORL
e3ae9d94a2714cb0:pra:15.5:over,e3ae9d94a2714cb0,Anfernee Simons,pra,over,15.5,9cafdf413bd8f5b8971a72a3e7452df6,IND,BOS,2025-12-27T00:10:00Z,BOS,IND,False,5,False,17.92,0.5274,0.7088,0.601,0.4958,0.4958,-111,-115,0.0013,0.202,LOW,"{'minutes_trend': 1.0634, 'usage_trend': 0.9984, 'team_usage': 1.075, 'rest': 1.02, 'opp_def': 1.03, 'pace': 0.98}","minutes trend, usage trend, usage boost (injuries), extra rest, soft defense, slow pace",13.8,15.8,17.0,DOWN,4.391911757866827,0.6,0.6,-1,5,0,0,Chris Boucher (Personal Reasons); Amari Williams (G League - Two-Way); Jayson Tatum (Injury/Illness - Right Achilles; Repair); Max Shulga (G League - Two-Way); Ron Harper Jr. (G League - Two-Way),,,Teammates OUT: 5,1.0,,OVER,-111,0.061,0.0,0.0,1.05,1.0,0.2833,,,-120,120,0.65,,pra,0.507397,0.241351,,,,1766786834.0246358,odds_api,BOS @ IND
362deb2fd051446a:rebounds:8.5:over,362deb2fd051446a,Paolo Banchero,rebounds,over,8.5,c4c6703488303b6b8ee37437a8910548,ORL,CHA,2025-12-27T00:10:00Z,ORL,CHA,True,4,False,12.82,0.4866,0.8506,0.5552,0.4572,0.4572,106,-136,0.0012,0.184,LOW,"{'minutes_trend': 1.15, 'usage_trend': 1.0597, 'team_usage': 1.075, 'rest': 1.02, 'home': 1.01}","minutes trend, usage trend, usage boost (injuries), extra rest, home, high variance",10.2,7.8,8.266666666666667,UP,4.157990967870047,0.4,0.5333333333333333,-1,5,0,0,Moritz Wagner (Injury/Illness - Left Knee; Injury recovery); Franz Wagner (Injury/Illness - Left High Ankle; Sprain); Jalen Suggs (Injury/Illness - Left Hip; Contusion); Colin Castleton (G League - Two-Way da); Goga Bitadze (Injury/Illness - Left Knee; Strain),,,Usage up; Teammates OUT: 5,1.0,,OVER,106,0.0617,0.0,0.0,0.95,1.15,0.4892,,,-120,120,0.65,,rebounds,0.3,0.3,,,,1766786834.0246358,odds_api,CHA @ ORL
8e899df2ab8672fc:threes:2.5:over,8e899df2ab8672fc,Deni Avdija,threes,over,2.5,d634cf294ef9b80b7fabb5ab9f52173d,POR,LAC,2025-12-27T03:10:00Z,POR,LAC,True,4,False,2.57,0.3949,0.5289,0.4587,0.3676,0.3676,154,-210,0.0012,0.18,LOW,"{'minutes_trend': 1.067, 'usage_trend': 1.0245, 'team_usage': 1.08, 'rest': 1.02, 'home': 1.01, 'opp_def': 1.03, 'pace': 1.02}","minutes trend, usage trend, usage boost (injuries), extra rest, home, soft defense, fast pace, high variance",1.8,1.9,2.1333333333333333,FLAT,0.8755950357709131,0.3,0.3333333333333333,-2,7,0,2,Blake Wesley (Injury/Illness - Right Foot; Fracture); Matisse Thybulle (Injury/Illness - Left Thumb; Ligament Tear); Damian Lillard (Injury/Illness - Left Achilles Tendon; Injury Management); Jrue Holiday (Injury/Illness - Right Calf; Strain); Scoot Henderson (Injury/Illness - Left Hamstring; Tear); Jerami Grant (Injury/Illness - Left Achilles; Tendonitis); Javonte Cooke (G League - Two-Way),,Robert Williams III (Injury/Illness - Left Knee; Injury Management); Kris Murray (Injury/Illness - Right Cervical; Soreness),Teammates OUT: 7,1.0,,OVER,154,0.0711,0.0,0.0,1.1,1.08,0.3502,,,-120,120,0.65,,threes,0.3,0.3,,,,1766786834.0246358,odds_api,LAC @ POR
4656f7fbee62aa19:pra:25.5:under,4656f7fbee62aa19,Collin Gillespie,pra,under,25.5,5e1430770a9b7fe84382e690d0a936c3,NOP,PHX,2025-12-27T01:00:00Z,PHX,NOP,False,4,False,20.36,0.5359,0.7266,0.61,0.5042,0.5042,-111,-115,0.001,0.2201,LOW,"{'minutes_trend': 1.0148, 'usage_trend': 0.85, 'team_usage': 1.03, 'rest': 1.02, 'opp_def': 1.03}","minutes trend, usage trend, usage boost (injuries), extra rest, soft defense",21.6,23.7,24.933333333333334,DOWN,8.525126261691247,0.5,0.4666666666666667,-1,2,0,0,Jalen Green (Injury/Illness - Right Hamstring; Strain); Grayson Allen (Injury/Illness - Right Knee; Injury Management),,,Usage down; Teammates OUT: 2,1.0,,UNDER,-115,0.061,0.0,0.0,1.05,1.08,0.3343,,,-120,120,0.65,,pra,0.507397,0.241351,,,,1766786834.0246358,odds_api,PHX @ NOP
7248a5865a57d720:threes:2.5:over,7248a5865a57d720,Brandon Ingram,threes,over,2.5,2452dd9a484d893bca40a2059218e2e3,WAS,TOR,2025-12-27T00:10:00Z,TOR,WAS,False,4,False,2.81,0.4173,0.5779,0.4734,0.3933,0.3933,140,-180,0.0006,0.16,LOW,"{'minutes_trend': 0.9677, 'usage_trend': 0.9307, 'team_usage': 1.075, 'rest': 1.02, 'opp_def': 1.03}","minutes trend, usage trend, usage boost (injuries), extra rest, soft defense, high variance",3.4,2.6,2.466666666666667,UP,1.577621275493231,0.6,0.4666666666666667,-1,4,3,0,Jakob Poeltl (Injury/Illness - Back; Lower back - strain); Alijah Martin (G League - Two-Way); Chucky Hepburn (G League - Two-Way); RJ Barrett (Injury/Illness - Right Knee; Sprain),Collin Murray-Boyles (Injury/Illness - Illness; Illness); A.J. Lawson (G League - Two-Way); Scottie Barnes (Injury/Illness - N/a; Illness),,Usage down; Teammates OUT: 4; Teammates Q: 3,1.0,,OVER,140,0.0595,0.0,0.0,1.1,1.15,0.631,,,-120,120,0.65,,threes,0.3,0.3,,,,1766786834.0246358,odds_api,TOR @ WAS
